station_id,state,state_name,station_name,place_name,latitude,longitude,coordinate_source,geometry_precision,monitoring_year_start,monitoring_year_end,years_with_data_count,approved_sample_count,approved_dose_reading_count,dose_equivalent_rate_avg_nsvh,dose_equivalent_rate_p95_nsvh,dose_equivalent_rate_max_nsvh,gamma_count_rate_total_avg_cpm,background_radiation_band,dominant_radiation_profile,source_dataset,location_name,total_sample_count,first_sample_at_utc,last_sample_at_utc,dose_equivalent_rate_min_nsvh,dose_equivalent_rate_median_nsvh,archive_zip_file,archive_zip_url,r02_avg_cpm,r03_avg_cpm,r04_avg_cpm,r05_avg_cpm,r06_avg_cpm,r07_avg_cpm,r08_avg_cpm,r09_avg_cpm
radnet-ak-anchorage,AK,Alaska,Anchorage,Anchorage,61.17425,-149.284329,Census Gazetteer 2024 place centroid matched to EPA RadNet station city,place_centroid,2008,2025,18,122779,67778,33.57,40,97,1723.81,Lower background gamma,Ambient gamma exposure monitor,EPA RadNet near-real-time air monitor archives,AK: ANCHORAGE,122779,2008-06-05T00:49:00+00:00,2025-12-05T22:34:00+00:00,0,33,data\raw\radiation\epa_radnet\zips\ak_anchorage_2025-2008.zip,https://www.epa.gov/system/files/other-files/2026-02/ak_anchorage_2025-2008.zip,851.44,470.67,142.72,76.19,47.07,63.04,46.7,25.99
radnet-ak-fairbanks,AK,Alaska,Fairbanks,Fairbanks,64.836531,-147.651745,Census Gazetteer 2024 place centroid matched to EPA RadNet station city,place_centroid,2009,2025,16,105675,65538,38.48,46,203,2212.61,Lower background gamma,Ambient gamma exposure monitor,EPA RadNet near-real-time air monitor archives,AK: FAIRBANKS,105675,2009-02-24T22:29:00+00:00,2025-12-31T23:24:00+00:00,0,38,data\raw\radiation\epa_radnet\zips\ak_fairbanks_2025-2009.zip,https://www.epa.gov/system/files/other-files/2026-02/ak_fairbanks_2025-2009.zip,1065.78,616.45,181.91,104.85,64.5,86.78,58.76,33.6
radnet-ak-juneau,AK,Alaska,Juneau,Juneau,58.37291,-134.178445,Census Gazetteer 2024 place centroid matched to EPA RadNet station city,place_centroid,2010,2025,16,112264,18645,34.49,40,99,2218.4,Lower background gamma,Ambient gamma exposure monitor,EPA RadNet near-real-time air monitor archives,AK: JUNEAU,112264,2010-07-29T20:04:00+00:00,2025-12-28T16:23:00+00:00,15,34,data\raw\radiation\epa_radnet\zips\ak_juneau_2025-2010.zip,https://www.epa.gov/system/files/other-files/2026-02/ak_juneau_2025-2010.zip,1109.94,599.47,185.47,98.32,64.51,80.39,49.45,30.88
radnet-al-birmingham,AL,Alabama,Birmingham,Birmingham,33.527174,-86.797036,Census Gazetteer 2024 place centroid matched to EPA RadNet station city,place_centroid,2007,2025,19,139879,75493,53.73,61,138,4053.99,Mid background gamma,Ambient gamma exposure monitor,EPA RadNet near-real-time air monitor archives,AL: BIRMINGHAM,139879,2007-04-19T22:16:00+00:00,2025-12-31T23:55:00+00:00,44,53,data\raw\radiation\epa_radnet\zips\al_birmingham_2025-2007.zip,https://www.epa.gov/system/files/other-files/2026-02/al_birmingham_2025-2007.zip,2138.29,1114.81,310.19,169.37,100.22,114.94,68.94,37.24
radnet-al-mobile,AL,Alabama,Mobile,Mobile,30.668246,-88.107853,Census Gazetteer 2024 place centroid matched to EPA RadNet station city,place_centroid,2015,2025,11,71257,51635,43.79,50,95,3610.85,Lower background gamma,Ambient gamma exposure monitor,EPA RadNet near-real-time air monitor archives,AL: MOBILE,71257,2015-08-03T19:54:00+00:00,2025-12-31T23:03:00+00:00,36,43,data\raw\radiation\epa_radnet\zips\al_mobile_2025-2015.zip,https://www.epa.gov/system/files/other-files/2026-02/al_mobile_2025-2015.zip,1789.83,1055.01,301.48,151.5,95.73,108.25,76.62,32.42
radnet-al-montgomery,AL,Alabama,Montgomery,Montgomery,32.348503,-86.267307,Census Gazetteer 2024 place centroid matched to EPA RadNet station city,place_centroid,2006,2025,19,118981,73238,50,57,156,3870.28,Mid background gamma,Ambient gamma exposure monitor,EPA RadNet near-real-time air monitor archives,AL: MONTGOMERY,118981,2006-06-07T15:05:00+00:00,2025-12-31T23:47:00+00:00,0,49,data\raw\radiation\epa_radnet\zips\al_montgomery_2025-2006.zip,https://www.epa.gov/system/files/other-files/2026-02/al_montgomery_2025-2006.zip,2000,1027.93,300.41,167.48,110.66,129.58,88.07,46.52
radnet-ar-fort_smith,AR,Arkansas,Fort Smith,Fort Smith,35.349276,-94.370883,Census Gazetteer 2024 place centroid matched to EPA RadNet station city,place_centroid,2009,2025,17,109455,15746,62.78,67,116,4592.78,Higher background gamma,Ambient gamma exposure monitor,EPA RadNet near-real-time air monitor archives,AR: FORT SMITH,109455,2009-02-24T20:45:00+00:00,2025-12-31T23:51:00+00:00,56,62,data\raw\radiation\epa_radnet\zips\ar_fort_smith_2025-2008.zip,https://www.epa.gov/system/files/other-files/2026-02/ar_fort_smith_2025-2008.zip,2150.93,1359.32,402.88,220.02,142.25,171.84,109.92,35.73
radnet-ar-little_rock,AR,Arkansas,Little Rock,Little Rock,34.725393,-92.358556,Census Gazetteer 2024 place centroid matched to EPA RadNet station city,place_centroid,2008,2025,18,135810,47313,89.21,103,147,8056.44,Higher background gamma,Ambient gamma exposure monitor,EPA RadNet near-real-time air monitor archives,AR: LITTLE ROCK,135810,2008-07-28T17:36:00+00:00,2025-12-31T23:24:00+00:00,63,88,data\raw\radiation\epa_radnet\zips\ar_little_rock_2025-2008.zip,https://www.epa.gov/system/files/other-files/2026-02/ar_little_rock_2025-2008.zip,3904.04,2365.38,686.41,360.59,233.81,280.48,167.77,57.96
radnet-az-phoenix,AZ,Arizona,Phoenix,Phoenix,33.572154,-112.090132,Census Gazetteer 2024 place centroid matched to EPA RadNet station city,place_centroid,2007,2025,19,116361,72081,85.74,94,156,6224.18,Higher background gamma,Ambient gamma exposure monitor,EPA RadNet near-real-time air monitor archives,AZ: PHOENIX,116361,2007-03-23T19:08:00+00:00,2025-12-31T23:42:00+00:00,0,87,data\raw\radiation\epa_radnet\zips\az_phoenix_2025-2007.zip,https://www.epa.gov/system/files/other-files/2026-02/az_phoenix_2025-2007.zip,3039.04,1772.13,527.5,291.35,191,223.08,138.38,41.74
radnet-az-tucson,AZ,Arizona,Tucson,Tucson,32.153036,-110.870773,Census Gazetteer 2024 place centroid matched to EPA RadNet station city,place_centroid,2008,2025,18,132890,20476,70.96,77,144,6021.7,Higher background gamma,Ambient gamma exposure monitor,EPA RadNet near-real-time air monitor archives,AZ: TUCSON,132890,2008-11-13T17:39:00+00:00,2025-12-31T23:08:00+00:00,63,70,data\raw\radiation\epa_radnet\zips\az_tucson_2024-2008.zip,https://www.epa.gov/system/files/other-files/2025-02/az_tucson_2024-2008.zip,3031.65,1701.09,480.85,262.17,164.39,206.56,129.86,45.34
radnet-az-yuma,AZ,Arizona,Yuma,Yuma,32.516286,-114.521782,Census Gazetteer 2024 place centroid matched to EPA RadNet station city,place_centroid,2010,2025,15,72736,39362,79.09,88,139,6006.42,Higher background gamma,Ambient gamma exposure monitor,EPA RadNet near-real-time air monitor archives,AZ: YUMA,72736,2010-04-16T20:15:00+00:00,2025-08-20T18:12:00+00:00,4,79,data\raw\radiation\epa_radnet\zips\az_yuma_2025-2010.zip,https://www.epa.gov/system/files/other-files/2026-02/az_yuma_2025-2010.zip,3007.16,1734.04,498.33,255.01,163.87,193.94,111.08,43.22
radnet-ca-anaheim,CA,California,Anaheim,Anaheim,33.855502,-117.758657,Census Gazetteer 2024 place centroid matched to EPA RadNet station city,place_centroid,2007,2025,19,143572,60698,69.89,77,115,5838.55,Higher background gamma,Ambient gamma exposure monitor,EPA RadNet near-real-time air monitor archives,CA: ANAHEIM,143572,2007-03-29T04:11:00+00:00,2025-12-31T23:10:00+00:00,48,69,data\raw\radiation\epa_radnet\zips\ca_anaheim_2025-2007.zip,https://www.epa.gov/system/files/other-files/2026-02/ca_anaheim_2025-2007.zip,2911.43,1622.64,489.87,266.03,181.77,208.62,115.69,42.48
radnet-ca-bakersfield,CA,California,Bakersfield,Bakersfield,35.353171,-119.037919,Census Gazetteer 2024 place centroid matched to EPA RadNet station city,place_centroid,2009,2025,17,119785,48989,68.89,116,240,5170.65,Higher background gamma,Ambient gamma exposure monitor,EPA RadNet near-real-time air monitor archives,CA: BAKERSFIELD,119785,2009-02-17T22:01:00+00:00,2025-12-20T02:47:00+00:00,0,59,data\raw\radiation\epa_radnet\zips\ca_bakersfield_2024-2009.zip,https://www.epa.gov/system/files/other-files/2025-02/ca_bakersfield_2024-2009.zip,2610.48,1502.39,423.9,222.91,128.74,156.15,89.45,36.7
radnet-ca-eureka,CA,California,Eureka,Eureka,40.797594,-124.154191,Census Gazetteer 2024 place centroid matched to EPA RadNet station city,place_centroid,2009,2025,17,127571,36323,37.57,41,59,3505.75,Lower background gamma,Ambient gamma exposure monitor,EPA RadNet near-real-time air monitor archives,CA: EUREKA,127571,2009-06-04T02:25:00+00:00,2025-12-31T23:03:00+00:00,31,37,data\raw\radiation\epa_radnet\zips\ca_eureka_2025-2009.zip,https://www.epa.gov/system/files/other-files/2026-02/ca_eureka_2025-2009.zip,1660.97,1038.81,322.84,162.26,100.46,118.36,72.43,29.78
radnet-ca-fresno,CA,California,Fresno,Fresno,36.782684,-119.793359,Census Gazetteer 2024 place centroid matched to EPA RadNet station city,place_centroid,2007,2025,17,99728,25848,52.34,58,113,6139,Mid background gamma,Ambient gamma exposure monitor,EPA RadNet near-real-time air monitor archives,CA: FRESNO,99728,2007-08-06T21:19:00+00:00,2025-12-31T23:09:00+00:00,44,52,data\raw\radiation\epa_radnet\zips\ca_fresno_2025-2007.zip,https://www.epa.gov/system/files/other-files/2026-02/ca_fresno_2025-2007.zip,3120.2,1733.65,489.21,269.67,166.68,192.11,115.21,52.29
radnet-ca-los_angeles,CA,California,Los Angeles,Los Angeles,34.019394,-118.410825,Census Gazetteer 2024 place centroid matched to EPA RadNet station city,place_centroid,2007,2025,19,136712,70554,74.9,79,96,5801.62,Higher background gamma,Ambient gamma exposure monitor,EPA RadNet near-real-time air monitor archives,CA: LOS ANGELES,136712,2007-03-05T19:54:00+00:00,2025-12-31T23:06:00+00:00,0,75,data\raw\radiation\epa_radnet\zips\ca_los_angeles_2025-2007.zip,https://www.epa.gov/system/files/other-files/2026-02/ca_los_angeles_2025-2007.zip,2913.77,1619.14,478.07,256,171.98,197.15,121.72,43.84
radnet-ca-riverside,CA,California,Riverside,Riverside,33.938143,-117.393168,Census Gazetteer 2024 place centroid matched to EPA RadNet station city,place_centroid,2007,2025,19,150792,6715,79.48,83,94,6036.47,Higher background gamma,Ambient gamma exposure monitor,EPA RadNet near-real-time air monitor archives,CA: RIVERSIDE,150792,2007-03-02T20:55:00+00:00,2025-12-31T23:30:00+00:00,73,79,data\raw\radiation\epa_radnet\zips\ca_riverside_2025-2007.zip,https://www.epa.gov/system/files/other-files/2026-02/ca_riverside_2025-2007.zip,3025.8,1738.1,488.36,258.67,167.18,191.03,122.01,45.32
radnet-ca-sacramento,CA,California,Sacramento,Sacramento,38.567694,-121.468161,Census Gazetteer 2024 place centroid matched to EPA RadNet station city,place_centroid,2008,2025,18,121576,18187,33.43,38,60,2532.86,Lower background gamma,Ambient gamma exposure monitor,EPA RadNet near-real-time air monitor archives,CA: SACRAMENTO,121576,2008-12-12T22:25:00+00:00,2025-12-31T23:59:00+00:00,0,33,data\raw\radiation\epa_radnet\zips\ca_sacramento_2025-2008.zip,https://www.epa.gov/system/files/other-files/2026-02/ca_sacramento_2025-2008.zip,1249.22,726.49,207.07,116.49,66.6,83.6,57.19,26.25
radnet-ca-san_bernardino,CA,California,San Bernardino,San Bernardino,34.14114,-117.294635,Census Gazetteer 2024 place centroid matched to EPA RadNet station city,place_centroid,2007,2025,19,148789,25333,72.47,89,209,6297.11,Higher background gamma,Ambient gamma exposure monitor,EPA RadNet near-real-time air monitor archives,CA: SAN BERNARDINO,148789,2007-03-01T20:27:00+00:00,2025-12-31T23:14:00+00:00,0,69,data\raw\radiation\epa_radnet\zips\ca_san_bernardino_2025-2008.zip,https://www.epa.gov/system/files/other-files/2026-02/ca_san_bernardino_2025-2008.zip,3135.42,1769.97,515.33,282.73,188.5,218.25,133.46,53.45
radnet-ca-san_diego,CA,California,San Diego,San Diego,32.814977,-117.135562,Census Gazetteer 2024 place centroid matched to EPA RadNet station city,place_centroid,2006,2025,20,141889,76766,99.7,110,154,7154.19,Higher background gamma,Ambient gamma exposure monitor,EPA RadNet near-real-time air monitor archives,CA: SAN DIEGO,141889,2006-06-12T19:02:00+00:00,2025-12-31T23:16:00+00:00,0,101,data\raw\radiation\epa_radnet\zips\ca_san_diego_2025-2006.zip,https://www.epa.gov/system/files/other-files/2026-02/ca_san_diego_2025-2006.zip,3402.2,1874.56,556.25,284.64,192.92,290.47,430.08,123.07
radnet-ca-san_francisco,CA,California,San Francisco,San Francisco,37.727239,-123.032229,Census Gazetteer 2024 place centroid matched to EPA RadNet station city,place_centroid,2006,2025,20,154838,37199,45.75,105,148,3418.16,Mid background gamma,Ambient gamma exposure monitor,EPA RadNet near-real-time air monitor archives,CA: SAN FRANCISCO,154838,2006-07-31T16:50:00+00:00,2025-12-31T23:09:00+00:00,0,32,data\raw\radiation\epa_radnet\zips\ca_san_francisco_2025-2006.zip,https://www.epa.gov/system/files/other-files/2026-02/ca_san_francisco_2025-2006.zip,1643.82,953.61,294.1,168.08,117.12,132.99,82.17,26.59
radnet-ca-san_jose,CA,California,San Jose,San Jose,37.296011,-121.814552,Census Gazetteer 2024 place centroid matched to EPA RadNet station city,place_centroid,2006,2025,20,143823,74902,44.42,48,92,3801.84,Lower background gamma,Ambient gamma exposure monitor,EPA RadNet near-real-time air monitor archives,CA: SAN JOSE,143823,2006-11-06T22:39:00+00:00,2025-12-31T23:00:00+00:00,0,44,data\raw\radiation\epa_radnet\zips\ca_san_jose_2025-2006.zip,https://www.epa.gov/system/files/other-files/2026-02/ca_san_jose_2025-2006.zip,1883.35,1053.81,310.32,172.32,112.17,136.96,93.55,39.39
radnet-co-colorado_springs,CO,Colorado,Colorado Springs,Colorado Springs,38.867255,-104.760749,Census Gazetteer 2024 place centroid matched to EPA RadNet station city,place_centroid,2008,2025,18,116379,1595,127.81,136,160,9144.08,Higher background gamma,Ambient gamma exposure monitor,EPA RadNet near-real-time air monitor archives,CO: COLORADO SPRINGS,116379,2008-11-13T17:35:00+00:00,2025-12-31T23:12:00+00:00,114,128,data\raw\radiation\epa_radnet\zips\co_colorado_springs_2025-2008.zip,https://www.epa.gov/system/files/other-files/2026-02/co_colorado_springs_2025-2008.zip,4442.14,2676.19,770.48,411.81,256.44,313.9,188.98,84.23
radnet-co-denver,CO,Colorado,Denver,Denver,39.76185,-104.881105,Census Gazetteer 2024 place centroid matched to EPA RadNet station city,place_centroid,2006,2025,20,151324,4,0,0,0,5954.72,Lower background gamma,Ambient gamma exposure monitor,EPA RadNet near-real-time air monitor archives,CO: DENVER,151324,2006-08-20T19:14:00+00:00,2025-12-31T23:25:00+00:00,0,0,data\raw\radiation\epa_radnet\zips\co_denver_2025-2006.zip,https://www.epa.gov/system/files/other-files/2026-02/co_denver_2025-2006.zip,3144.79,1616,467.6,248.36,158.93,177.28,97.2,44.64
radnet-co-grand_junction,CO,Colorado,Grand Junction,Grand Junction,39.089062,-108.567452,Census Gazetteer 2024 place centroid matched to EPA RadNet station city,place_centroid,2010,2025,16,97898,,,,,6513.42,Dose unavailable,Gamma count-only monitor,EPA RadNet near-real-time air monitor archives,CO: GRAND JUNCTION,97898,2010-03-19T15:14:00+00:00,2025-12-31T23:55:00+00:00,,,data\raw\radiation\epa_radnet\zips\co_grand_junction_2025-2010.zip,https://www.epa.gov/system/files/other-files/2026-02/co_grand_junction_2025-2010.zip,3185.89,1954.09,549.02,285.91,167.64,206.45,116.92,50.45
radnet-ct-hartford,CT,Connecticut,Hartford,Hartford,41.765933,-72.681579,Census Gazetteer 2024 place centroid matched to EPA RadNet station city,place_centroid,2006,2025,19,124759,6,0,0,0,5890.79,Lower background gamma,Ambient gamma exposure monitor,EPA RadNet near-real-time air monitor archives,CT: HARTFORD,124759,2006-11-02T20:00:00+00:00,2025-12-31T23:48:00+00:00,0,0,data\raw\radiation\epa_radnet\zips\ct_hartford_2025-2006.zip,https://www.epa.gov/system/files/other-files/2026-02/ct_hartford_2025-2006.zip,2817.83,1699.58,567.65,300.63,184.55,189.52,93.04,37.98
radnet-dc-washington,DC,District of Columbia,Washington,Washington,38.904247,-77.016517,Census Gazetteer 2024 place centroid matched to EPA RadNet station city,place_centroid,2006,2025,20,153204,73604,31.31,40,135,2887.59,Lower background gamma,Ambient gamma exposure monitor,EPA RadNet near-real-time air monitor archives,DC: WASHINGTON,153204,2006-07-19T17:37:00+00:00,2025-12-31T23:50:00+00:00,0,30,data\raw\radiation\epa_radnet\zips\dc_washington_2025-2006.zip,https://www.epa.gov/system/files/other-files/2026-02/dc_washington_2025-2006.zip,1528.52,744.84,213.73,126.18,81.56,96.94,60.11,35.77
radnet-de-dover,DE,Delaware,Dover,Dover,39.160602,-75.521659,Census Gazetteer 2024 place centroid matched to EPA RadNet station city,place_centroid,2008,2025,18,109571,35432,47.64,65,156,3212.38,Mid background gamma,Ambient gamma exposure monitor,EPA RadNet near-real-time air monitor archives,DE: DOVER,109571,2008-12-18T22:05:00+00:00,2025-12-31T23:19:00+00:00,36,45,data\raw\radiation\epa_radnet\zips\de_dover_2025-2008.zip,https://www.epa.gov/system/files/other-files/2026-02/de_dover_2025-2008.zip,1556.62,915.42,281.78,150.57,95.05,117.75,69.62,25.56
radnet-fl-jacksonville,FL,Florida,Jacksonville,Jacksonville,30.336864,-81.661603,Census Gazetteer 2024 place centroid matched to EPA RadNet station city,place_centroid,2007,2025,19,112395,46509,42.53,84,172,2781.8,Lower background gamma,Ambient gamma exposure monitor,EPA RadNet near-real-time air monitor archives,FL: JACKSONVILLE,112395,2007-08-15T18:21:00+00:00,2025-12-31T23:56:00+00:00,30,36,data\raw\radiation\epa_radnet\zips\fl_jacksonville_2025-2007.zip,https://www.epa.gov/system/files/other-files/2026-02/fl_jacksonville_2025-2007.zip,1389.87,772.51,229.67,123.37,80.87,98.76,61.23,25.52
radnet-fl-miami,FL,Florida,Miami,Miami,25.775163,-80.208615,Census Gazetteer 2024 place centroid matched to EPA RadNet station city,place_centroid,2007,2025,19,115764,39819,50.65,75,121,4840.49,Mid background gamma,Ambient gamma exposure monitor,EPA RadNet near-real-time air monitor archives,FL: MIAMI,115764,2007-04-10T20:40:00+00:00,2025-12-31T23:07:00+00:00,0,48,data\raw\radiation\epa_radnet\zips\fl_miami_2025-2007.zip,https://www.epa.gov/system/files/other-files/2026-02/fl_miami_2025-2007.zip,2401.27,1374.25,448.53,231.09,135.33,140.24,70.92,39.11
radnet-fl-orlando,FL,Florida,Orlando,Orlando,28.40865,-81.254805,Census Gazetteer 2024 place centroid matched to EPA RadNet station city,place_centroid,2007,2025,19,127934,30273,31.32,34,85,3000.17,Lower background gamma,Ambient gamma exposure monitor,EPA RadNet near-real-time air monitor archives,FL: ORLANDO,127934,2007-04-12T18:45:00+00:00,2025-12-31T23:12:00+00:00,0,31,data\raw\radiation\epa_radnet\zips\fl_orlando_2025-2007.zip,https://www.epa.gov/system/files/other-files/2026-02/fl_orlando_2025-2007.zip,1506.54,851.26,249.05,131.65,80.79,94.42,56.45,30.03
radnet-fl-tallahassee,FL,Florida,Tallahassee,Tallahassee,30.453529,-84.252272,Census Gazetteer 2024 place centroid matched to EPA RadNet station city,place_centroid,2009,2025,17,116761,68559,55.13,61,114,4812.41,Mid background gamma,Ambient gamma exposure monitor,EPA RadNet near-real-time air monitor archives,FL: TALLAHASSEE,116761,2009-05-14T09:45:00+00:00,2025-12-31T23:09:00+00:00,0,55,data\raw\radiation\epa_radnet\zips\fl_tallahassee_2025-2009.zip,https://www.epa.gov/system/files/other-files/2026-02/fl_tallahassee_2025-2009.zip,2375.27,1404.53,406.56,213.64,125.93,146.46,88.82,51.25
radnet-fl-tampa,FL,Florida,Tampa,Tampa,27.970086,-82.479673,Census Gazetteer 2024 place centroid matched to EPA RadNet station city,place_centroid,2008,2025,18,119157,64653,31.12,35,67,2249.27,Lower background gamma,Ambient gamma exposure monitor,EPA RadNet near-real-time air monitor archives,FL: TAMPA,119157,2008-02-14T19:15:00+00:00,2025-12-31T23:00:00+00:00,0,32,data\raw\radiation\epa_radnet\zips\fl_tampa_2025-2008.zip,https://www.epa.gov/system/files/other-files/2026-02/fl_tampa_2025-2008.zip,1061.5,607.01,184.52,105.95,68.23,97.02,75.02,50.02
radnet-ga-atlanta,GA,Georgia,Atlanta,Atlanta,33.762909,-84.422675,Census Gazetteer 2024 place centroid matched to EPA RadNet station city,place_centroid,2006,2025,20,134276,52210,73.75,85,174,6042.59,Higher background gamma,Ambient gamma exposure monitor,EPA RadNet near-real-time air monitor archives,GA: ATLANTA,134276,2006-07-17T19:52:00+00:00,2025-12-31T23:18:00+00:00,58,72,data\raw\radiation\epa_radnet\zips\ga_atlanta_2025-2006.zip,https://www.epa.gov/system/files/other-files/2026-02/ga_atlanta_2025-2006.zip,3043.36,1588.18,469.04,257.61,180.71,236.45,198.45,68.82
radnet-ga-augusta,GA,Georgia,Augusta-Richmond County,Augusta-Richmond County,33.365531,-82.073422,Census Gazetteer 2024 place centroid matched to EPA RadNet station city,place_centroid,2008,2025,18,129614,49073,68.05,80,167,6797.79,Higher background gamma,Ambient gamma exposure monitor,EPA RadNet near-real-time air monitor archives,GA: AUGUSTA,129614,2008-08-12T20:11:00+00:00,2025-12-31T23:22:00+00:00,0,70,data\raw\radiation\epa_radnet\zips\ga_augusta_2025-2008.zip,https://www.epa.gov/system/files/other-files/2026-02/ga_augusta_2025-2008.zip,3433.15,1985.71,552.38,286.82,174.45,186.29,120.34,58.66
radnet-hi-honolulu,HI,Hawaii,Urban Honolulu,Urban Honolulu,21.324347,-157.84764,Census Gazetteer 2024 place centroid matched to EPA RadNet station city,place_centroid,2008,2025,17,127047,51945,32.07,34,51,2051.74,Lower background gamma,Ambient gamma exposure monitor,EPA RadNet near-real-time air monitor archives,HI: HONOLULU,127047,2008-04-22T22:25:00+00:00,2025-12-31T23:59:00+00:00,0,32,data\raw\radiation\epa_radnet\zips\hi_honolulu_2025-2008.zip,https://www.epa.gov/system/files/other-files/2026-02/hi_honolulu_2025-2008.zip,995.21,532.99,168.77,93.99,63.04,83.46,64.25,50.09
radnet-ia-des_moines,IA,Iowa,Des Moines,Des Moines,41.57259,-93.610243,Census Gazetteer 2024 place centroid matched to EPA RadNet station city,place_centroid,2007,2025,19,142742,7309,48.13,58,250,3957.18,Mid background gamma,Ambient gamma exposure monitor,EPA RadNet near-real-time air monitor archives,IA: DES MOINES,142742,2007-10-26T19:06:00+00:00,2025-12-31T23:18:00+00:00,5,47,data\raw\radiation\epa_radnet\zips\ia_des_moines_2025-2007.zip,https://www.epa.gov/system/files/other-files/2026-02/ia_des_moines_2025-2007.zip,1874.4,1152.45,337.38,195.97,134.6,139.02,85.64,37.73
radnet-ia-fort_madison,IA,Iowa,Fort Madison,Fort Madison,40.621463,-91.346257,Census Gazetteer 2024 place centroid matched to EPA RadNet station city,place_centroid,2016,2025,10,51338,16738,40.2,59,136,4518.2,Lower background gamma,Ambient gamma exposure monitor,EPA RadNet near-real-time air monitor archives,IA: FORT MADISON,51338,2016-09-02T18:19:00+00:00,2025-12-31T23:51:00+00:00,0,46,data\raw\radiation\epa_radnet\zips\ia_fort_madison_2025-2016.zip,https://www.epa.gov/system/files/other-files/2026-02/ia_fort_madison_2025-2016.zip,2095.7,1287.25,386.59,221.84,144.51,192.32,131.38,58.6
radnet-ia-mason_city,IA,Iowa,Mason City,Mason City,43.147762,-93.200403,Census Gazetteer 2024 place centroid matched to EPA RadNet station city,place_centroid,2009,2025,17,117119,36008,69.87,135,231,5157.28,Higher background gamma,Ambient gamma exposure monitor,EPA RadNet near-real-time air monitor archives,IA: MASON CITY,117119,2009-09-15T17:53:00+00:00,2025-12-31T23:49:00+00:00,43,60,data\raw\radiation\epa_radnet\zips\ia_mason_city_2025-2009.zip,https://www.epa.gov/system/files/other-files/2026-02/ia_mason_city_2025-2009.zip,2357.06,1589.39,470.76,250.39,150.57,185.15,110.26,43.7
radnet-id-boise,ID,Idaho,Boise City,Boise City,43.599335,-116.229817,Census Gazetteer 2024 place centroid matched to EPA RadNet station city,place_centroid,2012,2025,14,103138,13516,71.12,80,194,5327.34,Higher background gamma,Ambient gamma exposure monitor,EPA RadNet near-real-time air monitor archives,ID: BOISE,103138,2012-10-17T22:06:00+00:00,2025-12-31T23:55:00+00:00,61,70,data\raw\radiation\epa_radnet\zips\id_boise_2025-2012.zip,https://www.epa.gov/system/files/other-files/2026-02/id_boise_2025-2012.zip,2717.44,1549.27,430.85,224.77,128.5,151.31,92.64,32.56
radnet-id-idaho_falls,ID,Idaho,Idaho Falls,Idaho Falls,43.489616,-112.03534,Census Gazetteer 2024 place centroid matched to EPA RadNet station city,place_centroid,2008,2025,18,133822,47231,102.8,128,231,6555.66,Higher background gamma,Ambient gamma exposure monitor,EPA RadNet near-real-time air monitor archives,ID: IDAHO FALLS,133822,2008-06-19T18:15:00+00:00,2025-12-31T23:02:00+00:00,63,102,data\raw\radiation\epa_radnet\zips\id_idaho_falls_2025-2008.zip,https://www.epa.gov/system/files/other-files/2026-02/id_idaho_falls_2025-2008.zip,3242.03,1900.57,553.22,298.96,177.29,208.2,127.8,47.6
radnet-il-aurora,IL,Illinois,Aurora,Aurora,41.763455,-88.290099,Census Gazetteer 2024 place centroid matched to EPA RadNet station city,place_centroid,2009,2025,17,125415,21878,53.57,60,135,3664.61,Mid background gamma,Ambient gamma exposure monitor,EPA RadNet near-real-time air monitor archives,IL: AURORA,125415,2009-10-08T18:14:00+00:00,2025-12-31T23:07:00+00:00,0,53,data\raw\radiation\epa_radnet\zips\il_aurora_2025-2009.zip,https://www.epa.gov/system/files/other-files/2026-02/il_aurora_2025-2009.zip,1803.01,1047.75,306.48,168.7,100.61,130.98,72.41,34.69
radnet-il-champaign,IL,Illinois,Champaign,Champaign,40.114099,-88.274619,Census Gazetteer 2024 place centroid matched to EPA RadNet station city,place_centroid,2012,2025,14,103289,57209,68.92,92,179,4905.48,Higher background gamma,Ambient gamma exposure monitor,EPA RadNet near-real-time air monitor archives,IL: CHAMPAIGN,103289,2012-08-29T20:02:00+00:00,2025-12-31T23:17:00+00:00,48,67,data\raw\radiation\epa_radnet\zips\il_champaign_2025-2012.zip,https://www.epa.gov/system/files/other-files/2026-02/il_champaign_2025-2012.zip,2343.88,1429.58,418.49,235.13,142.89,178.86,109.93,46.72
radnet-il-chicago,IL,Illinois,Chicago,Chicago,41.837045,-87.684939,Census Gazetteer 2024 place centroid matched to EPA RadNet station city,place_centroid,2006,2025,20,119106,54739,50.38,85,217,3422.78,Mid background gamma,Ambient gamma exposure monitor,EPA RadNet near-real-time air monitor archives,IL: CHICAGO,119106,2006-12-21T01:31:00+00:00,2025-12-31T23:49:00+00:00,0,45,data\raw\radiation\epa_radnet\zips\il_chicago_2025-2006.zip,https://www.epa.gov/system/files/other-files/2026-02/il_chicago_2025-2006.zip,1767.49,912.37,271.6,153.29,99,118.53,68.13,32.75
radnet-in-fort_wayne,IN,Indiana,Fort Wayne,Fort Wayne,41.088193,-85.142791,Census Gazetteer 2024 place centroid matched to EPA RadNet station city,place_centroid,2010,2024,15,93936,1010,40.97,50,80,2989.01,Lower background gamma,Ambient gamma exposure monitor,EPA RadNet near-real-time air monitor archives,IN: FORT WAYNE,93936,2010-02-18T17:59:00+00:00,2024-12-31T23:48:00+00:00,0,40,data\raw\radiation\epa_radnet\zips\in_fort_wayne_2024-2010.zip,https://www.epa.gov/system/files/other-files/2025-02/in_fort_wayne_2024-2010.zip,1425.38,875.32,264.81,142.15,82.82,109.86,62.07,26.61
radnet-in-indianapolis,IN,Indiana,Indianapolis,Indianapolis,39.776664,-86.145935,Census Gazetteer 2024 place centroid matched to EPA RadNet station city,place_centroid,2006,2025,20,149942,14787,44.16,51,133,3490.13,Lower background gamma,Ambient gamma exposure monitor,EPA RadNet near-real-time air monitor archives,IN: INDIANAPOLIS,149942,2006-09-13T17:37:00+00:00,2025-12-31T23:25:00+00:00,34,43,data\raw\radiation\epa_radnet\zips\in_indianapolis_2025-2006.zip,https://www.epa.gov/system/files/other-files/2026-02/in_indianapolis_2025-2006.zip,1744.37,982.81,279.29,162.22,98.79,120.17,71.18,31.31
radnet-ks-kansas_city,KS,Kansas,Kansas City,Kansas City,39.122539,-94.741781,Census Gazetteer 2024 place centroid matched to EPA RadNet station city,place_centroid,2006,2025,20,148156,3957,66.68,73,192,4940.47,Higher background gamma,Ambient gamma exposure monitor,EPA RadNet near-real-time air monitor archives,KS: KANSAS CITY,148156,2006-08-22T19:15:00+00:00,2025-12-31T23:08:00+00:00,0,66,data\raw\radiation\epa_radnet\zips\ks_kansas_city_2025-2006.zip,https://www.epa.gov/system/files/other-files/2026-02/ks_kansas_city_2025-2006.zip,2460.23,1386.96,419.78,235.04,143.6,166.21,92.26,36.39
radnet-ks-wichita,KS,Kansas,Wichita,Wichita,37.690638,-97.345836,Census Gazetteer 2024 place centroid matched to EPA RadNet station city,place_centroid,2008,2025,18,127196,23821,59.63,66,138,4498.75,Mid background gamma,Ambient gamma exposure monitor,EPA RadNet near-real-time air monitor archives,KS: WICHITA,127196,2008-05-22T17:06:00+00:00,2025-12-31T23:36:00+00:00,0,59,data\raw\radiation\epa_radnet\zips\ks_wichita_2025-2006.zip,https://www.epa.gov/system/files/other-files/2026-02/ks_wichita_2025-2006.zip,2243.4,1269.18,358.66,206.21,128.8,158.33,95.25,39.07
radnet-ky-lexington,KY,Kentucky,Lexington-Fayette,Lexington-Fayette,38.040678,-84.458272,Census Gazetteer 2024 place centroid matched to EPA RadNet station city,place_centroid,2008,2025,18,132086,34023,54.4,62,153,4710.22,Mid background gamma,Ambient gamma exposure monitor,EPA RadNet near-real-time air monitor archives,KY: LEXINGTON,132086,2008-04-16T15:35:00+00:00,2025-12-31T23:34:00+00:00,0,54,data\raw\radiation\epa_radnet\zips\ky_lexington_2025-2008.zip,https://www.epa.gov/system/files/other-files/2026-02/ky_lexington_2025-2008.zip,2334.24,1356.62,388.5,211.1,124.2,149.86,95.83,49.92
radnet-ky-louisville,KY,Kentucky,Louisville,Louisville,38.224728,-85.740614,Census Gazetteer 2024 place centroid matched to EPA RadNet station city,place_centroid,2008,2025,18,131029,20333,56.76,66,166,5518.54,Mid background gamma,Ambient gamma exposure monitor,EPA RadNet near-real-time air monitor archives,KY: LOUISVILLE,131029,2008-11-18T20:21:00+00:00,2025-12-31T23:52:00+00:00,40,55,data\raw\radiation\epa_radnet\zips\ky_louisville_2025-2008.zip,https://www.epa.gov/system/files/other-files/2026-02/ky_louisville_2025-2008.zip,2596.45,1648.38,493.69,263.34,155.33,188.27,116.11,57.08
radnet-ky-paducah,KY,Kentucky,Paducah,Paducah,37.070892,-88.644477,Census Gazetteer 2024 place centroid matched to EPA RadNet station city,place_centroid,2014,2025,12,90964,48651,43.22,81,193,2997.94,Lower background gamma,Ambient gamma exposure monitor,EPA RadNet near-real-time air monitor archives,KY: PADUCAH,90964,2014-07-10T21:10:00+00:00,2025-12-31T23:12:00+00:00,29,37,data\raw\radiation\epa_radnet\zips\ky_paducah_2025-2014.zip,https://www.epa.gov/system/files/other-files/2026-02/ky_paducah_2025-2014.zip,1412.87,904.64,255.91,150.96,78.53,104,63.38,27.65
radnet-la-baton_rouge,LA,Louisiana,Baton Rouge,Baton Rouge,30.440443,-91.133166,Census Gazetteer 2024 place centroid matched to EPA RadNet station city,place_centroid,2008,2025,18,128643,68879,39.75,44,88,3204.99,Lower background gamma,Ambient gamma exposure monitor,EPA RadNet near-real-time air monitor archives,LA: BATON ROUGE,128643,2008-05-03T00:14:00+00:00,2025-12-31T23:50:00+00:00,32,39,data\raw\radiation\epa_radnet\zips\la_baton_rouge_2025-2008.zip,https://www.epa.gov/system/files/other-files/2026-02/la_baton_rouge_2025-2008.zip,1579.26,909.67,272.19,140.87,85.51,112.27,66.86,38.42
radnet-la-shreveport,LA,Louisiana,Shreveport,Shreveport,32.466879,-93.792193,Census Gazetteer 2024 place centroid matched to EPA RadNet station city,place_centroid,2009,2025,17,77270,,,,,4857.79,Dose unavailable,Gamma count-only monitor,EPA RadNet near-real-time air monitor archives,LA: SHREVEPORT,77270,2009-10-15T17:45:00+00:00,2025-12-31T23:56:00+00:00,,,data\raw\radiation\epa_radnet\zips\la_shreveport_2025-2009.zip,https://www.epa.gov/system/files/other-files/2026-02/la_shreveport_2025-2009.zip,2332.84,1428.76,429.93,223.34,142.9,172.71,91.29,36.06
radnet-ma-boston,MA,Massachusetts,Boston,Boston,42.338551,-71.018253,Census Gazetteer 2024 place centroid matched to EPA RadNet station city,place_centroid,2006,2025,19,121140,22185,69.05,76,116,6093.28,Higher background gamma,Ambient gamma exposure monitor,EPA RadNet near-real-time air monitor archives,MA: BOSTON,121140,2006-08-15T21:05:00+00:00,2025-12-31T23:23:00+00:00,57,68,data\raw\radiation\epa_radnet\zips\ma_boston_2025-2006.zip,https://www.epa.gov/system/files/other-files/2026-02/ma_boston_2025-2006.zip,2995.74,1693.95,512.59,283.48,208.67,229.47,129.1,40.37
radnet-ma-worcester,MA,Massachusetts,Worcester,Worcester,42.269478,-71.807783,Census Gazetteer 2024 place centroid matched to EPA RadNet station city,place_centroid,2009,2025,17,132577,75102,90.5,100,141,7387.9,Higher background gamma,Ambient gamma exposure monitor,EPA RadNet near-real-time air monitor archives,MA: WORCESTER,132577,2009-07-28T11:01:00+00:00,2025-12-31T23:43:00+00:00,61,91,data\raw\radiation\epa_radnet\zips\ma_worcester_2025-2009.zip,https://www.epa.gov/system/files/other-files/2026-02/ma_worcester_2025-2009.zip,3738.43,2105.48,605.1,309.85,200.86,239.11,138.05,52.34
radnet-md-baltimore,MD,Maryland,Baltimore,Baltimore,39.300032,-76.610476,Census Gazetteer 2024 place centroid matched to EPA RadNet station city,place_centroid,2006,2024,19,140759,,,,,2960.74,Dose unavailable,Gamma count-only monitor,EPA RadNet near-real-time air monitor archives,MD: BALTIMORE,140759,2006-10-11T17:52:00+00:00,2024-12-31T23:29:00+00:00,,,data\raw\radiation\epa_radnet\zips\md_baltimore_2024-2006.zip,https://www.epa.gov/system/files/other-files/2025-02/md_baltimore_2024-2006.zip,1513.87,800.12,243.12,132.52,88.53,99.99,56.96,25.64
radnet-me-orono,ME,Maine,Orono,Orono,44.878261,-68.688144,Census Gazetteer 2024 place centroid matched to EPA RadNet station city,place_centroid,2009,2025,17,102941,9892,41.54,47,84,4583.31,Lower background gamma,Ambient gamma exposure monitor,EPA RadNet near-real-time air monitor archives,ME: ORONO,102941,2009-11-06T16:49:00+00:00,2025-12-31T23:14:00+00:00,8,42,data\raw\radiation\epa_radnet\zips\me_orono_2025-2009.zip,https://www.epa.gov/system/files/other-files/2026-02/me_orono_2025-2009.zip,2314.8,1345.53,371.2,185.18,117.72,138.98,78.88,31.02
radnet-me-portland,ME,Maine,Portland,Portland,43.633157,-70.185305,Census Gazetteer 2024 place centroid matched to EPA RadNet station city,place_centroid,2009,2025,17,127547,1193,73.98,84,104,8504.09,Higher background gamma,Ambient gamma exposure monitor,EPA RadNet near-real-time air monitor archives,ME: PORTLAND,127547,2009-01-29T15:05:00+00:00,2025-12-24T08:35:00+00:00,52,76,data\raw\radiation\epa_radnet\zips\me_portland_2025-2009.zip,https://www.epa.gov/system/files/other-files/2026-02/me_portland_2025-2009.zip,4371.21,2457.2,712.07,343.39,206.22,238.84,123.99,51.17
radnet-mi-bay_city,MI,Michigan,Bay City,Bay City,43.590062,-83.888421,Census Gazetteer 2024 place centroid matched to EPA RadNet station city,place_centroid,2009,2025,17,127500,15720,50.12,56,112,3702.37,Mid background gamma,Ambient gamma exposure monitor,EPA RadNet near-real-time air monitor archives,MI: BAY CITY,127500,2009-11-12T18:55:00+00:00,2025-11-08T01:40:00+00:00,0,49,data\raw\radiation\epa_radnet\zips\mi_bay_city_2025-2009.zip,https://www.epa.gov/system/files/other-files/2026-02/mi_bay_city_2025-2009.zip,1751.48,1113.22,325.7,171.05,105.29,127.36,74.88,33.43
radnet-mi-detroit,MI,Michigan,Detroit,Detroit,42.383037,-83.102237,Census Gazetteer 2024 place centroid matched to EPA RadNet station city,place_centroid,2006,2025,20,146649,9444,48.7,55,104,4220.08,Mid background gamma,Ambient gamma exposure monitor,EPA RadNet near-real-time air monitor archives,MI: DETROIT,146649,2006-09-12T17:22:00+00:00,2025-12-31T23:09:00+00:00,0,48,data\raw\radiation\epa_radnet\zips\mi_detroit_2025-2006.zip,https://www.epa.gov/system/files/other-files/2026-02/mi_detroit_2025-2006.zip,2176.81,1175.35,339.5,178.09,114.45,128.47,72.7,34.7
radnet-mi-grand_rapids,MI,Michigan,Grand Rapids,Grand Rapids,42.961156,-85.65557,Census Gazetteer 2024 place centroid matched to EPA RadNet station city,place_centroid,2010,2025,16,121666,26797,49.62,56,100,3928.78,Mid background gamma,Ambient gamma exposure monitor,EPA RadNet near-real-time air monitor archives,MI: GRAND RAPIDS,121666,2010-07-08T12:29:00+00:00,2025-12-31T23:16:00+00:00,0,49,data\raw\radiation\epa_radnet\zips\mi_grand_rapids_2025-2010.zip,https://www.epa.gov/system/files/other-files/2026-02/mi_grand_rapids_2025-2010.zip,1920.82,1160.59,338.76,172.98,103.07,126.84,69.37,36.35
radnet-mn-duluth,MN,Minnesota,Duluth,Duluth,46.774458,-92.134135,Census Gazetteer 2024 place centroid matched to EPA RadNet station city,place_centroid,2008,2025,18,135010,18090,57.16,63,138,3303.31,Mid background gamma,Ambient gamma exposure monitor,EPA RadNet near-real-time air monitor archives,MN: DULUTH,135010,2008-08-19T21:13:00+00:00,2025-12-31T23:16:00+00:00,39,57,data\raw\radiation\epa_radnet\zips\mn_duluth_2025-2008.zip,https://www.epa.gov/system/files/other-files/2026-02/mn_duluth_2025-2008.zip,1628.63,964.29,275.34,145.92,89.04,112.04,65.64,22.41
radnet-mn-st-paul,MN,Minnesota,St. Paul,St. Paul,44.948901,-93.104063,Census Gazetteer 2024 place centroid matched to EPA RadNet station city,place_centroid,2006,2025,20,140658,50255,46.74,68,137,3579.28,Mid background gamma,Ambient gamma exposure monitor,EPA RadNet near-real-time air monitor archives,MN: ST. PAUL,140658,2006-09-21T23:21:00+00:00,2025-12-31T23:48:00+00:00,36,44,data\raw\radiation\epa_radnet\zips\mn_st-paul_2025-2006.zip,https://www.epa.gov/system/files/other-files/2026-02/mn_st-paul_2025-2006.zip,1762.15,1010.31,301.32,167.3,105.79,125.97,73.1,33.35
radnet-mo-jefferson_city,MO,Missouri,Jefferson City,Jefferson City,38.567461,-92.175254,Census Gazetteer 2024 place centroid matched to EPA RadNet station city,place_centroid,2008,2025,17,121107,34946,43.51,56,179,3187.87,Lower background gamma,Ambient gamma exposure monitor,EPA RadNet near-real-time air monitor archives,MO: JEFFERSON CITY,121107,2008-09-05T14:45:00+00:00,2025-12-31T23:00:00+00:00,0,41,data\raw\radiation\epa_radnet\zips\mo_jefferson_city_2025-2008.zip,https://www.epa.gov/system/files/other-files/2026-02/mo_jefferson_city_2025-2008.zip,1625.88,878.08,246.39,144.76,86.43,110.36,69.78,26.38
radnet-mo-springfield,MO,Missouri,Springfield,Springfield,37.194157,-93.292642,Census Gazetteer 2024 place centroid matched to EPA RadNet station city,place_centroid,2010,2025,16,126525,482,37.96,42,46,2841.18,Lower background gamma,Ambient gamma exposure monitor,EPA RadNet near-real-time air monitor archives,MO: SPRINGFIELD,126525,2010-01-01T00:52:00+00:00,2025-12-31T23:36:00+00:00,32,38,data\raw\radiation\epa_radnet\zips\mo_springfield_2025-2010.zip,https://www.epa.gov/system/files/other-files/2026-02/mo_springfield_2025-2010.zip,1337.76,842.79,250.71,137.85,80.7,106.5,59.1,25.87
radnet-mo-st-louis,MO,Missouri,St. Louis,St. Louis,38.635699,-90.244582,Census Gazetteer 2024 place centroid matched to EPA RadNet station city,place_centroid,2007,2025,18,99537,50277,47.36,55,178,3198.42,Mid background gamma,Ambient gamma exposure monitor,EPA RadNet near-real-time air monitor archives,MO: ST. LOUIS,99537,2007-01-05T14:50:00+00:00,2025-12-31T23:24:00+00:00,34,47,data\raw\radiation\epa_radnet\zips\mo_st-louis_2025-2007.zip,https://www.epa.gov/system/files/other-files/2026-02/mo_st-louis_2025-2007.zip,1638.83,843.55,247.32,143.68,91,116.04,73.52,44.52
radnet-ms-jackson,MS,Mississippi,Jackson,Jackson,32.315834,-90.21285,Census Gazetteer 2024 place centroid matched to EPA RadNet station city,place_centroid,2008,2025,18,111936,24207,38.26,42,113,3173.85,Lower background gamma,Ambient gamma exposure monitor,EPA RadNet near-real-time air monitor archives,MS: JACKSON,111936,2008-09-19T16:33:00+00:00,2025-12-31T23:10:00+00:00,0,38,data\raw\radiation\epa_radnet\zips\ms_jackson_2025-2008.zip,https://www.epa.gov/system/files/other-files/2026-02/ms_jackson_2025-2008.zip,1825.6,816.86,206.69,110.68,62.44,73.45,50.24,28.71
radnet-mt-billings,MT,Montana,Billings,Billings,45.788538,-108.552475,Census Gazetteer 2024 place centroid matched to EPA RadNet station city,place_centroid,2009,2025,17,120096,13903,70.77,81,202,6959.89,Higher background gamma,Ambient gamma exposure monitor,EPA RadNet near-real-time air monitor archives,MT: BILLINGS,120096,2009-07-24T18:48:00+00:00,2025-12-31T23:52:00+00:00,58,69,data\raw\radiation\epa_radnet\zips\mt_billings_2025-2009.zip,https://www.epa.gov/system/files/other-files/2026-02/mt_billings_2025-2009.zip,3131.59,2123.94,689.65,379.2,224.51,235.99,125.05,50.11
radnet-mt-kalispell,MT,Montana,Kalispell,Kalispell,48.216152,-114.327645,Census Gazetteer 2024 place centroid matched to EPA RadNet station city,place_centroid,2017,2025,9,68820,61915,84.34,100,252,5557.29,Higher background gamma,Ambient gamma exposure monitor,EPA RadNet near-real-time air monitor archives,MT: KALISPELL,68820,2017-02-01T16:03:00+00:00,2025-12-31T23:54:00+00:00,0,83,data\raw\radiation\epa_radnet\zips\mt_kalispell_2025-2017.zip,https://www.epa.gov/system/files/other-files/2026-02/mt_kalispell_2025-2017.zip,2698.36,1607.34,467.14,252.42,157.63,198.02,124.67,51.71
radnet-nc-charlotte,NC,North Carolina,Charlotte,Charlotte,35.209045,-80.83099,Census Gazetteer 2024 place centroid matched to EPA RadNet station city,place_centroid,2007,2025,19,131591,44795,37.7,41,91,3360.7,Lower background gamma,Ambient gamma exposure monitor,EPA RadNet near-real-time air monitor archives,NC: CHARLOTTE,131591,2007-05-21T22:02:00+00:00,2025-12-31T23:31:00+00:00,0,37,data\raw\radiation\epa_radnet\zips\nc_charlotte_2025-2007.zip,https://www.epa.gov/system/files/other-files/2026-02/nc_charlotte_2025-2007.zip,1665.89,944.47,271.04,152.4,98.38,117.43,72.97,38.13
radnet-nc-greensboro,NC,North Carolina,Greensboro,Greensboro,36.09485,-79.823624,Census Gazetteer 2024 place centroid matched to EPA RadNet station city,place_centroid,2013,2025,13,81083,19451,63.77,69,114,3370.2,Higher background gamma,Ambient gamma exposure monitor,EPA RadNet near-real-time air monitor archives,NC: GREENSBORO,81083,2013-02-14T21:52:00+00:00,2025-12-31T23:15:00+00:00,0,63,data\raw\radiation\epa_radnet\zips\nc_greensboro_2025-2013.zip,https://www.epa.gov/system/files/other-files/2026-02/nc_greensboro_2025-2013.zip,1665.81,967.21,273.62,149.63,92.57,113.08,77.11,31.17
radnet-nc-raleigh,NC,North Carolina,Raleigh,Raleigh,35.831868,-78.641042,Census Gazetteer 2024 place centroid matched to EPA RadNet station city,place_centroid,2009,2025,17,110422,1279,101.38,112,149,8996.29,Higher background gamma,Ambient gamma exposure monitor,EPA RadNet near-real-time air monitor archives,NC: RALEIGH,110422,2009-02-26T11:27:00+00:00,2025-12-31T23:03:00+00:00,5,102,data\raw\radiation\epa_radnet\zips\nc_raleigh_2025-2009.zip,https://www.epa.gov/system/files/other-files/2026-02/nc_raleigh_2025-2009.zip,4549.97,2559.15,722.38,383.24,251.27,296.51,175.38,58.38
radnet-nc-wilmington,NC,North Carolina,Wilmington,Wilmington,34.209225,-77.885767,Census Gazetteer 2024 place centroid matched to EPA RadNet station city,place_centroid,2009,2025,17,129793,45003,45,84,115,3510.82,Lower background gamma,Ambient gamma exposure monitor,EPA RadNet near-real-time air monitor archives,NC: WILMINGTON,129793,2009-04-21T14:15:00+00:00,2025-12-31T23:59:00+00:00,28,37,data\raw\radiation\epa_radnet\zips\nc_wilmington_2025-2009.zip,https://www.epa.gov/system/files/other-files/2026-02/nc_wilmington_2025-2009.zip,1721.99,1060.32,329.75,151.54,82.36,90.04,50.61,24.24
radnet-nd-bismarck,ND,North Dakota,Bismarck,Bismarck,46.814583,-100.770089,Census Gazetteer 2024 place centroid matched to EPA RadNet station city,place_centroid,2008,2025,18,138465,31098,60.73,78,259,4601.37,Mid background gamma,Ambient gamma exposure monitor,EPA RadNet near-real-time air monitor archives,ND: BISMARCK,138465,2008-10-23T18:05:00+00:00,2025-12-31T23:33:00+00:00,0,58,data\raw\radiation\epa_radnet\zips\nd_bismarck_2025-2008.zip,https://www.epa.gov/system/files/other-files/2026-02/nd_bismarck_2025-2008.zip,2199.78,1342.76,385.88,222.7,127.74,166.17,104.42,52.03
radnet-ne-kearney,NE,Nebraska,Kearney,Kearney,40.701745,-99.082312,Census Gazetteer 2024 place centroid matched to EPA RadNet station city,place_centroid,2009,2025,17,94066,49383,92.4,140,463,5083.63,Higher background gamma,Ambient gamma exposure monitor,EPA RadNet near-real-time air monitor archives,NE: KEARNEY,94066,2009-06-10T17:09:00+00:00,2025-12-31T23:38:00+00:00,59,84,data\raw\radiation\epa_radnet\zips\ne_kearney_2025-2009.zip,https://www.epa.gov/system/files/other-files/2026-02/ne_kearney_2025-2009.zip,2438.17,1491.87,432.22,237.78,145.17,188.17,107.86,42.38
radnet-ne-lincoln,NE,Nebraska,Lincoln,Lincoln,40.810284,-96.674856,Census Gazetteer 2024 place centroid matched to EPA RadNet station city,place_centroid,2008,2025,18,131338,23782,56.78,66,223,4548.98,Mid background gamma,Ambient gamma exposure monitor,EPA RadNet near-real-time air monitor archives,NE: LINCOLN,131338,2008-05-21T17:41:00+00:00,2025-12-31T23:46:00+00:00,0,56,data\raw\radiation\epa_radnet\zips\ne_lincoln_2025-2008.zip,https://www.epa.gov/system/files/other-files/2026-02/ne_lincoln_2025-2008.zip,2238.42,1297.85,374.97,214,131.31,166.26,95.91,30.55
radnet-ne-omaha,NE,Nebraska,Omaha,Omaha,41.262705,-96.053475,Census Gazetteer 2024 place centroid matched to EPA RadNet station city,place_centroid,2008,2025,18,128289,74269,59.22,68,261,4504.16,Mid background gamma,Ambient gamma exposure monitor,EPA RadNet near-real-time air monitor archives,NE: OMAHA,128289,2008-05-20T18:03:00+00:00,2025-12-31T23:05:00+00:00,44,58,data\raw\radiation\epa_radnet\zips\ne_omaha_2025-2008.zip,https://www.epa.gov/system/files/other-files/2026-02/ne_omaha_2025-2008.zip,2271.03,1250.42,357.32,199.82,123.73,157.99,98.07,45.86
radnet-nh-concord,NH,New Hampshire,Concord,Concord,43.232493,-71.561252,Census Gazetteer 2024 place centroid matched to EPA RadNet station city,place_centroid,2008,2025,18,117678,23,0,0,0,5996.01,Lower background gamma,Ambient gamma exposure monitor,EPA RadNet near-real-time air monitor archives,NH: CONCORD,117678,2008-07-02T19:04:00+00:00,2025-12-31T23:11:00+00:00,0,0,data\raw\radiation\epa_radnet\zips\nh_concord_2025-2008.zip,https://www.epa.gov/system/files/other-files/2026-02/nh_concord_2025-2008.zip,3000.95,1715.86,497.52,259.94,170.49,203.04,110.51,37.81
radnet-nh-portsmouth,NH,New Hampshire,Portsmouth,Portsmouth,43.060594,-70.780349,Census Gazetteer 2024 place centroid matched to EPA RadNet station city,place_centroid,2018,2025,8,52385,31744,69.65,91,135,5241.78,Higher background gamma,Ambient gamma exposure monitor,EPA RadNet near-real-time air monitor archives,NH: PORTSMOUTH,52385,2018-09-12T16:47:00+00:00,2025-12-31T23:31:00+00:00,42,66,data\raw\radiation\epa_radnet\zips\nh_portsmouth_2025-2018.zip,https://www.epa.gov/system/files/other-files/2026-02/nh_portsmouth_2025-2018.zip,2693.29,1471.65,412.08,215.32,139.9,165.06,103.59,40.88
radnet-nm-albuquerque,NM,New Mexico,Albuquerque,Albuquerque,35.10478,-106.646809,Census Gazetteer 2024 place centroid matched to EPA RadNet station city,place_centroid,2010,2025,16,113136,42136,88.77,95,187,5505.34,Higher background gamma,Ambient gamma exposure monitor,EPA RadNet near-real-time air monitor archives,NM: ALBUQUERQUE,113136,2010-05-07T15:29:00+00:00,2025-12-31T23:20:00+00:00,76,88,data\raw\radiation\epa_radnet\zips\nm_albuquerque_2025-2010.zip,https://www.epa.gov/system/files/other-files/2026-02/nm_albuquerque_2025-2010.zip,2704.54,1579.7,467.6,246.28,154.45,194.7,107.68,50.54
radnet-nm-carlsbad,NM,New Mexico,Carlsbad,Carlsbad,32.40079,-104.241012,Census Gazetteer 2024 place centroid matched to EPA RadNet station city,place_centroid,2011,2025,14,102999,42094,64.69,107,259,3727.5,Higher background gamma,Ambient gamma exposure monitor,EPA RadNet near-real-time air monitor archives,NM: CARLSBAD,102999,2011-03-24T22:17:00+00:00,2025-12-31T23:36:00+00:00,0,57,data\raw\radiation\epa_radnet\zips\nm_carlsbad_2025-2011.zip,https://www.epa.gov/system/files/other-files/2026-02/nm_carlsbad_2025-2011.zip,1768.4,1120.61,323.58,172.73,96.07,121.45,81.83,42.84
radnet-nm-navajo_lake,NM,New Mexico,Navajo Dam,Navajo Dam,36.872922,-107.623216,Census Gazetteer 2024 place centroid matched to EPA RadNet station city,place_centroid,2010,2025,16,101588,14507,128.91,140,211,7384.98,Higher background gamma,Ambient gamma exposure monitor,EPA RadNet near-real-time air monitor archives,NM: NAVAJO LAKE,101588,2010-05-05T17:37:00+00:00,2025-12-31T23:50:00+00:00,109,128,data\raw\radiation\epa_radnet\zips\nm_navajo_lake_2025-2010.zip,https://www.epa.gov/system/files/other-files/2026-02/nm_navajo_lake_2025-2010.zip,3585.47,2167.14,636.35,334.27,207.81,253.04,141.51,59.39
radnet-nv-las_vegas,NV,Nevada,Las Vegas,Las Vegas,36.233499,-115.264037,Census Gazetteer 2024 place centroid matched to EPA RadNet station city,place_centroid,2006,2025,20,148413,,,,,3670.68,Dose unavailable,Gamma count-only monitor,EPA RadNet near-real-time air monitor archives,NV: LAS VEGAS,148413,2006-07-11T17:20:00+00:00,2025-12-31T23:28:00+00:00,,,data\raw\radiation\epa_radnet\zips\nv_las_vegas_2025-2006.zip,https://www.epa.gov/system/files/other-files/2026-02/nv_las_vegas_2025-2006.zip,1716.89,980.34,284.67,156.51,98.8,158.27,207.05,68.18
radnet-nv-reno,NV,Nevada,Reno,Reno,39.549097,-119.849907,Census Gazetteer 2024 place centroid matched to EPA RadNet station city,place_centroid,2009,2025,17,130376,,,,,5480.07,Dose unavailable,Gamma count-only monitor,EPA RadNet near-real-time air monitor archives,NV: RENO,130376,2009-03-19T12:27:00+00:00,2025-12-31T23:26:00+00:00,,,data\raw\radiation\epa_radnet\zips\nv_reno_2025-2009.zip,https://www.epa.gov/system/files/other-files/2026-02/nv_reno_2025-2009.zip,2759.71,1593.88,452.53,235.16,140.64,165.9,96,36.8
radnet-ny-albany,NY,New York,Albany,Albany,42.665745,-73.798353,Census Gazetteer 2024 place centroid matched to EPA RadNet station city,place_centroid,2009,2025,17,132115,58703,43.84,50,152,3340.33,Lower background gamma,Ambient gamma exposure monitor,EPA RadNet near-real-time air monitor archives,NY: ALBANY,132115,2009-02-05T17:29:00+00:00,2025-10-21T18:48:00+00:00,35,43,data\raw\radiation\epa_radnet\zips\ny_albany_2025-2009.zip,https://www.epa.gov/system/files/other-files/2026-02/ny_albany_2025-2009.zip,1630.63,941.22,282.51,152.85,94.79,120.62,78.08,39.66
radnet-ny-lockport,NY,New York,Lockport,Lockport,43.16946,-78.695807,Census Gazetteer 2024 place centroid matched to EPA RadNet station city,place_centroid,2007,2025,19,144908,4247,45.51,52,128,4382.5,Mid background gamma,Ambient gamma exposure monitor,EPA RadNet near-real-time air monitor archives,NY: LOCKPORT,144908,2007-09-05T18:26:00+00:00,2025-12-31T23:51:00+00:00,37,45,data\raw\radiation\epa_radnet\zips\ny_lockport_2025-2007.zip,https://www.epa.gov/system/files/other-files/2026-02/ny_lockport_2025-2007.zip,2266.63,1179.18,353.01,188.44,120.55,143.48,88.75,42.47
radnet-ny-new_york_city,NY,New York,New York,New York,40.662712,-73.938677,Census Gazetteer 2024 place centroid matched to EPA RadNet station city,place_centroid,2006,2025,20,133695,67304,62.33,82,166,5013.66,Higher background gamma,Ambient gamma exposure monitor,EPA RadNet near-real-time air monitor archives,NY: NEW YORK CITY,133695,2006-06-09T19:57:00+00:00,2025-12-31T23:26:00+00:00,52,60,data\raw\radiation\epa_radnet\zips\ny_new_york_city_2025-2006.zip,https://www.epa.gov/system/files/other-files/2026-02/ny_new_york_city_2025-2006.zip,2282.62,1326.61,382.51,201.18,135.68,186.04,416.4,82.68
radnet-ny-rochester,NY,New York,Rochester,Rochester,43.169927,-77.616891,Census Gazetteer 2024 place centroid matched to EPA RadNet station city,place_centroid,2008,2025,18,122179,62323,74.9,108,168,5112.82,Higher background gamma,Ambient gamma exposure monitor,EPA RadNet near-real-time air monitor archives,NY: ROCHESTER,122179,2008-11-06T17:32:00+00:00,2025-12-31T23:46:00+00:00,0,69,data\raw\radiation\epa_radnet\zips\ny_rochester_2025-2008.zip,https://www.epa.gov/system/files/other-files/2026-02/ny_rochester_2025-2008.zip,2776.55,1584.25,448.8,224.04,134.44,160.54,96.53,39.14
radnet-ny-syracuse,NY,New York,Syracuse,Syracuse,43.040998,-76.143554,Census Gazetteer 2024 place centroid matched to EPA RadNet station city,place_centroid,2009,2025,17,85276,50154,42.86,49,126,2659.15,Lower background gamma,Ambient gamma exposure monitor,EPA RadNet near-real-time air monitor archives,NY: SYRACUSE,85276,2009-08-25T16:52:00+00:00,2025-12-30T02:52:00+00:00,0,43,data\raw\radiation\epa_radnet\zips\ny_syracuse_2025-2009.zip,https://www.epa.gov/system/files/other-files/2026-02/ny_syracuse_2025-2009.zip,1350.01,738.42,212.18,110.05,67.24,88.02,59.06,34.18
radnet-ny-yaphank,NY,New York,Yaphank,Yaphank,40.83101,-72.93165,Census Gazetteer 2024 place centroid matched to EPA RadNet station city,place_centroid,2008,2025,18,112458,68180,40.94,48,108,3071.5,Lower background gamma,Ambient gamma exposure monitor,EPA RadNet near-real-time air monitor archives,NY: YAPHANK,112458,2008-04-29T23:07:00+00:00,2025-12-31T23:46:00+00:00,7,40,data\raw\radiation\epa_radnet\zips\ny_yaphank_2025-2008.zip,https://www.epa.gov/system/files/other-files/2026-02/ny_yaphank_2025-2008.zip,1579.45,865.07,248.75,124.68,77.8,89.76,56.77,29.22
radnet-oh-cincinnati,OH,Ohio,Cincinnati,Cincinnati,39.140183,-84.505829,Census Gazetteer 2024 place centroid matched to EPA RadNet station city,place_centroid,2007,2025,19,147918,62988,42.22,70,148,3262.88,Lower background gamma,Ambient gamma exposure monitor,EPA RadNet near-real-time air monitor archives,OH: CINCINNATI,147918,2007-07-17T19:11:00+00:00,2025-12-31T23:42:00+00:00,0,38,data\raw\radiation\epa_radnet\zips\oh_cincinnati_2025-2007.zip,https://www.epa.gov/system/files/other-files/2026-02/oh_cincinnati_2025-2007.zip,1613.53,937.62,280.41,147.79,81.75,100.62,65.36,35.81
radnet-oh-cleveland,OH,Ohio,Cleveland,Cleveland,41.478462,-81.679435,Census Gazetteer 2024 place centroid matched to EPA RadNet station city,place_centroid,2006,2025,20,146139,31636,45.89,60,122,4166.2,Mid background gamma,Ambient gamma exposure monitor,EPA RadNet near-real-time air monitor archives,OH: CLEVELAND,146139,2006-12-12T17:03:00+00:00,2025-12-31T23:56:00+00:00,0,42,data\raw\radiation\epa_radnet\zips\oh_cleveland_2025-2006.zip,https://www.epa.gov/system/files/other-files/2026-02/oh_cleveland_2025-2006.zip,2139.98,1129.77,331.23,185.5,115.43,136.43,81,46.89
radnet-oh-columbus,OH,Ohio,Columbus,Columbus,39.983938,-82.984882,Census Gazetteer 2024 place centroid matched to EPA RadNet station city,place_centroid,2007,2025,19,128657,7993,51.26,70,99,3935.32,Mid background gamma,Ambient gamma exposure monitor,EPA RadNet near-real-time air monitor archives,OH: COLUMBUS,128657,2007-07-18T20:10:00+00:00,2025-12-31T23:12:00+00:00,38,45,data\raw\radiation\epa_radnet\zips\oh_columbus_2025-2007.zip,https://www.epa.gov/system/files/other-files/2026-02/oh_columbus_2025-2007.zip,1936.11,1130.17,329.16,187.58,109.37,132.38,77.47,33.11
radnet-oh-toledo,OH,Ohio,Toledo,Toledo,41.664071,-83.581861,Census Gazetteer 2024 place centroid matched to EPA RadNet station city,place_centroid,2010,2025,16,128271,27554,37.22,44,120,2481.84,Lower background gamma,Ambient gamma exposure monitor,EPA RadNet near-real-time air monitor archives,OH: TOLEDO,128271,2010-03-17T16:14:00+00:00,2025-12-31T23:16:00+00:00,28,36,data\raw\radiation\epa_radnet\zips\oh_toledo_2025-2010.zip,https://www.epa.gov/system/files/other-files/2026-02/oh_toledo_2025-2010.zip,1267.65,712.41,196.08,103.2,57.53,75.32,44.95,24.69
radnet-ok-oklahoma_city,OK,Oklahoma,Oklahoma City,Oklahoma City,35.467079,-97.513657,Census Gazetteer 2024 place centroid matched to EPA RadNet station city,place_centroid,2007,2025,19,138915,50216,67.08,73,149,5659.39,Higher background gamma,Ambient gamma exposure monitor,EPA RadNet near-real-time air monitor archives,OK: OKLAHOMA CITY,138915,2007-07-16T06:36:00+00:00,2025-12-31T23:38:00+00:00,57,67,data\raw\radiation\epa_radnet\zips\ok_oklahoma_city_2025-2007.zip,https://www.epa.gov/system/files/other-files/2026-02/ok_oklahoma_city_2025-2007.zip,2710.67,1675.14,490.1,264.21,165.31,191.08,115.99,46.87
radnet-ok-tulsa,OK,Oklahoma,Tulsa,Tulsa,36.127949,-95.902316,Census Gazetteer 2024 place centroid matched to EPA RadNet station city,place_centroid,2008,2025,18,132341,10226,55.91,64,198,4481.59,Mid background gamma,Ambient gamma exposure monitor,EPA RadNet near-real-time air monitor archives,OK: TULSA,132341,2008-07-30T18:07:00+00:00,2025-12-31T23:30:00+00:00,43,55,data\raw\radiation\epa_radnet\zips\ok_tulsa_2025-2008.zip,https://www.epa.gov/system/files/other-files/2026-02/ok_tulsa_2025-2008.zip,2173.28,1285.04,380.31,209.69,125.25,159.13,97.6,51.33
radnet-or-corvallis,OR,Oregon,Corvallis,Corvallis,44.569949,-123.278285,Census Gazetteer 2024 place centroid matched to EPA RadNet station city,place_centroid,2008,2025,18,122355,23102,40.31,44,84,3555.72,Lower background gamma,Ambient gamma exposure monitor,EPA RadNet near-real-time air monitor archives,OR: CORVALLIS,122355,2008-07-25T19:28:00+00:00,2025-12-31T23:44:00+00:00,0,40,data\raw\radiation\epa_radnet\zips\or_corvallis_2025-2008.zip,https://www.epa.gov/system/files/other-files/2026-02/or_corvallis_2025-2008.zip,1754.73,1011.47,294.92,161.98,100,124.54,77.2,30.89
radnet-or-portland,OR,Oregon,Portland,Portland,45.536951,-122.649971,Census Gazetteer 2024 place centroid matched to EPA RadNet station city,place_centroid,2007,2025,19,125563,27102,45.48,51,77,4159.35,Lower background gamma,Ambient gamma exposure monitor,EPA RadNet near-real-time air monitor archives,OR: PORTLAND,125563,2007-03-07T19:50:00+00:00,2025-12-31T23:29:00+00:00,37,45,data\raw\radiation\epa_radnet\zips\or_portland_2025-2007.zip,https://www.epa.gov/system/files/other-files/2026-02/or_portland_2025-2007.zip,2087.38,1121.64,342.62,192.24,128.53,152.26,95.75,38.93
radnet-pa-bloomsburg,PA,Pennsylvania,Bloomsburg,Bloomsburg,41.002717,-76.45658,Census Gazetteer 2024 place centroid matched to EPA RadNet station city,place_centroid,2012,2025,14,104724,,,,,3405.87,Dose unavailable,Gamma count-only monitor,EPA RadNet near-real-time air monitor archives,PA: BLOOMSBURG,104724,2012-10-16T14:09:00+00:00,2025-12-31T23:39:00+00:00,,,data\raw\radiation\epa_radnet\zips\pa_bloomsburg_2025-2012.zip,https://www.epa.gov/system/files/other-files/2026-02/pa_bloomsburg_2025-2012.zip,1703.85,985.02,294.61,148.37,83.89,99.51,57.55,33.09
radnet-pa-philadelphia,PA,Pennsylvania,Philadelphia,Philadelphia,40.009376,-75.133346,Census Gazetteer 2024 place centroid matched to EPA RadNet station city,place_centroid,2006,2025,19,122168,52098,50.22,69,101,3798.04,Mid background gamma,Ambient gamma exposure monitor,EPA RadNet near-real-time air monitor archives,PA: PHILADELPHIA,122168,2006-07-24T17:46:00+00:00,2025-12-31T23:48:00+00:00,0,49,data\raw\radiation\epa_radnet\zips\pa_philadelphia_2025-2006.zip,https://www.epa.gov/system/files/other-files/2026-02/pa_philadelphia_2025-2006.zip,1991.93,1018.05,286.98,154.21,98.84,119.89,80.75,47.4
radnet-pa-pittsburgh,PA,Pennsylvania,Pittsburgh,Pittsburgh,40.439936,-79.975676,Census Gazetteer 2024 place centroid matched to EPA RadNet station city,place_centroid,2006,2025,20,148495,43829,66.46,99,190,5164.42,Higher background gamma,Ambient gamma exposure monitor,EPA RadNet near-real-time air monitor archives,PA: PITTSBURGH,148495,2006-12-21T14:57:00+00:00,2025-12-31T23:03:00+00:00,48,62,data\raw\radiation\epa_radnet\zips\pa_pittsburgh_2025-2006.zip,https://www.epa.gov/system/files/other-files/2026-02/pa_pittsburgh_2025-2006.zip,2479.88,1477.56,435.21,254.63,158.71,184.49,117.08,56.85
radnet-pr-san_juan,PR,Puerto Rico,San Juan,San Juan,18.404559,-66.063746,Census Gazetteer 2024 place centroid matched to EPA RadNet station city,place_centroid,2011,2025,15,91934,11631,25.93,28,52,1468.78,Lower background gamma,Ambient gamma exposure monitor,EPA RadNet near-real-time air monitor archives,PR: SAN JUAN,91934,2011-03-02T20:16:00+00:00,2025-12-31T23:14:00+00:00,23,26,data\raw\radiation\epa_radnet\zips\pr_san_juan_2025-2011.zip,https://www.epa.gov/system/files/other-files/2026-02/pr_san_juan_2025-2011.zip,675.24,414.66,137.77,73.68,48.19,63.9,37.4,17.92
radnet-ri-providence,RI,Rhode Island,Providence,Providence,41.823056,-71.418784,Census Gazetteer 2024 place centroid matched to EPA RadNet station city,place_centroid,2006,2025,20,85230,8,0,0,0,5712.69,Lower background gamma,Ambient gamma exposure monitor,EPA RadNet near-real-time air monitor archives,RI: PROVIDENCE,85230,2006-12-01T19:10:00+00:00,2025-12-31T23:37:00+00:00,0,0,data\raw\radiation\epa_radnet\zips\ri_providence_2025-2006.zip,https://www.epa.gov/system/files/other-files/2026-02/ri_providence_2025-2006.zip,2973.97,1533.79,455.2,250.32,173.85,191.67,99.76,34.12
radnet-sc-columbia,SC,South Carolina,Columbia,Columbia,34.040519,-80.906099,Census Gazetteer 2024 place centroid matched to EPA RadNet station city,place_centroid,2014,2025,12,87235,18778,57.56,62,142,5233.36,Mid background gamma,Ambient gamma exposure monitor,EPA RadNet near-real-time air monitor archives,SC: COLUMBIA,87235,2014-08-08T14:13:00+00:00,2025-12-31T23:01:00+00:00,49,57,data\raw\radiation\epa_radnet\zips\sc_columbia_2025-2014.zip,https://www.epa.gov/system/files/other-files/2026-02/sc_columbia_2025-2014.zip,2696.43,1490.08,417.43,207.37,127.61,139.51,97.55,57.39
radnet-sd-pierre,SD,South Dakota,Pierre,Pierre,44.375163,-100.319996,Census Gazetteer 2024 place centroid matched to EPA RadNet station city,place_centroid,2008,2025,18,134205,61366,60.16,72,230,5475.84,Mid background gamma,Ambient gamma exposure monitor,EPA RadNet near-real-time air monitor archives,SD: PIERRE,134205,2008-10-23T18:59:00+00:00,2025-12-31T23:34:00+00:00,0,58,data\raw\radiation\epa_radnet\zips\sd_pierre_2025-2008.zip,https://www.epa.gov/system/files/other-files/2026-02/sd_pierre_2025-2008.zip,2710.7,1630.89,446.4,241.44,135.48,170.7,102.52,37.79
radnet-sd-rapid_city,SD,South Dakota,Rapid City,Rapid City,44.071071,-103.217924,Census Gazetteer 2024 place centroid matched to EPA RadNet station city,place_centroid,2009,2025,16,114496,35559,77.5,112,323,4804.66,Higher background gamma,Ambient gamma exposure monitor,EPA RadNet near-real-time air monitor archives,SD: RAPID CITY,114496,2009-05-07T11:17:00+00:00,2025-12-31T23:14:00+00:00,0,72,data\raw\radiation\epa_radnet\zips\sd_rapid_city_2025-2008.zip,https://www.epa.gov/system/files/other-files/2026-02/sd_rapid_city_2025-2008.zip,2278.49,1439.52,419.89,225.71,137.43,174.15,93.65,35.84
radnet-tn-knoxville,TN,Tennessee,Knoxville,Knoxville,35.97068,-83.94927,Census Gazetteer 2024 place centroid matched to EPA RadNet station city,place_centroid,2012,2025,14,99208,12309,47.12,52,104,3948.58,Mid background gamma,Ambient gamma exposure monitor,EPA RadNet near-real-time air monitor archives,TN: KNOXVILLE,99208,2012-01-01T00:29:00+00:00,2025-12-31T23:23:00+00:00,40,47,data\raw\radiation\epa_radnet\zips\tn_knoxville_2025-2012.zip,https://www.epa.gov/system/files/other-files/2026-02/tn_knoxville_2025-2012.zip,1896.89,1161.45,331.35,181.63,106.73,130.98,89.33,50.23
radnet-tn-memphis,TN,Tennessee,Memphis,Memphis,35.109164,-89.968511,Census Gazetteer 2024 place centroid matched to EPA RadNet station city,place_centroid,2006,2025,19,129865,47997,59.38,74,143,4563.43,Mid background gamma,Ambient gamma exposure monitor,EPA RadNet near-real-time air monitor archives,TN: MEMPHIS,129865,2006-08-20T19:05:00+00:00,2025-12-31T23:53:00+00:00,46,58,data\raw\radiation\epa_radnet\zips\tn_memphis_2025-2006.zip,https://www.epa.gov/system/files/other-files/2026-02/tn_memphis_2025-2006.zip,2268.59,1259.79,384.06,215.15,140.14,156.87,94.58,44.26
radnet-tn-nashville,TN,Tennessee,Nashville-Davidson,Nashville-Davidson,36.1718,-86.785002,Census Gazetteer 2024 place centroid matched to EPA RadNet station city,place_centroid,2007,2025,19,119632,49860,37.73,60,123,2756.01,Lower background gamma,Ambient gamma exposure monitor,EPA RadNet near-real-time air monitor archives,TN: NASHVILLE,119632,2007-07-26T20:42:00+00:00,2025-12-31T23:55:00+00:00,29,34,data\raw\radiation\epa_radnet\zips\tn_nashville_2025-2007.zip,https://www.epa.gov/system/files/other-files/2026-02/tn_nashville_2025-2007.zip,1299.32,805.57,237.39,135.01,78.54,101.96,69.74,28.49
radnet-tx-amarillo,TX,Texas,Amarillo,Amarillo,35.198064,-101.833107,Census Gazetteer 2024 place centroid matched to EPA RadNet station city,place_centroid,2009,2025,17,94672,19798,67.12,75,180,4472.2,Higher background gamma,Ambient gamma exposure monitor,EPA RadNet near-real-time air monitor archives,TX: AMARILLO,94672,2009-08-13T22:14:00+00:00,2025-06-16T17:01:00+00:00,56,66,data\raw\radiation\epa_radnet\zips\tx_amarillo_2025-2009.zip,https://www.epa.gov/system/files/other-files/2026-02/tx_amarillo_2025-2009.zip,2171.69,1320.3,374.61,206.28,119.61,145.69,90.79,43.45
radnet-tx-austin,TX,Texas,Austin,Austin,30.298622,-97.754134,Census Gazetteer 2024 place centroid matched to EPA RadNet station city,place_centroid,2007,2025,19,113509,58466,44.87,59,236,3242.06,Lower background gamma,Ambient gamma exposure monitor,EPA RadNet near-real-time air monitor archives,TX: AUSTIN,113509,2007-07-10T18:58:00+00:00,2025-12-31T23:45:00+00:00,0,43,data\raw\radiation\epa_radnet\zips\tx_austin_2025-2007.zip,https://www.epa.gov/system/files/other-files/2026-02/tx_austin_2025-2007.zip,1592.2,909.77,262.63,149.63,95.66,116.55,77.33,38.33
radnet-tx-corpus_christi,TX,Texas,Corpus Christi,Corpus Christi,27.754252,-97.173385,Census Gazetteer 2024 place centroid matched to EPA RadNet station city,place_centroid,2009,2025,14,73146,32425,52.36,61,100,4352.19,Mid background gamma,Ambient gamma exposure monitor,EPA RadNet near-real-time air monitor archives,TX: CORPUS CHRISTI,73146,2009-03-19T19:32:00+00:00,2025-12-31T23:49:00+00:00,42,51,data\raw\radiation\epa_radnet\zips\tx_corpus_christi_2025-2009.zip,https://www.epa.gov/system/files/other-files/2026-02/tx_corpus_christi_2025-2009.zip,2072.5,1292.11,384.12,198.2,123.22,145.75,92.48,44.02
radnet-tx-dallas,TX,Texas,Dallas,Dallas,32.793333,-96.766513,Census Gazetteer 2024 place centroid matched to EPA RadNet station city,place_centroid,2007,2025,19,140488,67291,40.06,45,111,3213.88,Lower background gamma,Ambient gamma exposure monitor,EPA RadNet near-real-time air monitor archives,TX: DALLAS,140488,2007-07-11T21:15:00+00:00,2025-02-26T23:28:00+00:00,33,39,data\raw\radiation\epa_radnet\zips\tx_dallas_2025-2007.zip,https://www.epa.gov/system/files/other-files/2026-02/tx_dallas_2025-2007.zip,1584.64,891.66,263.16,145.54,90.24,110.27,86.03,42.44
radnet-tx-el_paso,TX,Texas,El Paso,El Paso,31.84778,-106.431106,Census Gazetteer 2024 place centroid matched to EPA RadNet station city,place_centroid,2008,2025,18,116175,34999,79.42,91,209,5229.95,Higher background gamma,Ambient gamma exposure monitor,EPA RadNet near-real-time air monitor archives,TX: EL PASO,116175,2008-12-24T10:24:00+00:00,2025-12-31T23:22:00+00:00,66,77,data\raw\radiation\epa_radnet\zips\tx_el_paso_2025-2008.zip,https://www.epa.gov/system/files/other-files/2026-02/tx_el_paso_2025-2008.zip,2418.35,1551.41,456.8,254.59,162.34,201.95,130.59,54.21
radnet-tx-fort_worth,TX,Texas,Fort Worth,Fort Worth,32.781954,-97.348573,Census Gazetteer 2024 place centroid matched to EPA RadNet station city,place_centroid,2007,2025,18,123673,34422,53.86,76,180,4129.21,Mid background gamma,Ambient gamma exposure monitor,EPA RadNet near-real-time air monitor archives,TX: FORT WORTH,123673,2007-03-12T20:21:00+00:00,2025-12-28T00:47:00+00:00,0,50,data\raw\radiation\epa_radnet\zips\tx_fort_worth_2025-2007.zip,https://www.epa.gov/system/files/other-files/2026-02/tx_fort_worth_2025-2007.zip,1988.03,1201.83,356.04,195.46,116.8,136.85,86.84,47.42
radnet-tx-harlingen,TX,Texas,Harlingen,Harlingen,26.191204,-97.697383,Census Gazetteer 2024 place centroid matched to EPA RadNet station city,place_centroid,2009,2025,17,88633,71,0,0,0,3828.68,Lower background gamma,Ambient gamma exposure monitor,EPA RadNet near-real-time air monitor archives,TX: HARLINGEN,88633,2009-10-29T14:16:00+00:00,2025-12-31T23:02:00+00:00,0,0,data\raw\radiation\epa_radnet\zips\tx_harlingen_2025-2009.zip,https://www.epa.gov/system/files/other-files/2026-02/tx_harlingen_2025-2009.zip,1904.34,1131.3,319.48,164.17,96.13,113.65,70.23,29.39
radnet-tx-houston,TX,Texas,Houston,Houston,29.785743,-95.388806,Census Gazetteer 2024 place centroid matched to EPA RadNet station city,place_centroid,2007,2025,19,146100,68821,40.3,49,129,3524.75,Lower background gamma,Ambient gamma exposure monitor,EPA RadNet near-real-time air monitor archives,TX: HOUSTON,146100,2007-03-14T18:49:00+00:00,2025-12-31T23:57:00+00:00,0,39,data\raw\radiation\epa_radnet\zips\tx_houston_2025-2007.zip,https://www.epa.gov/system/files/other-files/2026-02/tx_houston_2025-2007.zip,1587.05,894.8,261.57,138.73,89.93,128.7,361.23,62.73
radnet-tx-laredo,TX,Texas,Laredo,Laredo,27.560379,-99.489181,Census Gazetteer 2024 place centroid matched to EPA RadNet station city,place_centroid,2009,2025,17,67918,12897,49.18,59,157,5030.59,Mid background gamma,Ambient gamma exposure monitor,EPA RadNet near-real-time air monitor archives,TX: LAREDO,67918,2009-06-26T19:56:00+00:00,2025-12-11T02:07:00+00:00,40,48,data\raw\radiation\epa_radnet\zips\tx_laredo_2025-2009.zip,https://www.epa.gov/system/files/other-files/2026-02/tx_laredo_2025-2009.zip,2547.88,1485.95,414.13,201.47,114.95,136.71,87.83,42.12
radnet-tx-lubbock,TX,Texas,Lubbock,Lubbock,33.561901,-101.888883,Census Gazetteer 2024 place centroid matched to EPA RadNet station city,place_centroid,2010,2025,16,110525,41105,56.07,68,170,3717.91,Mid background gamma,Ambient gamma exposure monitor,EPA RadNet near-real-time air monitor archives,TX: LUBBOCK,110525,2010-09-01T15:41:00+00:00,2025-12-31T23:59:00+00:00,0,54,data\raw\radiation\epa_radnet\zips\tx_lubbock_2025-2010.zip,https://www.epa.gov/system/files/other-files/2026-02/tx_lubbock_2025-2010.zip,1712.62,1135.26,320.44,185.75,106,131.21,85.64,41
radnet-tx-san_angelo,TX,Texas,San Angelo,San Angelo,31.441078,-100.450499,Census Gazetteer 2024 place centroid matched to EPA RadNet station city,place_centroid,2009,2025,17,124751,29831,50.61,70,176,3651.67,Mid background gamma,Ambient gamma exposure monitor,EPA RadNet near-real-time air monitor archives,TX: SAN ANGELO,124751,2009-09-01T17:51:00+00:00,2025-09-24T09:38:00+00:00,41,48,data\raw\radiation\epa_radnet\zips\tx_san_angelo_2025-2009.zip,https://www.epa.gov/system/files/other-files/2026-02/tx_san_angelo_2025-2009.zip,1736.58,1100.94,322.87,171.47,97.53,114.85,71.1,36.33
radnet-tx-san_antonio,TX,Texas,San Antonio,San Antonio,29.462809,-98.524635,Census Gazetteer 2024 place centroid matched to EPA RadNet station city,place_centroid,2008,2025,18,131261,68879,37.83,43,197,2784.18,Lower background gamma,Ambient gamma exposure monitor,EPA RadNet near-real-time air monitor archives,TX: SAN ANTONIO,131261,2008-02-25T22:54:00+00:00,2025-06-21T23:51:00+00:00,0,37,data\raw\radiation\epa_radnet\zips\tx_san_antonio_2025-2008.zip,https://www.epa.gov/system/files/other-files/2026-02/tx_san_antonio_2025-2008.zip,1348.05,787.89,225.6,131.34,78.06,101.85,76.79,34.7
radnet-ut-salt_lake_city,UT,Utah,Salt Lake City,Salt Lake City,40.776928,-111.930991,Census Gazetteer 2024 place centroid matched to EPA RadNet station city,place_centroid,2007,2025,19,126681,51104,65.57,83,171,4013.7,Higher background gamma,Ambient gamma exposure monitor,EPA RadNet near-real-time air monitor archives,UT: SALT LAKE CITY,126681,2007-01-09T23:47:00+00:00,2025-12-31T23:10:00+00:00,0,63,data\raw\radiation\epa_radnet\zips\ut_salt_lake_city_2025-2007.zip,https://www.epa.gov/system/files/other-files/2026-02/ut_salt_lake_city_2025-2007.zip,1953.41,1150.89,338.94,191.77,118.04,136.93,86.27,37.62
radnet-ut-st-george,UT,Utah,St. George,St. George,37.077006,-113.576534,Census Gazetteer 2024 place centroid matched to EPA RadNet station city,place_centroid,2012,2025,14,83982,69,0,0,0,5874.89,Lower background gamma,Ambient gamma exposure monitor,EPA RadNet near-real-time air monitor archives,UT: ST. GEORGE,83982,2012-08-16T12:33:00+00:00,2025-12-31T23:24:00+00:00,0,0,data\raw\radiation\epa_radnet\zips\ut_st-george_2025-2012.zip,https://www.epa.gov/system/files/other-files/2026-02/ut_st-george_2025-2012.zip,2759.97,1749.78,522.96,277.1,180.36,205.86,128.53,50.38
radnet-va-harrisonburg,VA,Virginia,Harrisonburg,Harrisonburg,38.436255,-78.873303,Census Gazetteer 2024 place centroid matched to EPA RadNet station city,place_centroid,2008,2025,18,130056,37703,54.21,61,150,4809.04,Mid background gamma,Ambient gamma exposure monitor,EPA RadNet near-real-time air monitor archives,VA: HARRISONBURG,130056,2008-11-25T18:58:00+00:00,2025-12-31T23:02:00+00:00,0,54,data\raw\radiation\epa_radnet\zips\va_harrisonburg_2025-2008.zip,https://www.epa.gov/system/files/other-files/2026-02/va_harrisonburg_2025-2008.zip,2176.27,1445.91,459.74,257.25,148.93,167.7,101.79,51.47
radnet-va-richmond,VA,Virginia,Richmond,Richmond,37.531399,-77.476009,Census Gazetteer 2024 place centroid matched to EPA RadNet station city,place_centroid,2007,2025,19,138712,53468,61.07,103,170,4128.83,Mid background gamma,Ambient gamma exposure monitor,EPA RadNet near-real-time air monitor archives,VA: RICHMOND,138712,2007-05-24T05:42:00+00:00,2025-12-31T23:40:00+00:00,0,52,data\raw\radiation\epa_radnet\zips\va_richmond_2025-2007.zip,https://www.epa.gov/system/files/other-files/2026-02/va_richmond_2025-2007.zip,2044.75,1215.72,334.61,178.7,106.94,126.49,79.39,42.23
radnet-va-virginia_beach,VA,Virginia,Virginia Beach,Virginia Beach,36.779525,-76.029142,Census Gazetteer 2024 place centroid matched to EPA RadNet station city,place_centroid,2007,2025,19,140766,12297,53.74,58,108,5074.37,Mid background gamma,Ambient gamma exposure monitor,EPA RadNet near-real-time air monitor archives,VA: VIRGINIA BEACH,140766,2007-05-25T17:25:00+00:00,2025-12-31T23:39:00+00:00,44,53,data\raw\radiation\epa_radnet\zips\va_virginia_beach_2025-2007.zip,https://www.epa.gov/system/files/other-files/2026-02/va_virginia_beach_2025-2007.zip,2690.86,1369.44,385.98,199.38,133.83,156.27,94.26,44.35
radnet-vt-burlington,VT,Vermont,Burlington,Burlington,44.491927,-73.238882,Census Gazetteer 2024 place centroid matched to EPA RadNet station city,place_centroid,2009,2025,16,101660,60681,43.4,51,125,3418.88,Lower background gamma,Ambient gamma exposure monitor,EPA RadNet near-real-time air monitor archives,VT: BURLINGTON,101660,2009-12-16T09:21:00+00:00,2025-12-31T23:18:00+00:00,12,45,data\raw\radiation\epa_radnet\zips\vt_burlington_2025-2009.zip,https://www.epa.gov/system/files/other-files/2026-02/vt_burlington_2025-2009.zip,1658.04,986.75,287.66,153.05,99.06,121.54,76.76,36.17
radnet-wa-ellensburg,WA,Washington,Ellensburg,Ellensburg,47.000124,-120.54954,Census Gazetteer 2024 place centroid matched to EPA RadNet station city,place_centroid,2016,2025,10,71736,6237,46.15,50,67,3264.06,Mid background gamma,Ambient gamma exposure monitor,EPA RadNet near-real-time air monitor archives,WA: ELLENSBURG,71736,2016-04-12T17:56:00+00:00,2025-12-31T23:23:00+00:00,0,46,data\raw\radiation\epa_radnet\zips\wa_ellensburg_2025-2016.zip,https://www.epa.gov/system/files/other-files/2026-02/wa_ellensburg_2025-2016.zip,1589.88,931.17,277.61,146.27,90.16,117.86,73.57,37.54
radnet-wa-olympia,WA,Washington,Olympia,Olympia,47.040604,-122.895,Census Gazetteer 2024 place centroid matched to EPA RadNet station city,place_centroid,2008,2025,18,142731,43651,43.76,89,178,2631.68,Lower background gamma,Ambient gamma exposure monitor,EPA RadNet near-real-time air monitor archives,WA: OLYMPIA,142731,2008-04-02T20:00:00+00:00,2025-12-31T23:25:00+00:00,0,34,data\raw\radiation\epa_radnet\zips\wa_olympia_2025-2008.zip,https://www.epa.gov/system/files/other-files/2026-02/wa_olympia_2025-2008.zip,1434.78,694.22,191.74,105.34,62.76,75.02,45.13,22.69
radnet-wa-richland,WA,Washington,Richland,Richland,46.28698,-119.294045,Census Gazetteer 2024 place centroid matched to EPA RadNet station city,place_centroid,2009,2025,17,113036,62407,76.49,106,176,5116.22,Higher background gamma,Ambient gamma exposure monitor,EPA RadNet near-real-time air monitor archives,WA: RICHLAND,113036,2009-09-29T18:52:00+00:00,2025-12-31T23:16:00+00:00,0,72,data\raw\radiation\epa_radnet\zips\wa_richland_2025-2009.zip,https://www.epa.gov/system/files/other-files/2026-02/wa_richland_2025-2009.zip,2471.97,1528.46,428.77,233.82,144.28,173.76,99.64,35.55
radnet-wa-seattle,WA,Washington,Seattle,Seattle,47.619335,-122.351538,Census Gazetteer 2024 place centroid matched to EPA RadNet station city,place_centroid,2008,2025,18,140718,8912,27.1,30,40,1727.34,Lower background gamma,Ambient gamma exposure monitor,EPA RadNet near-real-time air monitor archives,WA: SEATTLE,140718,2008-06-02T21:47:00+00:00,2025-12-31T23:10:00+00:00,23,27,data\raw\radiation\epa_radnet\zips\wa_seattle_2025-2008.zip,https://www.epa.gov/system/files/other-files/2026-02/wa_seattle_2025-2008.zip,826.95,493.82,150.56,82.51,50.78,62.38,41.57,18.8
radnet-wa-spokane,WA,Washington,Spokane,Spokane,47.666935,-117.433322,Census Gazetteer 2024 place centroid matched to EPA RadNet station city,place_centroid,2008,2025,18,138664,52599,85.37,95,221,7234.22,Higher background gamma,Ambient gamma exposure monitor,EPA RadNet near-real-time air monitor archives,WA: SPOKANE,138664,2008-06-03T11:18:00+00:00,2025-12-31T23:24:00+00:00,66,85,data\raw\radiation\epa_radnet\zips\wa_spokane_2025-2008.zip,https://www.epa.gov/system/files/other-files/2026-02/wa_spokane_2025-2008.zip,3622.58,2077.24,605.39,322.75,206.83,228.3,127.49,43.7
radnet-wi-la_crosse,WI,Wisconsin,La Crosse,La Crosse,43.824685,-91.224616,Census Gazetteer 2024 place centroid matched to EPA RadNet station city,place_centroid,2013,2025,13,80360,49253,60.04,68,182,4362.58,Mid background gamma,Ambient gamma exposure monitor,EPA RadNet near-real-time air monitor archives,WI: LA CROSSE,80360,2013-07-11T13:58:00+00:00,2025-12-31T23:27:00+00:00,37,60,data\raw\radiation\epa_radnet\zips\wi_la_crosse_2025-2013.zip,https://www.epa.gov/system/files/other-files/2026-02/wi_la_crosse_2025-2013.zip,2176.23,1260.78,352.83,187.78,116.55,143.6,93.17,31.65
radnet-wi-madison,WI,Wisconsin,Madison,Madison,43.087815,-89.429856,Census Gazetteer 2024 place centroid matched to EPA RadNet station city,place_centroid,2008,2025,18,131269,47089,59.29,104,208,3946.11,Mid background gamma,Ambient gamma exposure monitor,EPA RadNet near-real-time air monitor archives,WI: MADISON,131269,2008-11-07T15:49:00+00:00,2025-12-31T23:26:00+00:00,0,52,data\raw\radiation\epa_radnet\zips\wi_madison_2025-2008.zip,https://www.epa.gov/system/files/other-files/2026-02/wi_madison_2025-2008.zip,1877.54,1161.88,338.21,187.13,115.01,141.11,91,34.23
radnet-wi-milwaukee,WI,Wisconsin,Milwaukee,Milwaukee,43.063348,-87.966695,Census Gazetteer 2024 place centroid matched to EPA RadNet station city,place_centroid,2006,2025,19,137167,43573,61.98,127,276,3131.78,Higher background gamma,Ambient gamma exposure monitor,EPA RadNet near-real-time air monitor archives,WI: MILWAUKEE,137167,2006-11-07T17:05:00+00:00,2025-12-31T23:04:00+00:00,33,49,data\raw\radiation\epa_radnet\zips\wi_milwaukee_2025-2006.zip,https://www.epa.gov/system/files/other-files/2026-02/wi_milwaukee_2025-2006.zip,1605.85,816.85,245.93,141.58,89.04,113.13,74.69,44.79
radnet-wi-shawano,WI,Wisconsin,Shawano,Shawano,44.777894,-88.586019,Census Gazetteer 2024 place centroid matched to EPA RadNet station city,place_centroid,2012,2025,14,103954,30111,53.95,64,138,3712.22,Mid background gamma,Ambient gamma exposure monitor,EPA RadNet near-real-time air monitor archives,WI: SHAWANO,103954,2012-08-28T14:43:00+00:00,2025-12-31T23:09:00+00:00,0,53,data\raw\radiation\epa_radnet\zips\wi_shawano_2025-2012.zip,https://www.epa.gov/system/files/other-files/2026-02/wi_shawano_2025-2012.zip,1765.11,1076.31,322.81,182,111.5,136.67,84.65,33.17
radnet-wv-charleston,WV,West Virginia,Charleston,Charleston,38.348692,-81.632324,Census Gazetteer 2024 place centroid matched to EPA RadNet station city,place_centroid,2008,2025,18,132386,10688,50.16,56,122,4751.89,Mid background gamma,Ambient gamma exposure monitor,EPA RadNet near-real-time air monitor archives,WV: CHARLESTON,132386,2008-03-11T20:42:00+00:00,2025-12-31T23:53:00+00:00,38,50,data\raw\radiation\epa_radnet\zips\wv_charleston_2025-2008.zip,https://www.epa.gov/system/files/other-files/2026-02/wv_charleston_2025-2008.zip,2259.03,1381.52,400.38,234.26,134.45,175.04,110.32,56.89
radnet-wy-casper,WY,Wyoming,Casper,Casper,42.84212,-106.321282,Census Gazetteer 2024 place centroid matched to EPA RadNet station city,place_centroid,2013,2025,13,86343,40815,100.17,110,239,5789.12,Higher background gamma,Ambient gamma exposure monitor,EPA RadNet near-real-time air monitor archives,WY: CASPER,86343,2013-10-28T17:07:00+00:00,2025-12-31T23:30:00+00:00,0,99,data\raw\radiation\epa_radnet\zips\wy_casper_2025-2013.zip,https://www.epa.gov/system/files/other-files/2026-02/wy_casper_2025-2013.zip,2906,1685.15,469.01,246.69,150.75,189.6,102.04,39.86
