Short reference,Reference,URL
Adkins (2015),"Adkins, A.R., 2015, NI [Canadian National Instrument] technical report of the Sunday Mine Complex uranium property, San Miguel County, Colorado, USA: Toronto, Ontario, Canada, Western Uranium Corporation, Inc. prepared by author, Nucla, Colorado, 42 p., accessed March 27, 2023, at https://western-uranium.com/technical-reports.html.",https://western-uranium.com/technical-reports.html
"Agapito Associates, Inc. (2022)","Agapito Associates, Inc., 2022, Technical report summary of 2021estimated resources and reserves at Intrepid Potash- New Mexico: Report prepared for Intrepid Potash-New Mexico, LLC, effective date December 31, 2021, report date February 18, 2022, accessed May 2, 2023, at https://www.sec.gov/Archives/edgar/data/1421461/000142146122000011/ipi12312021exhibit961a.htm.",https://www.sec.gov/Archives/edgar/data/1421461/000142146122000011/ipi12312021exhibit961a.htm
Albemarle Corporation (2022),"Albemarle Corporation, 2022, Albemarle Corporation annual report for the fiscal year ended December 31, 2022: US SEC Form 10-K, 126 p.",
Alief (2009),"Alief, M.H., 2009, NI [Canadian National Instrument] 43-101amended technical report on Torbyn Property: Lakewood, Colorado, Energy Fuels Incorporated, prepared by Alinco GeoServices, Lakewood, Colorado, 37 p.",
American Rare Earths (2021),"American Rare Earths, 2021, Drilling at La Paz delivers indicated resource estimate increase 117% to 35.2 million tonnes (MT): American Rare Earths ASX announcement dated August 3, 2021, 63 p., accessed January 30, 2024, at https://announcements.asx.com.au/asxpdf/20210803/pdf/44yypqvr0p0v90.pdf.",https://announcements.asx.com.au/asxpdf/20210803/pdf/44yypqvr0p0v90.pdf
American Rare Earths (2024),"American Rare Earths, 2024,Technical report of exploration and updated resource estimates of the Halleck Creek Rare Earths Project: American Rare Earths, Ltd, 268 p., accessed March 1, 2024 at https://americanrareearths.com.au/wp-content/uploads/2024/02/01_Halleck_Creek_Technical_Report_v17-Appendices.pdf.",https://americanrareearths.com.au/wp-content/uploads/2024/02/01_Halleck_Creek_Technical_Report_v17-Appendices.pdf
American West Metals Ltd. (2023),"American West Metals Ltd., 2023, Maiden JORC mineral resource increases zinc metal by 44% at the West Desert deposit: American West Metals Limited ASX release dated February 9, 2023, 36 p., website accessed April 3, 2023, at https://investingnews.com.au/maiden-jorc-mineral-resource-increases-zinc-metal-by-44-at-the-west-desert-deposit.",https://investingnews.com.au/maiden-jorc-mineral-resource-increases-zinc-metal-by-44-at-the-west-desert-deposit
Anderson (1947),"Anderson, A.L., 1947, Geology of the lead-silver deposits of the Clark Fork District, Bonner County, Idaho: U.S. Geological Survey Bulletin 944-B, 88 p.",https://pubs.er.usgs.gov/publication/b944B
Anson Resources (2022),"Anson Resources, 2022, Anson delivers 1 Mt LCE mineral resource at Paradox lithium project: Anson Resources press release dated November 2, 2022, 30 p., accessed March 30, 2023, at https://wcsecure.weblink.com.au/pdf/ASN/02592652.pdf.",https://wcsecure.weblink.com.au/pdf/ASN/02592652.pdf
ARDF (1996),"U.S. Geological Survey, 1996, Alaska Resource Data File, (ver. 1.7, March, 2018): U.S. Geological Survey data release, https://doi.org/10.5066/P96MMRFD.",https://doi.org/10.5066/P96MMRFD
Arizona Lithium (2022),"Arizona Lithium, 2022, Commencement of definitive feasibility study at Big Sandy lithium project: ASX announcement press release dated November 22, 2022, 3 p.",
Arkansas Geological Survey (2007),"Arkansas Geological Survey, 2007, History of bauxite in Arkansas: A.G.E.S. Brochure Series 003, 8 p., accessed May 30, 2023, at https://www.geology.arkansas.gov/docs/pdf/education/Bauxite.pdf.",https://www.geology.arkansas.gov/docs/pdf/education/Bauxite.pdf
Arseneau (2023),"Arseneau, G., 2023, NI [Canadian National Instrument] 43-101 2022 mineral resource update for the Niblack polymetallic project, Prince of Wales Island, Alaska, USA: Vancouver, British Columbia, Canada, Blackwolf Copper & Gold, Ltd., prepared by Arseneau Consulting Services Inc., Vancouver, British Columbia, Canada, 112 p.",
Baggs and others (1988),"Baggs, D.W., Northam, M.J., Meyer, M.P., and Maas, K.M., 1988, Selected significant mineral deposits in Alaska—A Minerals Availability System overview: U.S. Bureau of Mines Information Circular 9177, 124 p.",https://dggs.alaska.gov/pubs/id/21293
Bakker and others (2020),"Bakker, F.J., Grant, J.W., LeBlanc, B., Hinton, E., deGagne, R.C., Palkovits, F., Malhotra, D., and Ritchie, E., 2020, NI [Canadian National Instrument] preliminary economic assessment Pickett Mountain project, Penobscot County, Maine, USA: Thunder Bay, Ontario, Canada, Wolfden Resources Corporation, prepared by A-Z Mining Professionals Limited, Toronto, Ontario, Canada, 216 p.",
Barber and others (2014),"Barber, John, Parker, Harry, Frost, David, Hartley, Janine, White, Trey, Martin, Chris, Sterrett, Robert, Poeck, Joanna, Eggleston, Ted, Gormley, Lynton, Allard, Simon, Annavarapu, Srikant, Radue, Tom, Malgesini, Matthew, and Pierce, Matthew, 2014, Twin Metals Minnesota Project, Ely Minnesota, USA, NI 43-101 Technical Report on Pre-feasibility Study: Prepared for Duluth Metals Corp., 558 p.",
Barker (1991),"Barker, J.C., 1991, Investigation of tin-rare earth element placers in the Ray River watershed: U.S. Bureau of Mines Open-File Report 34-91, 63 p.",https://dggs.alaska.gov/pubs/id/21385
Barton and Young (2002),"Barton, M.D., and Young, S., 2002, Non-pegmatitic deposits of beryllium—Mineralogy, geology, phase equilibria and origin, in Grew, E.S., ed., Beryllium—Mineralogy, petrology, and geochemistry: Reviews in Mineralogy and Geochemistry, v. 50, p. 591–691.",
Batty and others (2022),"Batty, M., Bird, E., Broili, A., Brown, A., Doundarov, G., Gorham, J., Hales, M., Harton, S., Jundis, R., Khwaja, M., Larochelle, E., Lepage, M., Marx, W., McKenzie, I., Sames, J., Tinucci, J., Willow, M., and Winters, D., 2022, NI [Canadian National Instrument] 43-101 technical report feasibility study Elk Creek Project, Nebraska: Centennial, Colorado, NioCorp Development Ltd., prepared by Understood Mineral Resources Ltd (among many), Saskatoon, Saskatchewan, Canada, 659 p., accessed March 14, 2023 at https://www.niocorp.com/wp-content/uploads/NioCorp_June-2022_NI_43-101_Technical_Report.pdf.",https://www.niocorp.com/wp-content/uploads/NioCorp_June-2022_NI_43-101_Technical_Report.pdf
Beahm and others (2014),"Beahm, D., Davis, B., and Sim, R., 2014, NI [Canadian National Instrument] 43-101 technical report preliminary economic assessment Slick Rock Project Uranium/Vanadium Deposit, San Miguel County, Southwest Colorado, USA: Corpus Cristi, Texas, Uranium Energy Corp., prepared by BRS Inc, Riverton, Wyoming, 108 p., accessed April 4, 2023, at https://www.miningdataonline.com/reports/Slick_Rock_2014_PEA.pdf.",https://www.miningdataonline.com/reports/Slick_Rock_2014_PEA.pdf
Beahm and others (2022),"Beahm, D., Warren, C., and Stewart, J., 2022, NI [Canadian National Instrument] 43-101 mineral resource technical report, US DOE uranium/vanadium leases JD-6, JD-7, JD-9, and JD-9, Montrose County Colorado, USA: Vancouver, British Columbia, Canada, Anfield Energy, Inc., prepared by BRS Inc, Riverton, Wyoming, 83 p.",
Beaty and others (1986),"Beaty, D.W., Cunningham, C.G., Rye, R.O., Steven, T.A., and Gonzalez-Urien, E., 1986, Geology and geochemistry of the Deer Trail Pb-Zn-Ag-Au-Cu manto deposits, Marysvale District, west-central Utah: Economic Geology, v. 81, no. 8, p. 1932–1952.",http://pubs.er.usgs.gov/publication/70206952
Beck (2010),"Beck, F.M., 2010, A history of non-ferrous metal mining and exploration in Maine: Presentation to the Maine Geological Society, accessed May 11, 2023, at http://www.gsmmaine.org/wp-content/uploads/2010/02/A-History-of-non-ferrous-metal-mining-and-exploration-6.pdf.",http://www.gsmmaine.org/wp-content/uploads/2010/02/A-History-of-non-ferrous-metal-mining-and-exploration-6.pdf
Bellora and others (2019),"Bellora, J.D., Burger, M.H., Van Gosen, B.S., Long, K.R., Carroll, T.R., Schmeda, Germán, and Giles, S.A., 2019, Rare Earth Element Occurrences in the United States (ver. 4.0, June 2019): U.S. Geological Survey data release, https://doi.org/10.5066/F7FN15D1.",https://doi.org/10.5066/F7FN15D1
Bittenbender and others (1999),"Bittenbender, P., Still, J.C., Maas, K., and McDonald, M., Jr., 1999, Mineral resources of the Chichagof and Baranof Islands area, southeast Alaska: Bureau of Land Management, BLM-Alaska Technical Report 19, 222 p.",
Bliss and Menzie (1995),"Bliss, J.D., and Menzie, W.D., 1995, Preliminary grade and volume model of alluvial Sn-Au placers: U.S. Geological Survey Open-File Report 95-649, 14 p.",https://pubs.usgs.gov/publication/ofr95649
Boden and others (2016),"Boden, T., Krahulec, K., Vanden Berg, M., and Rupke, A., 2016, Utah's extractive resource industries, 2015: Utah Geological Survey Circular 123, 38 p., accessed May 3, 2023, at https://ugspub.nr.utah.gov/publications/circular/c-123.pdf.",https://ugspub.nr.utah.gov/publications/circular/c-123.pdf
Bradley and Krolak (1989),"Bradley, M.F., and Krolak, T.E., 1989, The Magmont-West lead-zinc-copper mine (Cominco American Incorporated-Dresser Minerals) Viburnum Trend, Southeast Missouri, in Mississippi Valley-type mineralization of the Viburnum Trend, Missouri, Hagni, R.D., Coveney, R.M., Jr., eds., Mississippi Valley-type mineralization of the Viburnum Trend, Missouri: Society of Economic Geology Guidebook Series 5, p. 84–95.",
Brebner and others (2018),"Brebner, J., Lefaivre, A., Bairos, D., Laxer, C., Henchel, L.D., Reinke, R., and Ennis, S., 2018, NI [Canadian National Instrument] 43-101 technical report summarizing the feasibility study for the Sevier Playa potash project, Millard County, Utah: Vancouver, British Columbia, Canada, Crystal Peak Minerals Inc., prepared by Novopro Projects Inc., Montreal, Quebec, Canada, 360 p.",
Breuer and others (2021),"Breuer, R., Eccles, D.R., Hunt, T., Mielke, E., Molnar, R., and Shikaze, S., 2021, NI [Canadian National Instrument] 43-101 preliminary economic assessment of SW Arkansas lithium project, amended: Vancouver, British Columbia, Canada, Standard Lithium Ltd., prepared by NORAM Engineering and Constructors, Ltd., Vancouver, British Columbia, Canada, 216 p.",
Brooks (1918),"Brooks, A.H., 1918, The Alaskan mining industry in 1916: U.S. Geological Survey Bulletin 662, p. 11–62.",https://dggs.alaska.gov/pubs/id/3429
Brown and others (2011),"Brown, R.W., Buckingham, F., Fraser, B.D., Ghaffari, H., Hantelmann, T., Huang, J., Ramsey, D., Tribe, N.L., and Triebel, K., 2011, NI [Canadian National Instrument] 43-101 preliminary economic assessment and technical report of the Tami-Mosi project, Nevada: Vancouver, British Columbia, Canada, Molycor Gold Corp., prepared by Wardrop, Vancouver, British Columbia, Canada, 209 p.",
Brown and others (2022),"Brown, R.C., Gray, J.N., and Jones, L., 2022, NI [Canadian National Instrument] 43-101 updated mineral resource estimate and technical report for the Johnson Tract Project, Alaska: Vancouver, British Columbia, Canada, HighGold Mining, prepared by Oriented Targeting Solutions, LLC, Reno, Nevada, 199 p.",
Buckingham and others (2014),"Buckingham, F., Ghaffari, H., Hantelmann, T., Huang, J., Tribe, N.L., Triebel, K., and Hafez, S.A., 2014, NI [Canadian National Instrument] 43-101preliminary economic assessment and technical report of the Tami-Mosi Magnesium Project, Nevada: Vancouver, British Columbia, Canada, Nevada Clean Magnesium, Inc., prepared by Tetra Tech, Vancouver, British Columbia, Canada, 159 p., accessed June 27, 2023, at www.sedar.com.",www.sedar.com.
Bundtzen (2011),"Bundtzen, T.K., 2011, NI [Canadian National Instrument] 43-101F update on lode mineral resource and reserve estimates, Antimony‐Gold Lode Deposits, Nolan Creek, Wiseman B‐1 Quadrangle, Koyukuk Mining District, Alaska: Vancouver, British Columbia, Canada, Silverado Gold Mines, Ltd., prepared by Pacific Rim Geological Consulting, Inc, Fairbanks, Alaska, 239 p., accessed April 13, 2023, at https://www.sedar.com/GetFile.do?lang=EN&docClass=24&issuerNo=00000545&issuerType=03&projectNo=01774181&docId=2931202.",https://www.sedar.com/GetFile.do?lang=EN&docClass=24&issuerNo=00000545&issuerType=03&projectNo=01774181&docId=2931202
Bundtzen and Gilbert (1991),"Bundtzen, T.K., and Gilbert, W.G., 1991, Geology and geochemistry of the Gagaryah barite deposit, western Alaska Range, Alaska, in Reger, R. D., ed., Short notes on Alaskan geology 1991: Alaska Division of Geological and Geophysical Surveys Professional Report 111, p. 9–20.",
Bundtzen and others (1990),"Bundtzen, T.K., Swainbank, R.C., Deagen, J.R., and Moore, J.L., 1990, Alaska's mineral industry 1989, Alaska Division of Geological and Geophysical Surveys Special Report 44, 100 p.",
Burger and Long (2018),"Burger, M.H., and Long, K.R., 2018, Rhenium occurrences in the United States: U.S. Geological Survey data release, https://doi.org/10.5066/F7KP81F2.",https://doi.org/10.5066/F7KP81F2
Burger and others (2018),"Burger, M.H., Schmeda, G., Long, K.R., Reyes, T.A., and Karl, N.A., 2018, Cobalt deposits in the United States: U.S. Geological Survey data release, https://doi.org/10.5066/P9V74HIU.",https://doi.org/10.5066/P9V74HIU
Burgin (1949),"Burgin, W.H., 1949, Chamac Mines Fluorspar Property: Geneva Steel Co. Special Report, 76 p., accessed September 1, 2021, at https://www.idahogeology.org/WebMap/WebData/Mines.asp.",https://www.idahogeology.org/WebMap/WebData/Mines.asp
Burleigh (1991),"Burleigh, R.E., 1991, Evaluation of the tin-tungsten greisen mineralization and associated granite at Sleitat Mountain, southwestern Alaska: U.S. Bureau of Mines Open-File Report 35-91, 41 p.",https://www.sciencebase.gov/catalog/item/646f8fead34e4e58932cfe51
Cameron and others (1954),"Cameron, E.N., Larrabee, D.M., McNair, A.H., Page, J.J., Stewart, G.W., and Shainin, V.E., 1954, Pegmatite investigations, 1942–45, New England: U.S. Geological Survey Professional Paper 255, 360 p.",
Cannon and others (2017),"Cannon, W.F., Kimball, B.E., and Corathers, L.A., 2017, Manganese, chapter L, in Schulz, K.J., DeYoung Jr., J.H., Seal II, R.R., and Bradley, D.C., eds., Critical mineral resources of the United States—Economic and environmental geology and prospects for future supply: U.S. Geological Survey Professional Paper 1802, p. L1–L28, https://doi.org/10.3133/pp1802L.",https://doi.org/10.3133/pp1802L
Carew (2008),"Carew, T.J., 2008, NI [Canadian National Instrument] 43-101 technical report and resource estimation for the Cordero gallium project, Humboldt County, Nevada, USA: Vancouver, British Columbia, Canada, Gold Canyon Resources, Inc., prepared by Reserva International LLC, Reno, Nevada, 35 p.",
Carlson and Clark (1954),"Carlson, D.W., and Clark, W.B., 1954, Mines and mineral resources of Amador County, California, California Journal of Mines and Geology, v. 50, p. 148-780.",
Chapman and others (1963),"Chapman, R.M., Coats, R.R., and Payne, T.G., 1963, Placer tin deposits in central Alaska: U.S. Geological Survey Open-File Report 239, 53 p.",https://pubs.usgs.gov/publication/ofr6315
Chatman (1994),"Chatman, M.L., 1994, Mineral appraisal of Coronado National Forest, Part 7 - Patagonia Mountains-Canelo Hills Unit, Cochise and Santa Cruz Counties, Arizona: U.S. Bureau of Mines Mineral Land Assessment Open-File Report 22-94, 392 p.",
Childs and Armitage (2021),"Childs, J.F., and Armitage, A., 2021, NI [Canadian National Instrument] 43-101 technical report on the 2021 mineral resource estimates for the Stillwater West PGE-NI-Cu-Co + Au Project, Montana USA: Vancouver, British Columbia, Group Ten Metals Inc., prepared by Childs Geosciences Inc, Bozeman Montana, 222 p.",
Choquette and others (2019),"Choquette, J., Brown, J.J., and Martin, R.K., 2019, NI [Canadian National Instrument] 43-101 technical report—updated mineral resource estimate for the South Mountain Project, Owyhee County, Idaho USA: Vancouver, British Columbia, Canada, BeMetals Corp. and Boise, Idaho, South Mountain Mines, Inc., prepared by Hard Rock Consulting LLC, Lakewood, Colorado, 263 p.",
Clarke and others (2022),"Clarke, C., Thomas, B., McDonald, J., Blako, S., Pengel, E., Obermayer, J., Castendyk, D., and Karajeh, I., 2022, NI [Canadian National Instrument] 43-101 technical report on the Eagle Mine, Michigan, USA: Toronto, Ontario, Canada, Lundin Mining Corporation, prepared by WSP Golder, Windsor, Ontario, Canada, 287 p.",
Clautice and others (1993),"Clautice, K.H., Bowman, N.D., Clough, J.G., Gilbert, W.G., Kline, J.T., Smith, T.E., and Blodgett, R.B., 1993, Land selection Unit 8 (Kantishna River, Ruby, and Medfra quadrangles); References, lead isotope, geochemical and major oxide data: Alaska Division of Geological and Geophysical Surveys, 42 p., 1 sheet, scale 1:250,000.",https://dggs.alaska.gov/pubs/id/1557
Cobb (1978),"Cobb, E.H., 1978, Summary of references to mineral occurrences (other than mineral fuels and construction materials) in the Sitka quadrangle: U.S. Geological Survey Open-File Report 78-450, 124 p.",https://pubs.usgs.gov/of/1978/0870/report.pdf
Compass Minerals (2022a),"Compass Minerals, 2022a, Technical report summary, updated initial assessment lithium and LCE mineral resource estimate, Compass Minerals International, Inc., GSL Ogden site, Ogden, Utah, USA, effective date March 3, 2022, 200 p., http://q4live.s22.clientfiles.s3-website-us-east-1.amazonaws.com/834578860/files/doc_downloads/2022/09/CMP-Ex96.1-Revised-Ogden-Lithium-Technical-Report-Summary.pdf.",http://q4live.s22.clientfiles.s3-website-us-east-1.amazonaws.com/834578860/files/doc_downloads/2022/09/CMP-Ex96.1-Revised-Ogden-Lithium-Technical-Report-Summary.pdf
Compass Minerals (2022b),"Compass Minerals, 2022b, Compass Minerals Fiscal 2022 Annual Report: Compass Minerals Annual Report, 158 p., accessed April 24, 2023, at https://www.compassminerals.com/info/news/compass-minerals-releases-fiscal-2022-annual-report/.",https://www.compassminerals.com/info/news/compass-minerals-releases-fiscal-2022-annual-report/
Copeland and Vendl (2011),"Copeland, J.B., and Vendl, M.A., 2011, The Wagon Wheel Gap fluorspar mine: Mining History Journal, v. 18, p. 49–65, accessed August 4, 2021, at https://www.mininghistoryassociation.org/Journal/MHJ-v18-2011-Copeland-Vendl.pdf.",https://www.mininghistoryassociation.org/Journal/MHJ-v18-2011-Copeland-Vendl.pdf
Correia and others (2021),"Correia, L., Fletcher, T., Gagnon, D., Gravel, A., Liskovych, V., Martin, A., Peters, O., Ritchie, D., and Thomas, B., 2021, NI [Canadian National Instrument] 43-101 technical report, preliminary economic assessment (PEA) #3 of the Tamarack North project - Tamarack, Minnesota: Tamarack, Minnesota, Talon Metals Corp, prepared by DRA Americas Inc., Toronto, Ontario, Canada, 359 p., accessed June 14, 2023, at http://www.sedar.com.",http://www.sedar.com
Czamanske and others (1981),"Czamanske, G.K., Haffty, J., and Nabbs, S.W., 1981, Pt, Pd, and Rh analyses and beneficiation of mineralized mafic rocks from the LaPerouse layered gabbro, Alaska: Economic Geology, v. 76, p. 2001–2011.",
Czehura (2006),"Czehura, S.J., 2006, Butte A World Class Ore Deposit: 2006 SME Annual Meeting and Exhibit & 7th ICARD, Session on: Classic Geology and Mining Deposits, 7 p.",
Dahlberg and others (2014),"Dahlberg, P.S., Noble, A.C., Pickarts, J.T., Rose, W.L., and Jaacks, J.A., 2014, NI [Canadian National Instrument] 43-101 Bear Lodge Project pre-feasibility study report on the mineral reserves and development of the Bull Hill Mine, Wyoming: Vancouver, British Columbia, Canada, Rare Element Resources, Ltd., prepared by Roche Engineering Inc., Sandy, Utah, 516 p., accessed March 24, 2021, at http://www.rareelementresources.com/App_Themes/NI43-101PreFeasibilityStudyReport/HTML/files/assets/common/downloads/publication.pdf.",http://www.rareelementresources.com/App_Themes/NI43-101PreFeasibilityStudyReport/HTML/files/assets/common/downloads/publication.pdf
Dale (1959),"Dale, V.B., 1959, Tungsten deposits of Yuma, Maricopa, Pinal and Graham Counties, Arizona: U.S. Bureau of Mines Report of Investigations 5516, 76 p.",https://digital.library.unt.edu/ark:/67531/metadc38680/
Dale (1961),"Dale, V.B., 1961, Tungsten deposits of Gila, Yavapai, and Mohave Counties, Arizona: U.S. Bureau of Mines Information Circular IC-8078, 104 p.",
Dale and others (1960),"Dale, V.B., Stewart, L.A., and McKinney, W.A., 1960, Tungsten deposits of Cochise, Pima, and Santa Cruz Counties, Arizona: U.S. Bureau of Mines Report of Investigations 5650, 132 p.",
Dashevsky and Schaefer (2011),"Dashevsky, S.S., and Schaefer, C.F., 2011, NI [Canadian National Instrument] 43-101technical report on the volcanogenic massive sulphide prospects of the Delta property, Eastern Interior Alaska, USA: Vancouver, British Columbia, Canada, Heatherdale Resources Ltd., prepared by Northern Associates, Inc, Fairbanks, Alaska, 83 p.",www.sedar.com.
Davis and others (2017),"Davis, B., Sim, R., and Austin, J., 2017, NI [Canadian National Instrument] 43-101 amended technical report on the Bornite Project, northwest Alaksa, USA: Vancouver, British Columbia, Canada, Trilogy Metals Inc, prepared by BD Resources Consulting, Inc., SIM Geological Inc., and International Metallurgical & Engineering, Inc., 180 p.",
DeMark (2003),"DeMark, R.S., 2003, Fluorite from the Blanchard mine group. Hansonburg mining district, Socorro Cunty, New Mexico: Rocks & Minerals, v. 78, p. 380–389, accessed May 15, 2023, at https://www.tandfonline.com/doi/epdf/10.1080/00357529.2003.9926752?needAccess=true&role=button.",https://www.tandfonline.com/doi/epdf/10.1080/00357529.2003.9926752?needAccess=true&role=button
Denny and others (2020),"Denny, F.B., Nelson, W.J., Breeden, J.R., and Lillie, R.C., 2020,  Mines in the Illinois portion of the Illinois-Kentucky Fluorspar District: Illinois State Geological Survey, Prairie Research Institute, Circular 604, 73 p.",
Dicken and others (2022),"Dicken, C.L., Woodruff, L.G., Hammarstrom, J.M., and Crocker, K.E., 2022, GIS, supplemental data table, and references for focus areas of potential domestic resources of critical minerals and related commodities in the United States and Puerto Rico (version 2.0, April 2024): U.S. Geological Survey data release, https://doi.org/10.5066/P9DIZ9N8.",https://doi.org/10.5066/P9DIZ9N8
Dings (1951),"Dings, M.G., 1951, The Wallapai mining district, Cerbat Mountains, Mohave County, Arizona: U.S. Geological Survey Bulletin 978-E, p.123-163.",http://pubs.er.usgs.gov/publication/b978E
Doe Run Resources Corporation (2006),"Doe Run Resources Corporation, 2006, Doe Run Resources Corporation Annual Report: SEC Form 10-K/A, 138 p.",
Doelling (1980),"Doelling, H.H., 1980, Geology and mineral resources of Box Elder County, Utah: Utah Geological and Mineral Survey Bulletin 115, 251 p.",
Dunn (2022),"Dunn, B.M., 2022, Ni [Canadian National Instrument] 43-101 technical report resource estimate on the Emily property, Minnesota USA: Roseville, Minnesota, North Star Manganese Inc., prepared by Barr Engineering Company, Minneapolis, Minnesota, 119 p.",
Durgin (2013),"Durgin, D., 2013, NI [Canadian National Instrument] 43-101 amended technical report on the geology and mineralization, Bounty potash project, Box Elder and Tooele Counties, Utah, USA: Vancouver, British Columbia, Canada, Mesa Exploration Company, prepared by Delve Consultants, Sparks, Nevada, 41 p., accessed March 6, 2023 at chrome-extension://efaidnbmnnnibpcajpcglclefindmkaj/https://geology.utah.gov/apps/reportviewer/reports/PilotValley2013_NI43-101.pdf.",https://geology.utah.gov/apps/reportviewer/reports/PilotValley2013_NI43-101.pdf
Electra Battery Materials Corporation (2023),"Electra Battery Materials Corporation, 2023, Electra updates mineral resource estimate at its Iron Creek Cobalt-Copper Project in Idaho: Electra Battery Materials Corporation press release dated March 10, 2023, accessed March 28, 2023, at https://electrabmc.com/electra-updates-mineral-resource-estimate-at-its-iron-creek-cobalt-copper-project-in-idaho.",https://electrabmc.com/electra-updates-mineral-resource-estimate-at-its-iron-creek-cobalt-copper-project-in-idaho
Ellis (2006)," Ellis, W.T., 2006, NI [Canadian National Instrument] 43-101 technical report on the Sleitat Mountain tin-silver deposit, southwest Alaska: Vancouver, British Columbia, Canada, Brett Resources, Inc., prepared by Alaska Earth Sciences, Inc., Anchorage, Alaska. 57 p. (posted on www.sedar.com, April 10, 2008).",
Ellis (2015),"Ellis, W.T., 2015, NI [Canadian National Instrument] 43-101 technical report on the Coal Creek tin-silver exploration target, south-central Alaska: Vancouver, British Columbia, Canada, Strongbow Exploration, Inc., prepared by Alaska Earth Sciences, Inc., Anchorage, Alaska, 93 p.",
Elsner (1997),"Elsner, H., 1997, Economic geology of the heavy mineral placer deposits in northeastern Florida: Florida Geological Survey Open-File Report No. 71, 98 p.",
Eric and Cox (1948),"Eric, J.H., and Cox, M.W., 1948, Zinc deposits of the American Eagle Blue Moon area, Mariposa County, California: California Division of Mines Bulletin 144, p. 133–150.",
Farnham and others (1961),"Farnham, L.L., Stewart, L.A., and DeLong, C.W., 1961, Manganese deposits of eastern Arizona: U.S. Bureau of Mines Information Circular 7990, 178 p.",
Farrow and Johnson (2012),"Farrow, D., and Johnson, M., 2012, NI [Canadian National Instrument] technical report on the Titac ilmenite exploration project, Minnesota, USA: Vancouver, British Columbia, Canada, Cardero Resource Corp., prepared by SRK Consulting (Canada) Inc., Vancouver, British Columbia, Canada, 93 p.",
Fechner (1988),"Fechner, S.A., 1988, Mineral investigation of the Goodnews Bay mining district, Alaska: U.S. Bureau of Mines Open-File Report 1-88, 230 p.",https://dggs.alaska.gov/pubs/id/21305
Feytis (2009),"Feytis, A., 2009, Fluorspar supply fortified, Industrial Minerals Web page, September 21, accessed August 6, 2021 at https://www.indmin.com/Article/2299402/Fluorspar-supply-fortified.html.",https://www.indmin.com/Article/2299402/Fluorspar-supply-fortified.html
First Liberty Power Company (2013),"First Liberty Power Company, 2013, First Liberty Power Company Annual Report for the fiscal year ending July 31, 2013: SEC Form 10-K, 76 p.",
Fischer (1975),"Fischer, R.P., 1975, Vanadium resources in titaniferous magnetite deposits: U.S. Geological Survey Professional Paper 926-B, 9 p., https://doi.org/10.3133/pp926B.",https://doi.org/10.3133/pp926B
Fogg and Boyle (1987),"Fogg, C.T., and Boyle, E.H., Jr., 1987, Flake and high-crystalline graphite availability–Market economy countries—A minerals availability appraisal: U.S. Bureau of Mines Information Circular 9122, 40 p.",
Foley and Barker (1985),"Foley, J.Y., and Barker, J.C., 1985, Chromite deposits along the Border Ranges fault, southern Alaska (in two parts), 1. field investigations and descriptions of chromite deposits: U.S. Bureau of Mines Information Circular 8990, 58 p.",https://dggs.alaska.gov/pubs/id/21281
Foley and others (1984),"Foley, J.Y., Hinderman, T., Kirby, D.E., and Mardock, C.L., 1984, Chromite occurrences in the Kaiyuh Hills, west-central Alaska: U.S. Bureau of Mines Open-File Report 178-84, 20 p.",https://dggs.alaska.gov/webpubs/usbm/ofr/text/ofr178_84.pdf
Foley and others (1986),"Foley, J.Y., Barker, J.C., and Brown, L.L., 1986, Chromite resources in Alaska, in Daellenbach, C.B., compiler, Chromium-chromite; U.S. Bureau of Mines assessment and research: U.S. Bureau of Mines Information Circular 9087, p. 23–29.",
Foley and others (1992),"Foley, J.Y., Dahlin, D.C., Mardock, C.L., and O'Connor, W.K., 1992, Reconnaissance investigations of chromite deposits and platinum-group metals in the western Brooks Range, northwestern Alaska: U.S. Bureau of Mines Open-File Report 80-92, 68 p., 4 sheets.",https://dggs.alaska.gov/webpubs/usbm/ofr/text/ofr080_92.pdf
Foley and others (1985),"Foley, J.Y., Barker, J.C., and Brown, L.L., 1985, Critical and strategic minerals investigations in Alaska: Chromium: U.S. Bureau of Mines Open-File Report 97-85, 54 p.",https://dggs.alaska.gov/webpubs/usbm/ofr/text/ofr097_85.pdf
Foley and others (2017),"Foley, N.K., Jaskula, B.W., Kimball, B.E., Piatak, N.M., and Schulte, R.F., 2017, Beryllium, chap. E of Schulz, K.J., DeYoung, J.H., Jr., Seal, R.R., II, and Bradley, D.C., eds., Critical mineral resources of the United States—Economic and environmental geology and prospects for future supply: U.S. Geological Survey Professional Paper 1802, p. E1–E32, https://pubs.er.usgs.gov/publication/pp1802E.",https://pubs.er.usgs.gov/publication/pp1802E
Force and Lynd (1984),"Force, E.R., and Lynd, L.E., 1984, Titanium mineral resources of the United States—Definitions and documentation: U.S. Geological Survey Bulletin 1558–B, p. B1–B11.",https://pubs.er.usgs.gov/publication/b1558AB
Force and others (1976),"Force, E.R., Lipin, B.R., and Smith, R.E., 1976, Map showing heavy mineral resources in Pleistocene sand of the Port Leyden quadrangle, southwestern Adirondack Mountains, New York: U.S. Geological Survey Miscellaneous Field Studies Map 728-B, scale 1:24,000.",https://pubs.er.usgs.gov/publication/mf728B
"Freeport-McMoRan, Inc. (2022)","Freeport-McMoRan, Inc., 2022, Annual report, U.S. Securities and Exchange Commission Form 10-K, 232 p., accessed June 5, 2023, at https://d18rn0p25nwr6d.cloudfront.net/CIK-0000831259/6dbcd92e-1964-4cf6-b78d-831fdaaa9e86.pdf.",https://d18rn0p25nwr6d.cloudfront.net/CIK-0000831259/6dbcd92e-1964-4cf6-b78d-831fdaaa9e86.pdf
Gatten (2014),"Gatten, O.J., 2014, NI [Canadian National Instrument] 43-101 technical report on the San Rafael uranium project (including the Deep Gold uranium deposit and the Down Yonder uranium deposit), Emery County, Utah, USA: Nucla, Colorado, Pinion Ridge Mining LLC, Homeland Uranium Inc. (Utah), and Homeland Uranium Inc. (Canada), prepared by North American Exploration Inc., Kaysville, Utah, 111 p., accessed April 4, 2023, at https://western-uranium.com/reports/Technical_Report_San_Rafael.pdf.",https://western-uranium.com/reports/Technical_Report_San_Rafael.pdf
Gillerman (1953),"Gillerman, E., 1953, Fluorspar deposits of the Eagle Mountains, Trans-Pecos Texas: U.S. Geological Survey Bulletin 987, 98 p., plate 1, scale 1:24,000.",https://pubs.er.usgs.gov/publication/b987
Giroux and O'Connor (2018),"Giroux, G.H., and O'Connor, L.J., 2018, NI [Canadian National Instrument] 43-101 resource estimate for the Blue Moon massive sulphide occurrence, Township 4 South, Range 16 East MDB&M, Mariposa County, California: Report submitted to Blue Moon Zinc Corp. October 5, 2017 and amended on November 14, 2018, 70 p., accessed May 2, 2023, at https://bluemoonmining.com/wp-content/uploads/2018/11/BlueMoonZincCorp-43-101.pdf.",https://bluemoonmining.com/wp-content/uploads/2018/11/BlueMoonZincCorp-43-101.pdf
Goodwin (1957),"Goodwin, J.G., 1957, Lead and zinc in California: California Journal of Mines and Geology, v. 53, p. 353–724.",
Goodwin and others (2019),"Goodwin, R., McLeod, K., Levy, M., DiMarchi, J., Gray, J.N., and Casey, J., 2019, NI [Canadian National Instrument] 43-101 technical report, Palmer project, Alaska, USA: Vancouver, British Columbia, Canada, Constantine Metal Resources Ltd., prepared by JDS Energy and Mining, Inc., Vancouver, British Columbia, Canada, 326 p.",
Goodwin and others (2022a),"Goodwin, R., McLeod, K., Levy, M., DiMarchi, J., Gray, J.N., and Casey, J., 2022a, NI [Canadian National Instrument] 43-101 amended technical report, Palmer project, Alaska, USA: Vancouver, British Columbia, Canada, Constantine Metal Resources Ltd., prepared by JDS Energy and Mining, Inc., Vancouver, British Columbia, Canada, 387 p.",
Goodwin and others (2022b),"Goodwin, R., Retherford, R.M., Bolu, M., Hantelmann, T., Galbraith, L., Church, C., and Sharp, T., 2022b, NI [Canadian National Instrument] 43-101 preliminary feasibility study technical report Graphite One project, Alaska, USA: Vancouver, British Columbia, Canada, Graphite One Inc., prepared by JDS Energy and Mining, Inc., Vancouver, British Columbia, Canada, 395 p.",https://www.graphiteoneinc.com/wp-content/uploads/2022/10/JDS-Graphite-One-NI-43-101-PFS-20221013-compressed.pdf
Gordon and others (1958),"Gordon, MacKenzie, Jr., Tracey, J.I., Jr., and Ellis, M.W., 1958, Geology of the Arkansas bauxite region: U.S. Geological Survey Professional Paper 299, 268 p.",https://pubs.er.usgs.gov/publication/pp299
Griffith and Overstreet (1953a),"Griffith, R.F., and Overstreet, W.C., 1953a, Knob Creek monazite placer, Cleveland County, North Carolina: U.S. Atomic Energy Commission Report RME-3112, 30 p.",https://digital.library.unt.edu/ark:/67531/metadc783680/m2/1/high_res_d/metadc783680.pdf
Griffith and Overstreet (1953b),"Griffith, R.F., and Overstreet, W.C., 1953b, Buffalo Creek monazite placer, Cleveland County, North Carolina: U.S. Atomic Energy Commission Report RME-3113, 17 p.",https://digital.library.unt.edu/ark:/67531/metadc783681/m2/1/high_res_d/metadc783681.pdf
Griffith and Overstreet (1953c),"Griffith, R.F., and Overstreet, W.C., 1953c, Sandy Run Creek monazite placer, Cleveland County, North Carolina: U.S. Atomic Energy Commission Report RME-3114, 30 p.",
Griffitts (1954),"Griffitts, W.R., 1954, Beryllium resources of the tin-spodumene belt, North Carolina: U.S. Geological Survey Circular 309, 12 p.",https://pubs.usgs.gov/circ/1954/0309/report.pdf
Grosh (1949),"Grosh, W.A., 1949, Investigation of Valzinco lead-zinc mine, Spotsylvania County, Virginia: U.S. Bureau of Mines Report of Investigations 4403, 7 p.",
Guberman (2010),"Guberman, D.E., 2010, Germanium: U.S. Geological Survey 2008 Minerals Yearbook, 30.0-30.7. http://minerals.usgs.gov/minerals/pubs/commodity/germanium/myb1-2007-germa.pdf.",http://minerals.usgs.gov/minerals/pubs/commodity/germanium/myb1-2007-germa.pdf
Gustin (2022),"Gustin, M.M., 2022, NI [Canadian National Instrument] 43-101 technical report on the Sun project, Brooks Range, Alaska, USA: Vancouver, British Columbia, Canada, SolidusGold Inc., prepared by Mine Development Associates, Reno, Nevada, 137 p., accessed Febtuary 26, 2024, at https://valhallametals.com/wp-content/uploads/2023/06/Sun_43-101_2022_v2.pdf.",https://valhallametals.com/wp-content/uploads/2023/06/Sun_43-101_2022_v2.pdf
Hanley and others (1950),"Hanley, J.B., Heinrich, E.W., and Page, L.R., 1950, Pegmatite investigations in Colorado, Wyoming and Utah, 1942–1944: U.S. Geological Survey Professional Paper 227, 125 p.",https://pubs.usgs.gov/publication/pp227
Hansen and Caldwell (1955),"Hansen, L.A., and Caldwell, D.W., 1955, Monazite placers on Rabon Creek, Laurens County, and Big Generostee Creek, Anderson County, South Carolina: U.S. Atomic Energy Commission Report RME-3118, 26 p.",
Hansen and Cuppels (1954),"Hansen, L.A., and Cuppels, N.P., 1954, Monzonite [Monazite] placer on the First Broad River and its tributaries, Cleveland County, North Carolina: U.S. Atomic Energy Commission Report RME-3116, 27 p.",
Hansen and Cuppels (1955),"Hansen, L.A., and Cuppels, N.P., 1955, Monazite placer at the junction of the North Tyger River with the Middle Tyger River, Spartanburg County, South Carolina: U.S. Atomic Energy Commission Report RME-3117, 23 p.",
Hansen and Theobald (1955),"Hansen, L.A., and Theobald, P.K., 1955, Monazite placers of the Broad River and Thicketty Creek, Cherokee County, South Carolina: U.S. Atomic Energy Commission Report RME-3126, 30 p.",
Hansen and White (1954),"Hansen, L.A., and White, A.M., 1954, Monazite placers on South Muddy Creek, McDowell County, and Silver Creek, Burke County, North Carolina: U.S. Atomic Energy Commission Report RME-3115, 28 p.",
Hanson and others (2018),"Hanson, K., Orbock, E.C.C., III, Peralta, E., and Gormely, L., 2018, NI [Canadian National Instrument] 43-101 technical report on preliminary economic assessment for Gibellini Vanadium Project, Eureka County, Nevada: Vancouver, British Columbia, Canada, Silver Elephant Mining Corp. (formerly Prophecy Development Corp.), prepared by Amec Foster Wheeler E&C Services, Inc., Sparks, Nevada, 256 p., accessed April 29, 2021, at https://www.silverelef.com/files/Gibellini_2018_PEA_Technical_Report.pdf.",https://www.silverelef.com/files/Gibellini_2018_PEA_Technical_Report.pdf
Hardin (1955),"Hardin, G.C., Jr., 1955, Babb fault system, Crittenden and Livingston Counties: U.S. Geological Survey Bulletin 1012-B, 31 p.",http://pubs.er.usgs.gov/publication/b1012B
Hawley (1969),"Hawley, C.C., 1969, Geology and beryllium deposits of the Lake George (or Badger Flats) beryllium area, Park and Jefferson, Counties, Colorado: U.S. Geological Survey Professional Paper 608-A, p. A1–A44.",https://pubs.er.usgs.gov/publication/pp608A
Hecla Mining Company (2023a),"Hecla Mining Company, 2023a, Lucky Friday: Hecla Mining Company website, Mineral resources, accessed April 6, 2023, at https://www.hecla.com/operations/lucky-friday-idaho.",https://www.hecla.com/operations/lucky-friday-idaho
Hecla Mining Company (2023b),"Hecla Mining Company, 2023b, San Juan Silver: Hecla Mining Company website, Mineral resources, accessed April 6, 2023, at https://www.hecla.com/wp-content/uploads/Hecla-2022_YE_Reserves-and-Resources-Charts.pdf.",https://www.hecla.com/wp-content/uploads/Hecla-2022_YE_Reserves-and-Resources-Charts.pdf
Hecla Mining Company (2023c),"Hecla Mining Company, 2023c, Hecla reports highest silver reserves in company history: Hecla Mining Company press release dated February 14, 2023, accessed May 5, 2023, at https://stockhouse.com/news/press-releases/2023/02/14/hecla-reports-highest-silver-reserves-in-company-history.",https://stockhouse.com/news/press-releases/2023/02/14/hecla-reports-highest-silver-reserves-in-company-history
Hecla Mining Company (2023d),"Hecla Mining Company, 2023d,Greens Creek: Hecla Mining Company website, accessed February 7, 2024, at https://www.hecla.com/operations/greens-creek-alaska.",https://www.hecla.com/operations/greens-creek-alaska
Hedrick (2010),"Hedrick, J.B., 2010, Rare earths (advance release), in 2007, Minerals yearbook: U.S. Geological Survey, 19 p. accessed September 8, 2010, at http://minerals.usgs.gov/minerals/pubs/commodity/rare_earths/myb1-2007-raree.pdf.",http://minerals.usgs.gov/minerals/pubs/commodity/rare_earths/myb1-2007-raree.pdf
Heide and others (1946),"Heide, H.E., Wright, W.S., and Sanford, R.S., 1946, Exploration of Cape Mountain lode-tin deposits, Seward Peninsula, Alaska: U.S. Bureau of Mines Report of Investigations 3978, 16 p.",https://dggs.alaska.gov/pubs/id/21518
Herz (1976),"Herz, N., 1976, Titanium deposits in alkalic igneous rocks: U.S. Geological Survey Professional Paper 959-E, p. E1–E6.",https://pubs.er.usgs.gov/publication/pp959AF
Herz and Force (1987),"Herz, N., and Force, E.R., 1987, Geology and mineral deposits of the Roseland district of central Virginia: U.S. Geological Survey Professional Paper 1371, 56 p.",https://pubs.er.usgs.gov/publication/pp1371
Hess (1908),"Hess, F.L., 1908c, The magnesite deposits of California: U.S. Geological Survey Bulletin 355, 67 p.",https://pubs.er.usgs.gov/publication/b355
Hild (1946),"Hild, J.H., 1946, Exploration of alunite deposits, Marysvale, Piute County, Utah: U.S. Bureau of Mines Report of Investigations 3972, 74 p.",
Hite (1976),"Hite, R.J., 1976, A potential target for potash solution mining in Cycle 13, Paradox Member, near Moab, Utah: U.S. Geological Survey Open-File Report 76-755, 5 p.",https://pubs.usgs.gov/publication/ofr76755
Hofstra and Kreiner (2020),"Hofstra, A.H., and Kreiner, D.C., 2020, Systems-Deposits-Commodities-Critical Minerals Table for the Earth Mapping Resources Initiative (ver. 1.1, May 2021): U.S. Geological Survey Open-File Report 2020–1042, 26 p., https://doi.org/10.3133/ofr20201042.",https://doi.org/10.3133/ofr20201042
Howard and Owens (1996),"Howard, J.M., and Owens, D.R., 1996, Minerals of the Wilson Springs vanadium mines, Potash Sulphur Springs, Arkansas: Rocks and Minerals, v. 70, p. 154–170.",
Huang and others (2012),"Huang, J., Harder, M., O'Brien, M., Chow, N., Harris, J., Silva, M., Birdson, P., Ghaffari, H., and Ebrahimi, A., 2012, NI [Canadian National Instrument] 43-101 technical report and prefeasibility study, Artillery Peak Project, Mohave County, Arizona: Surrey, British Columbia, Canada, American Manganese Inc., prepared by Tetra Tech, Vancouver, British Columbia, Canada, 290 p.",
Hudson and DeYoung (1978),"Hudson, T.L., and DeYoung, J. H., Jr., 1978, Map and tables describing areas of mineral resource potential, Seward Peninsula, Alaska: U.S. Geological Survey Open-File Report 78-1-C, 62 p., 1 sheet, scale 1:1,000,000.",https://pubs.usgs.gov/publication/ofr781C
Hudson and Reed (1997),"Hudson, T.L., and Reed, B.L., Tin deposits in Alaska, in Goldfarb, R.J., and Miller, L.D, eds, Mineral deposits of Alaska: Economic Geology Mongraph 9, p. 450-465.",https://www.segweb.org/store_info/MONO/MONO-09-Additional-Product-Info.pdf
Hulse and others (2022),"Hulse, D.E., Emanuel, C., and Shutty, M., 2022, S-K 1300 technical report summary on the Lik Project, northwest Arctic Borough, Alaska, USA: Wheat Ridge, Colorado, Solitario Zinc Corp., prepared by WSP, Lakewood, Colorado, 72 p., https://www.sec.gov/Archives/edgar/data/917225/000165495422004166/sodi_ex962.htm.",https://www.sec.gov/Archives/edgar/data/917225/000165495422004166/sodi_ex962.htm
Hundhausen and others (1956),"Hundhausen, R.J., Banning, L.H., Harris, H.M., and Kelley, H.J., 1956, Exploration and utilization studies, John Day chromites, Oregon: U.S. Bureau of Mines Report of Investigations 5238, 67 p.",
Huntting (1956),"Huntting, M.T., 1956, Inventory of Washington minerals—Part II Metallic minerals: Washington Division of Mines and Geology Bulletin 37, v. 1, 428 p., v. 2, 67 p.",
Huss and others (2014),"Huss, C.E., Davidson, R., Ibrado, A.S., Roth, D., and Marek, J.M., 2014, Form 43-101F1 technical report and feasibility study Mount Hope Project, Eureka, Nevada: Eureka, Nevada, Eureka Moly, LLC, prepared by M3 Engineering & Technology Corp., Tucson, Arizona, 169 p.",
Hyperion Metals Ltd. (2021),"Hyperion Metals Ltd., 2021, Maiden resource confirms Tennessee as major untapped critical mineral province: Hyperion Metals Ltd., ASX release, October 6, 2021, accessed October 8, 2021, at https://www.asx.com.au/asxpdf/20211006/pdf/451bj6qjqm0n0v.pdf.",https://www.asx.com.au/asxpdf/20211006/pdf/451bj6qjqm0n0v.pdf
Iluka Resources Limited (2017a),"Iluka Resources Limited, 2017a, Iluka Resources Limited Updated mineral resource and ore reserve statement as of 31 December 2016: Australian Securities Exchange.",
Iluka Resources Limited (2017b),"Iluka Resources Limited, 2017b, Iluka, Company overview— Operations & projects: Iluka Resources Ltd. website, accessed September 26, 2017, at https://www.iluka.com/ company-overview/operations.",https://www.iluka.com/ company-overview/operations
Iluka Resources Limited (2018),"Iluka Resources Limited, 2018, Iluka Annual Report 2018, 156 p.",
Industrial Minerals Corporation Limited (2010),"Industrial Minerals Corporation Limited, 2010, Industrial Minerals Corporation Limited 2010 Annual Report, 90 p.",
"Intrepid Potash, Inc. (2009-2020)","Intrepid Potash, Inc., 2009-2020, 10-K: Edgar Securities and Exchange Commission, variously paged, accessed August 30, 2021, at https://www.sec.gov/edgar/searchedgar/companysearch.html.",https://www.sec.gov/edgar/searchedgar/companysearch.html
"Intrepid Potash, Inc. (2022)","Intrepid Potash, Inc., 2022, 10-K: Edgar Securities and Exchange Commission, 266 p., accessed June 5, 2023, at https://www.sec.gov/edgar/search/#/q=Intrepid%2520Potash%252C%2520Inc.",https://www.sec.gov/edgar/search/#/q=Intrepid%2520Potash%252C%2520Inc
"Intrepid Potash, Inc. (2023)","Intrepid Potash, Inc., 2023, 10-K: Edgar Securities and Exchange Commission, 97 p., accessed May 2, 2023, at https://www.sec.gov/Archives/edgar/data/1421461/000142146123000010/ipi-20221231.htm.",https://www.sec.gov/Archives/edgar/data/1421461/000142146123000010/ipi-20221231.htm
Ioneer (2023),"Ioneer, 2023, Rhyolite Ridge - Reserves and resources: Ioneer website, accessed August 15, 2023, at https://www.ioneer.com/projects/about-rhyolite-ridge/reserves-resources/.",https://www.ioneer.com/projects/about-rhyolite-ridge/reserves-resources/
IperionX (2022),"IperionX, 2022, Titan project scoping study and Technical report summary for Titan project: IperionX press release dated June 30,2022, 95 p., IperionX website, accessed April 13, 2023, at https://iperionx.com/wp-content/uploads/2022/07/Scoping-Study-June-30.pdf.",https://iperionx.com/wp-content/uploads/2022/07/Scoping-Study-June-30.pdf
Irving (2003),"Irving, Douglas F., 2003; Technical Report, Golconda Property, Wallapai Mining District, Mohave County, Arizona; prepared for Odessa Gold Corp., dated April 24, 2003.",
Jackson and Christiansen (1993),"Jackson, W.D., and Christiansen, G., 1993, International strategic minerals inventory summary report; rare-earth oxides: U.S. Geological Survey Circular 930-N, 68 p.",http://pubs.er.usgs.gov/publication/cir930N
James (1973),"James, A.H., 1973, Lead and zinc resources in Utah: Utah Geological and Mineralogical Survey Special Studies 44, 66 p.",
Jindalee Resources Limited (2023),"Jindalee Resources Limited, 2023, Mineral resource at McDermitt increases to 21.5 Mt LCE, now the largest lithium deposit in the U.S.: Jindalee Resources Limited ASX press release dated February 27, 2023, accessed May 8, 2023, at https://www.jindalee.net/site/pdf/a01eecf1-e9c2-45de-af32-c862da0f08ce/Resource-at-McDermitt-increases-to-215-Mt-LCE.pdf.",https://www.jindalee.net/site/pdf/a01eecf1-e9c2-45de-af32-c862da0f08ce/Resource-at-McDermitt-increases-to-215-Mt-LCE.pdf
John and others (1978),"John, C.B., Cheeseman, R.J., Lorenz, J.C., and Millgate, M.L., 1978, Potash ore reserves in the proposed waste isolation pilot plant area, Eddy county, southeastern New Mexico: U.S. Geological Survey Open-File Report 78-828, 52 p., https://doi.org/10.3133/ofr78828.",https://doi.org/10.3133/ofr78828
John and others (2017),"John, D.A., Seal, R.R., II, and Polyak, D.E., 2017, Rhenium, chap. P of Schulz, K.J., DeYoung, J.H., Jr., Seal, R.R., II, and Bradley, D.C., eds., Critical mineral resources of the United States—Economic and environmental geology and prospects for future supply: U.S. Geological Survey Professional Paper 1802, p. P1–P49, at http://dx.doi.org/10.3133/pp1802P.",http://dx.doi.org/10.3133/pp1802P
Johnson and Farrow (2012),"Johnson, M., and Farrow, D., 2012, NI [Canadian National Instrument] technical report for Longnose ilmenite project, Minnesota, USA: Vancouver, British Columbia, Canada, Cardero Resource Corp., prepared by SRK Consulting (Canada) Inc., Vancouver, British Columbia, Canada, 96 p., accessed January 31, 2012, at http://www.sedar.com.",http://www.sedar.com
Johnston and others (2015),"Johnston, M., Coleman, K., and Ressel, M., 2015, Late Cretaceous orogenic Au-Ag vein deposits of western and north-central Nevada—Consequences of Sevier flat-slab subduction, and links with other Cordilleran orogenic deposits: May 2015 Geological Society of Nevada 2015 Symposium, Reno, Nevada U.S.A. Symposium Proceedings, 29 p.",
Kalanchey and others (2022),"Kalanchey, R., Ghaffari, H., Hafez, S.A., Galbraith, L., Gaunt, Jdg., Titley, E., Hodgson, S., and Lang, J., 2022, NI [Canadian National Instrument] 43-101 Pebble Project preliminary economic assessment update: Vancouver, British Columbia, Canada, Northern Dynasty Minerals Ltd., prepared by Ausenco Engineering Canada, Vancouver, British Columbia, Canada, 381 p.",
Karl and Mauk (2019),"Karl, N.A., and Mauk, J.L., 2019, Tellurium deposits in the United States: U.S. Geological Survey data release, https://doi.org/10.5066/P9XANDRN.",https://doi.org/10.5066/P9XANDRN
Karl and others (2018),"Karl, N.A., Burger, M.H., and Long, K.R., 2018, Tin deposits in the United States: U.S. Geological Survey data release, https://doi.org/10.5066/P97JYNJL.",https://doi.org/10.5066/P97JYNJL
Karl and others (2019),"Karl, N.A., Mauk, J.L., Reyes, T.A., and Scott, P.C., 2019, Lithium deposits in the United States: U.S. Geological Survey data release, https://doi.org/10.5066/P9ZKRWQF.",https://doi.org/10.5066/P9ZKRWQF
Karl and others (2020),"Karl, N.A., Carroll, T.R., Burger, M.H., Knudsen, L.D., Long, K.R., Reyes, T.A., and Schmeda, G., 2020, Tungsten deposits in the United States (ver. 2.0, August 2020): U.S. Geological Survey data release, https://doi.org/10.5066/P97NJLI4.",https://doi.org/10.5066/P97NJLI4
Karl and others (2021a),"Karl, N.K., Gnesda, W.R., Mauk, J.L., and Ringer, A.L., 2021a, Gallium deposits in the United States: U.S. Geological Survey data release, https://doi.org/10.5066/P9S73UYY.",https://doi.org/10.5066/P9S73UYY
Karl and others (2021b),"Karl, N.A., Knudsen, L.D., and Mauk, J.L., 2021b, Niobium deposits in the United States: U.S. Geological Survey data release, https://doi.org/10.5066/P9I4NFSN.",https://doi.org/10.5066/P9I4NFSN
Karl and others (2022a),"Karl, N.A., Knudsen, L.D., Gnesda, W.R., Mauk, J.L., and Schmeda, G., 2022a, Graphite deposits in the United States: U.S. Geological Survey data release, https://doi.org/10.5066/P99RK9SU.",https://doi.org/10.5066/P99RK9SU
Karl and others (2022b),"Karl, N.A., Gnesda, W.R., Funk, J.A., Mauk, J.L., and Forbush, C.R., 2022b, Indium deposits in the United States: U.S. Geological Survey data release, https://doi.org/10.5066/P97FRY3M.",https://doi.org/10.5066/P97FRY3M
Kauffman (1977),"Kauffman, J.D., 1977, Description and evaluation of the Kraken Property, Custer County, Idaho: U.S. Bureau of Mines MAS Grant G0264004, 13p., accessed September 1, 2021, at https://www.idahogeology.org/WebMap/WebData/Mines.asp.",https://www.idahogeology.org/WebMap/WebData/Mines.asp
Kerins and Close (2023),"Kerins, E., and Close, S, 2023, NI [Canadian National Instrument] 43-101 technical report Ruby Graphite Project, Beaverhead County, Montana, Vancouver, British Columbia, Canada, Reflex Advanced Materials, prepared by Ethos Geological, Bozeman, Montana, 92 p.",
Kelley and others (1993),"Kelley, J.S., Tailleur, I.L., Morin, R.L., Reed, K.M., Harris, A.G., Schmidt, J.M., Brown, F.M., and Kurtak, J.M., 1993, Barite deposits in the Howard Pass quadrangle and possible relations to barite elsewhere in the northwestern Brooks Range, Alaska: U.S. Geological Survey Open-File Report 93-215, 13 p.",https://dggs.alaska.gov/pubs/id/11869
Kerr and others (2017),"Kerr, S.B., Todd, J.N., and Malhotra, D., 2017, NI [Canadian National Instrument] 43-101 technical report updated prefeasibility report, revised, Blawn Mountain project, Beaver County, Utah: Toronto, Ontario, Canada, Potash Ridge Corporation (now SOPerior Fertilizer), prepared by Mill Creek Mining Group, Mill Creek, Utah, 285 p., accessed June 4, 2021 at https://www.miningdataonline.com/reports/BlawnMountain_PFS_04242017.pdf.",https://www.miningdataonline.com/reports/BlawnMountain_PFS_04242017.pdf
Kilgore and Thomas (1982),"Kilgore, C.C., and Thomas, P.R., 1982, Manganese availability— Domestic: U.S. Bureau of Mines Information Circular 8889, 14 p.",
Kim and Drake (2023),"Kim, H., and Drake, A., 2023, NI [Canadian National Instrument] 43-101 technical report on the mineral resource update of the Bornite Project, Northwest Alaska, USA: Vancouver, British Columbia, Canada, Trilogy Metals Inc., prepared by Woods Canada, Vancouver, British Columbia, Canada,160 p., accessed January 29, 2023, at https://trilogymetals.com/site/assets/files/6047/bornite_ni_43-101.pdf.",https://trilogymetals.com/site/assets/files/6047/bornite_ni_43-101.pdf
Kingston and others (1970),"Kingston, G.A., Miller, R.A., and Carrillo, F.V., 1970, Availability of U.S. chromium resources: U.S. Bureau of Mines Information Circular 8465, 23 p.",
Kline and others (1954),"Kline, M.H., Griffith, R.F., and Hansen, L.A., 1954, Hollow Creek monazite placer, Aiken County, South Carolina: U.S. Atomic Energy Commission Report RME-3127, 29 p.",
Koba Resources Ltd. (2023),"Koba Resources Ltd., 2023, Blackpine project: Koba Resources website, accessed May 2, 2023, at https://kobaresources.com/projects/united-states/blackpine-project/.",https://kobaresources.com/projects/united-states/blackpine-project/
Krolak and others (2017),"Krolak, T., Palmer, K., Lacouture, B., and Paley, N., 2017, NI [Canadian National Instrument] 43-101 technical report Red Dog Mine, Alaska, USA: Vancouver, British Columbia, Canada, Teck Resources Limited, prepared by Teck Alaska Incorporated, Anchorage, Alaska, 158 p., accessed February 5, 2024, at https://miningdataonline.com/reports/Red%20Dog%20Mine_TR12312016.pdf.",https://miningdataonline.com/reports/Red%20Dog%20Mine_TR12312016.pdf
Kulas (1979),"Kulas, J.E., 1979, Serpentine reserve - Minnamax project: unpublished AMAX company report, 5 p.",
Lasly (2022),"Lasly, S., 2022, Assay confirms Alaska lithium discovery: Nrth of 60 Mining News, October 12, 2022, accessed September 14, 2023, at https://www.miningnewsnorth.com/story/2022/10/14/news-nuggets/assays-confirm-alaska-lithium-discovery/7597.",https://www.miningnewsnorth.com/story/2022/10/14/news-nuggets/assays-confirm-alaska-lithium-discovery/7597.
Lawrence (1963),"Lawrence, E.F., 1963, Antimony deposits of Nevada: Nevada Bureau of Mines and Geology Bulletin 61, 258 p.",
Lemmon and Dorr (1940),"Lemmon, D.M., and Dorr, J.V.N., 1940, Tungsten deposits of the Atolia District, San Bernardino and Kern Counties, California: U.S. Geological Survey Bulletin 922-H, p. 205–245.",https://pubs.er.usgs.gov/publication/b922H
Lemons and others (1982),"Lemons, Jr., J.F., Boyle, E.H., and Kilgore, C.C., 1982, Chromium availability—Domestic: U.S. Bureau of Mines Information Circular 8895, 14 p.",
Lepage and others (1991),"Lepage, C.A., Foley, M.E., and Thompson, W.B., 1991, Mining in Maine: Past, present, and future: Maine Geological Survey, Open-File Report 91-7, 9 p.",
Li (2023),"Li, Pen, 2023, Smackover Formation lithium update for 2021: Arkansas Geological Survey Open-File Report 2023-01, 6 p., accessed May 9, 2023, at https://www.geology.arkansas.gov/docs/pdf/publication/open_file_reports/OFR%202023-01.pdf.",https://www.geology.arkansas.gov/docs/pdf/publication/open_file_reports/OFR%202023-01.pdf.
Lindsey and others (1977),"Lindsey, D.A., Sokaski, M., and McIntyre, G., 1977, Status of mineral resource information for the Rocky Boy's Indian Reservation, Montana: U.S. Geological Survey and U.S. Bureau of Mines Administrative Report BIA-34, 56 p., accessed January 19, 2018, at https://www1.eere.energy.gov/tribalenergy/guide/pdfs/rocky_boys_34.pdf.",https://www1.eere.energy.gov/tribalenergy/guide/pdfs/rocky_boys_34.pdf
Ling and others (2019),"Ling, P., Brown, F., Wilcox, G., Burga, D., Barry, J., Sutcliffe, R., and Puritch, E., 2019, NI [Canadian National Instrument] 43-101 preliminary economic assessment and technical report on the Lone Mountain property, Eureka County, Nevada, USA: Toronto, Ontario, Canada, Nevada Zinc Corporation, prepared by Peimeng Ling & Associates, Toronto, Ontario, Canada, 170 p., accessed April 4, 2023, at https://img1.wsimg.com/blobby/go/c3d99ef8-dd1b-462a-a916-d7f379fee8e1/downloads/NZN_43101_PEA_June%202019.pdf?ver=1670012985319.",https://img1.wsimg.com/blobby/go/c3d99ef8-dd1b-462a-a916-d7f379fee8e1/downloads/NZN_43101_PEA_June%202019.pdf?ver=1670012985319
Listerud and Meineke (1977),"Listerud, W.H., and Meineke, D.G., 1977, Mineral resources of a portion of the Duluth Complex and adjacent rocks in St. Louis and Lake counties, northeastern Minnesota: Minnesota Department of Natural Resources, Division of Minerals Report 93, 74 p.",
Long (1992),"Long, K.R., 1992, Reserves and production data for selected ore deposits in the United States found in the files of the Anaconda Copper Company: U.S. Geological Survey Open-File Report 92-002, 22 p.",http://pubs.er.usgs.gov/publication/ofr922
Long and others (2010),"Long, K.R., Van Gosen, B.S., Foley, N.K., and Cordier, Daniel, 2010, The principal rare earth elements deposits of the United States—A summary of domestic deposits and a global perspective: U.S. Geological Survey Scientific Investigations Report 2010–5220, 96 p. Available at http://pubs.usgs.gov/sir/2010/5220/.",http://pubs.usgs.gov/sir/2010/5220/
Longwell and others (1965),"Longwell, C.R., Pampeyan, E.H., Bowyer, B., and Roberts, R.J., 1965, Geology and mineral deposits of Clark County, Nevada: Nevada Bureau of Mines and Geology Bulletin 62, 119 p., plate 1, scale 1:250,000.",
Love and others (2003),"Love, J.D., 2003, Vanadium deposits in the Lower Permian Phosphoria Formation, Afton area, Lincoln County, western Wyoming: Professional Paper 1637, accessed at https://pubs.usgs.gov/publication/pp1637.",https://pubs.usgs.gov/pp/1637/report.pdf
Loveday and Kester (2023),"Loveday, D., and Kester, J., 2023, NI [Canadian National Instrument] 43-101 technical report, TLC property, Nye County, Nevada, USA: Vancouver, British Columbia, Canada, American Lithium Corporation, prepared by Stantec Consulting, LTD, Calgary, Alberta, Canada, 113 p., https://americanlithiumcorp.com/wp-content/uploads/2021/05/NI-43-101-Technical-Report_May-4_Final.pdf.",https://americanlithiumcorp.com/wp-content/uploads/2021/05/NI-43-101-Technical-Report_May-4_Final.pdf
Lucas (1975),"Lucas, J.M., 1975, The availability of nickel, chromium and silver in Washington: Washington Geologic Survey Open-File Report 75-14, 145 p.",
MacKevett and others (1978),"MacKevett, E.M., Jr., Singer, D.A., and Holloway, C.D., 1978, Maps and tables describing metalliferous mineral resource potential of southern Alaska: U.S. Geological Survey Open-File Report 78-I-E, 2 sheets, 45 p., scale 1:1,000,000.",https://pubs.er.usgs.gov/publication/ofr781E
Malhotra and others (2020),"Malhotra, D., Ronald, E., Evans, B., and Williamson, P., 2020, NI [Canadian National Instrument] 43-101 feasibility study (Johnny Lee deposit) and mineral resource estimate update (Lowry deposit), Black Butte Copper Project: Vancouver, British Columbia, Canada, Sandfire Resources America, Inc., prepared by GR Engineering Services, Lakewood, Colorado, 622 p., accessed December 1, 2021, at http://www.sandfireamerica.com/assets/docs/library/SRA-Black-Butte-Copper-NI-43-101-FS-Technical-Report-8Dec2020.pdf.",http://www.sandfireamerica.com/assets/docs/library/SRA-Black-Butte-Copper-NI-43-101-FS-Technical-Report-8Dec2020.pdf
Mallot and others (1949),"Mallot, E.E., Boos, M.F., and Mosier, M., 1949, Investigation of Black Mountain beryl deposit, Oxford County, Maine: U.S. Bureau of Mines Report of Investigations 4412, 10 p.",
Martin (2013),"Martin, W., 2013, NI [Canadian National Instrument] 43-101 technical report on the Deer Trail mine project, Piute County, Utah: Vancouver, British Columbia, Canada, Western Pacific Resources Corporation, prepared by JBR Environmental Consultants, Inc, Boise, Idaho, 68 p.",
Materion Corp. (2012-2021),"Materion Corp., 2012-2021, Materion Corp. 10-K: Edgar Securities and Exchange Commission, variously paged, accessed September 14, 2021, at https://www.sec.gov/edgar/searchedgar/companysearch.html.",https://www.sec.gov/edgar/searchedgar/companysearch.html
Mathisen (2022),"Mathisen, M.B., 2022, NI [Canadian National Instrument] 43-101 technical report on the La Sal project, San Juan County, Utah: Lakewood, Colorado, Energy Fuels Inc., prepared by SLR International Corporation, Lakewood, Colorado, 117 p.",
Matson (1946),"Matson, E.J. 1946, Exploration of the Mount Hope mine, Eureka County, Nevada: U.S. Bureau of Mines Report of Investigations 3928, 7 p.",
McAnulty (1967),"McAnulty, W.N., 1967, Fluorspar in Brewster County, Texas [Christmas Mountains - Corazones Peaks area]: University of Texas at Austin, Bureau of Economic Geology, Geological Circular 67-2, 16 p.",
McAnulty (1978),"McAnulty, W.N., 1978, Fluorspar in New Mexico: New Mexico Bureau of Mines & Mineral Resources, Memoir 34, 64 p., 14 sheets, accessed on September 2, 2021, at https://geoinfo.nmt.edu/publications/monographs/memoirs/34/.",https://geoinfo.nmt.edu/publications/monographs/memoirs/34/
McDonald and others (1990),"McDonald, W.R., Johnson, J.L., Greaves, J.N., and Wetzel, N., 1990, Chromite recovery from northern California ores using a physical concentration process: U.S. Bureau of Mines Report of Investigations 9330, 32 p.",
McLemore (2010a),"McLemore, V.T., 2010a, Distribution, origin, and mineral resource potential of Late Cretaceous heavy mineral, beach-placer sandstone deposits, San Juan Basin, New Mexico, in Fassett, J.E., Zeigler, K.E., and Lueth, V., eds, Geology of the Four Corners country: New Mexico Geological Society 61st Fall Field Conference Guidebook, p. 197–212.",
McLemore (2010b),"McLemore, V.T., 2010b, Beryllium resources in New Mexico and adjacent areas: New Mexico Bureau of Geology and Mineral Resources-New Mexico Institute of Mining and Technology Open-file Report OF-533, 106 p.",
McLemore (2017),"McLemore, V.T., 2017, Mining districts and prospect areas in New Mexico: New Mexico Bureau of Mines and Mineral Resources, Resource Map 24, p. 1–65, 1 plate, scale 1:1,000,000.",
McLemore (2018),"McLemore, V.T., 2018, Rare earth elements (REE) deposits associated with Great Plain margin deposits (alkaline-related), southwestern United States and eastern Mexico: Resources 7, no. 1: 8. https://doi.org/10.3390/resources7010008.",https://doi.org/10.3390/resources7010008
McLemore and others (1996),"McLemore, V.T., Sutphin, D.M., Hack, D.R., and Pease, T.C., 1996, Mining history and mineral resources of the Mimbres resource area, Dora Ana, Luna, Hidalgo, and Grant Counties, New Mexico: New Mexico Bureau of Mines and Mineral Resources, Open-File Report 424, 149 p.",
Mertie (1975),"Mertie, Jr., J.B., 1975, Monazite placers in the southeastern Atlantic States: U.S. Geological Survey Bulletin 1390, 41 p.",https://pubs.er.usgs.gov/publication/b1390
Methven and others (2018),"Methven, G., Nussipakynova, D., Bloom, L., Jin, Q., Kaye, C., Smith, R.M., Kottmeier, C., Bartlett, D., and Christenson, E., 2018, NI [Canadian National Instrument] 43-101 technical report Hermosa property mineral resource and Taylor deposit PEA update, Santa Cruz County, Arizona: Vancouver, British Columbia, Canada, Arizona Mining Inc., prepared by AMC Mining Consultants (Canada) Ltd., Vancouver, British Columbia, Canada, 245 p.",
"Millrock Resources, Inc. (2022)","Millrock Resources, Inc., 2022, Millrock outlines significant exploration target of Ni-Cu-Co-PGE mineralization at the Nikolia Project, Alaska: Millrock Resources Inc. press release dated October 5, 2022, accessed May 30, 2023, at https://www.millrockresources.com/news/millrock-outlines-significant-exploration-target-of-ni-cu-co-pge-mineralization-at-the-nikolai-project-alaska.",https://www.millrockresources.com/news/millrock-outlines-significant-exploration-target-of-ni-cu-co-pge-mineralization-at-the-nikolai-project-alaska
Mining Technology (2022),"Mining Technology, 2022, Bunker Hill mine restart, Idaho, USA: Mining Technology, September 26, 2022, accessed May 30, 2023, at https://www.mining-technology.com/projects/bunker-hill-mine-restart-idaho-usa/.",https://www.mining-technology.com/projects/bunker-hill-mine-restart-idaho-usa/
Miser (1941),"Miser, H.D., 1941, Manganese carbonate in the Batesville district, Arkansas: U.S. Geological Survey Bulletin 921-A, 97 p.",https://pubs.er.usgs.gov/publication/b921A
Mitchell (1997),"Mitchell, V.E., 1997, History of the Triumph, Independence, and North Star Mines, Blaine County, Idaho: Idaho Geological Survey Staff Report 97-1, 63 p.",
Mitchell (1999),"Mitchell, V.E., 1999, History of the mines in the Bayhorse area, Custer County, Idaho: Idaho Geological Survey Staff Report 99-8, 40 p.",
More and Stryhas (2007),"More, S.W., and Stryhas, B., 2007, NI [Canadian National Instrument] 43-101 technical report on resources, Indian Springs tungsten property, Elko County, Nevada: Toronto, Ontario, Canada, Galway Resources Ltd., prepared by SRK Consulting Inc., Tucson, Arizona, 116 p.",
MP Materials (2022),"MP Materials, 2022, Reports Fourth Quarter and Full Year 2022 Results: accessed May 9, 2023 at: https://investors.mpmaterials.com/investor-news/news-details/2023/MP-Materials-Reports-Fourth-Quarter-and-Full-Year-2022-Results/default.aspx.",https://investors.mpmaterials.com/investor-news/news-details/2023/MP-Materials-Reports-Fourth-Quarter-and-Full-Year-2022-Results/default.aspx
MRDS (2005),"U.S. Geological Survey, 2005, Mineral Resource Data System (MRDS): Reston, Virginia, https://mrdata.usgs.gov/mrds/.",https://mrdata.usgs.gov/mrds/
Muntean and others (2020),"Muntean, J.L., Davis, D.A., and Ayling, B., 2020, The Nevada Mineral Industry 2019: Nevada Bureau of Mines and Geology Special Publication MI-2019, 254 p.",
Mulligan (1966),"Mulligan, J.J., 1966, Tin-lode investigations, Cape Mountain Area, Seward Peninsula, Alaska: Bureau of Mines Report of Investigations 6737, 43 p.",https://dggs.alaska.gov/pubs/id/21217
Murray and others (2023),"Murray, K., Fink, D., Boese, C., Bowie, A., Murohy, B., Kim, H., and Wendlandt, P., 2023, NI [Canadian National Instrument] 43-101 technical report and feasibility study, Arctic project, Ambler mining district, Alaska: Vancouver, British Columbia, Canada, Trilogy Metals Inc., prepared by Ausenco Engineering Canada Inc, Vancouver, British Colombia, Canada, 509 p., accessed February 5, 2024 at https://trilogymetals.com/site/assets/files/6136/arctic_ni_43-101.pdf.",https://trilogymetals.com/site/assets/files/6136/arctic_ni_43-101.pdf
Navigator Exploration Corporation (2001),"Navigator Exploration Corporation, 2001, Navigator Exploration Corp. - Option agreement on Kougarok tantalum property: Navigator Exploration Corporation press release, June 13, 2001, 2 p.",
Nevada Bureau of Mines and Geology (2017),"Nevada Bureau of Mines and Geology, 2017, The Nevada mineral industry, 2015: Nevada Bureau of Mines and Geology Special Publication MI-2015, 190 p.",
Nevada Division of Environmental Protection (2021),"Nevada Division of Environmental Protection, 2021, Rossi Barite mine: Fact Sheet, 15 p., accessed May 15, 2023, at https://ndep.nv.gov/uploads/documents/NEV2015112fsFY21.pdf.",https://ndep.nv.gov/uploads/documents/NEV2015112fsFY21.pdf
New World Cobalt Limited (2019),"New World Cobalt Limited, 2019, Acquisition of advanced high-grade copper-gold-zinc VMS project opens up significant new growth front in USA: New World Cobalt Limited ASX release dated April 9, 2019, 32 p., accessed April 4, 2023, at https://newworldres.com/wp-ncontent/uploads/AcquisitionOfTererroCopperGoldZincVMSProject09Apr19.pdf.",https://newworldres.com/wp-ncontent/uploads/AcquisitionOfTererroCopperGoldZincVMSProject09Apr19.pdf
New World Resources (2021),"New World Resources, 2021, Two new high-grade cobalt projects acquired in USA—to be included in upcoming demerger of cobalt assets: New World Resources ASX press release dated November 1, 2021, accessed May 2, 2023, at https://newworldres.com/wp-content/uploads/TwoNewHighGradeCobaltProjectsForUpcomingDemerger01Nov21.pdf.",https://newworldres.com/wp-content/uploads/TwoNewHighGradeCobaltProjectsForUpcomingDemerger01Nov21.pdf
New World Resources (2022),"New World Resources, 2022, Scoping study results-Antler copper project, USA: New World Resources, Executive Summary Scoping Study dated July 2022, 58 p., accessed April 23, 2023, at https://minedocs.com/22/Antler-PEA-07112022.pdf.",https://minedocs.com/22/Antler-PEA-07112022.pdf
Newmex Minerals Inc. (2000),"Newmex Minerals Inc., 2000, Project overview and site maps: Newmex Minerals website, accessed May 3, 2023, at https://web.archive.org/web/20030610121835/http://www.newmex-minerals.com:80/.",https://web.archive.org/web/20030610121835/http://www.newmex-minerals.com:80/
Nieberlein and others (1954),"Nieberlein, V.A., Fine, M.M., Calhoun, W.A., and Parsons, E.W., 1954, Progress report on development of columbian in Arkansas for 1953, U.S. Bureau of Mines Report of Investigations 5064, 23 p.",
Norton and others (1964),"Norton, J.J., and others, 1964, Geology and mineral deposits of some pegmatites in the southern Black Hills South Dakota: U.S. Geological Survey Professional Paper 297-E, 55 p.",https://pubs.er.usgs.gov/publication/pp297E
Nutt and others (1990),"Nutt, C.J., Zimbelman, D.R., Campbell, D.L., Duval, J.S., and Hannigan, B.J., 1990, Mineral resources of the Deep Creek Mountains Wilderness study area, Juab and Tooele counties, Utah: U.S. Geological Survey Bulletin 1745-C, 40 p.",http://pubs.er.usgs.gov/publication/b1745C
Oladeni (2022),"Oladeni, I.A., 2022, Rare-earth element occurrences in heavy mineral sand, southeast Georgia: Atlanta, Georgia State University, MS thesis, 105 p., accessed May 9, 2023, at doi: https://doi.org/10.57709/28900383.",https://doi.org/10.57709/28900383
Orris and Grauch (2002),"Orris, G.J., and Grauch, R.L., 2002, Rare earth element mines, deposits, and occurrences: U.S. Geological Survey Open-File Report 2002-189 (online only), https://doi.org/10.3133/ofr02189.",https://doi.org/10.3133/ofr02189
Osisko Development Corporation (2022),"Osisko Development Corporation, 2022, High grade mining district in central Utah provides new operating mine and exciting frontier for development in one of the best mining jurisdictions in the world: Osisko Development Corporation press release, January 25,2022, accessed April 4, 2023, at https://www.marketscreener.com/quote/stock/OSISKO-DEVELOPMENT-CORP-49478039/news/Osisko-Development-Announces-Proposed-Acquisition-of-Tintic-Consolidated-Metals-37634377/.",https://www.marketscreener.com/quote/stock/OSISKO-DEVELOPMENT-CORP-49478039/news/Osisko-Development-Announces-Proposed-Acquisition-of-Tintic-Consolidated-Metals-37634377/
Pacific Nickel Corp. (1958),"Pacific Nickel Corp.,1958, Red Flats Nickel Project: Pacific Nickel Corp., 273 p., accessed May 9, 2023 at https://www.oregongeology.org/milo/archive/MiningDistricts/CurryCounty/GoldBeachDistrict/RedFlatsPlacers/RedFlatsPlacersReports.pdf.",https://www.oregongeology.org/milo/archive/MiningDistricts/CurryCounty/GoldBeachDistrict/RedFlatsPlacers/RedFlatsPlacersReports.pdf
Patterson (1967),"Patterson, S.H., 1967, Bauxite reserves and potential aluminum resources of the world: U.S. Geological Survey Bulletin 1228, 176 p.",https://pubs.er.usgs.gov/publication/b1228
Pavlides and others (1982),"Pavlides, L., Stern, T.W., Arth, J.G., Muth, K.G., and Newell, M.F., 1982, Middle and upper Paleozoic granitic rocks in the Piedmont near Fredericksburg, Virginia; Geochronology: U.S. Geological Survey Professional Paper 1231-B, 9 p.",https://pubs.er.usgs.gov/publication/pp1231B
Pearre (1960),"Pearre, N.C., and Heyl, A.V., Jr., 1960, Chromite and other mineral deposits in the serpentine rocks of the Piedmont Upland, Maryland, Pennsylvania, and Delaware: U.S. Geological Survey Bulletin 1082-K, p. 707-833.",https://pubs.er.usgs.gov/publication/b1082K
Pearre and Heyl (1960),"Pearre, N.C., and Heyl, A.V., Jr., 1960, Chromite and other mineral deposits in serpentine rocks of the Piedmont Upland, Maryland, Pennsylvania, and Delaware: U.S. Geological Survey Bulletin 1082-K, p. 707–833, plate 40, scale 1:125,000.",https://pubs.er.usgs.gov/publication/b1082K
Peek and Durgin (2021),"Peek, B.C., and Durgin, D., 2021, NI [Canadian National Instrument] 43-101 technical report—updated geology and mineral resources, Green Energy project, Grand County, Utah, USA: Vancouver, British Columbia, Canada, Voltaic Minerals (USA) Inc., prepared by Delve Consultants, Sparks, Nevada, 53 p.",
Peters (2008a),"Peters, D.C., 2008a, NI [Canadian National Instrument] 43-101 technical report on the Willhunt property, San Miguel County, Colorado: Lakewood, Colorado, Energy Fuels Inc., prepared by Peters Geoscience, Golden, Colorado, 36 p.",
Peters (2008b),"Peters, D.C., 2008b, NI [Canadian National Instrument] 43-101 technical report on the Whirlwind property (including Far West and Crosswind claim groups), Mesa County, Colorado and Grand County, Utah: Lakewood, Colorado, Energy Fuels Inc., prepared by Peters Geoscience, Golden, Colorado 51 p.",
Peters (2015),"Peters, D.C., 2015, NI [Canadian National Instrument] 43-101 updated technical report on Sage Plain project (including the Calliham mine), San Juan County, Utah, USA: Lakewood, Colorado, Energy Fuels Inc., prepared by Peters Geoscience, Golden, Colorado, 88 p., https://minedocs.com/20/SagePlain_TR_03182015.pdf.",https://minedocs.com/20/SagePlain_TR_03182015.pdf
Piedmont Lithium (2021),"Piedmont Lithium, 2021, Piedmont increases mineral resources with completion of Phase 5 infill drilling: Piedmont Lithium press release, October 21, 2021, https://piedmontlithium.com/wp-content/uploads/211021-Mineral-Resource-Estimate-Update-FINAL-US.pdf.",https://piedmontlithium.com/wp-content/uploads/211021-Mineral-Resource-Estimate-Update-FINAL-US.pdf
Pirkle and others (1993),"Pirkle, F.L., Pirkle, E.C., Reynolds, J.G., Pirkle, W.A., Henry, J.A., and Rice, W.J., 1993, The Folkston West and Amelia heavy mineral deposits of Trail Ridge, southeastern Georgia: Economic Geology, v. 88, p. 961–971.",
Pirkle and others (2007),"Pirkle, F.L., Pirkle, W.A., and Pirkle, E.C., 2007, Chapter 45 Heavy-Mineral Sands of the Atlantic and Gulf Coastal Plains, USA, in Mange, M.A. and Wright, D.T. eds., Developments in Sedimentology: Elsevier, p. 1144–1232.",
PolyNatura Corp. (2017),"PolyNatura Corp., 2017, resources and reserves: PolyNatura Corporation web page, accessed April 13, 2021, at https://www.polynatura.com/project/resources-and-reserves/.",https://www.polynatura.com/project/resources-and-reserves/
Popoff (1953),"Popoff, C.C., 1953, Hermada antimony deposit, Elmore Country, Idaho: U.S. Bureau of Mines Report of Investigations 4950, 28 p.",
Potash Minerals Ltd. (2013),"Potash Minerals Ltd., 2013, Resource update for JORC 2012 on Hatch Point potash project: Potash Minerals Ltd. press release, December 6, 2013, accessed August 30, 2021 at https://www.asx.com.au/asxpdf/20141114/pdf/42tq5dx1h7t7f8.pdf.",https://www.asx.com.au/asxpdf/20141114/pdf/42tq5dx1h7t7f8.pdf
Puritch and others (2021),"Puritch, E., Sutcliffe, R.H., Brown, F, Salari, D.J. and Czarnowksy, A., 2021, NI [Canadian National Instrument] 43-101 technical report o the Lost Sheep fluorspar property, Juab County, Utah: Vancouver, British Columbia, Canada, Ares Strategic Mining, Inc., prepared by P&E Mining Consultants, Inc., Brampton, Ontario, Canada, 164 p.",
Pye (1971),"Pye, W.D., 1971, Assessment of fluorspar potential of the north end of Keystone Mountain, Challis, Custer County, Idaho: Willard D. Pye Consulting Geologist, 56 p., accessed September 1, 2021, at https://www.idahogeology.org/WebMap/WebData/Mines.asp.",https://www.idahogeology.org/WebMap/WebData/Mines.asp
Ratte and others (1979),"Ratte, J.C., Gaskill, D.L., Eaton, G.P., Peterson, D.L., Stotelmeyer, R.B., and Meeves, H.C., 1979, Mineral resources of the Gila Primitive Area and Gila Wilderness, New Mexico: U.S. Geological Survey Bulletin 1451, 229 p.",http://pubs.er.usgs.gov/publication/b1451
Rauche and van der Klauw (2013),"Rauche, H., and van der Klauw, S., 2013, NI [Canadian National Instrument] 43-101 preliminary economic assessment sylvinite/carnallitite mining in the Holbrook basin, Arizona: Apache Junction, Arizona, Passport Potash Inc., prepared by ERCOSPLAN, Erfurt, Germany, 141 p.",
Ray (2016),"Ray, G.E., 2016, NI [Canadian National Instrument] 43-101 technical report Bridging the Gap Silver (Pb-Zn) Project, Coeur d'Alene mining district, Shoshone County, Idaho, USA: Burnaby, British Columbia, Canada, Bayhorse Silver Inc., prepared by Ray, G.E., Victoria, British Columbia, Canada, 43 p., accessed April 19, 2023 at https://canadianminingreport.com/company_resource/161115_NI43-101_Bayho_Bri_F.pdf.",https://canadianminingreport.com/company_resource/161115_NI43-101_Bayho_Bri_F.pdf
Redden (1959),"Redden, J.A., 1959, Beryl deposits of the Beecher No. 3-Black Diamond Pegmatite Custer County South Dako: U.S. Geological Survey Bulletin 1072-I, 30 p., accessed May 15, 2023, at https://pubs.usgs.gov/bul/1072i/report.pdf.",https://pubs.usgs.gov/bul/1072i/report.pdf
Reed (2008),"Reed, R., 2008, Updated report of rare earth reserves and resources of U.S. Rare Earths, Inc., Diamond Creek, Idaho: Report prepared for U.S. Rare Earths, Inc., 17 p.",
Renaissance Gold Inc. (2013),"Renaissance Gold Inc., 2013, Resource for Trinity Silver Project more than doubles: Renaissance Gold Inc. press release dated January 7, 2013, accessed June 14, 2023, at https://www.businesswire.com/news/home/20130107006620/en/Resource-for-Trinity-Silver-Project-More-Than-Doubles.",https://www.businesswire.com/news/home/20130107006620/en/Resource-for-Trinity-Silver-Project-More-Than-Doubles
Richter and Lawrence (1983),"Richter, D.H., and Lawrence, V.A., 1983, Mineral deposit map of the Silver City 1 degree by 2 degrees quadrangle, New Mexico and Arizona: U.S. Geological Survey Miscellaneous Investigations Series Map I-1310-B, scale 1:250,000.",http://pubs.er.usgs.gov/publication/i1310B
Robertson (1956),"Robertson, E.C., 1956, Magnetite deposits near Klukwan and Haines, southeastern Alaska: U.S. Geological Survey Open-File Report 56-101, 37 p.",https://pubs.er.usgs.gov/publication/ofr56101
Roby (1950),"Roby, R.N., 1950, Mines and mineral deposits, Meagher County, Montana: U.S. Bureau of Mines Information Circular 7540, 40 p.",
Roth and others (2022),"Roth, D., Tahija, L., Iasillo, E., Martina, K., Chow, B., Multer, W., Bahe, K., Kaplan, P., Cluff, T., and Shannon, B., 2022, NI [Canadian National Instrument] feasibility study, technical report for the Thacker Pass Project, Humboldt County, Nevada: Vancouver, British Columbia, Canada, Lithium Americas Corp., prepared by M3 Engineering & Technology Corp., Tucson, Arizona, 335 p.",
Rothrock and others (1946)," Rothrock, H.W., Johnson, C.H., and Hahn, A.D., 1946, Fluorspar resources of New Mexico: New Mexico Bureau of Mines and Mineral Resources, Bulletin 21, 233 p.",
Rynearson and Wells (1944),"Rynearson, G.A., and Wells, F.G., 1944, Geology of the Grey Eagle and some nearby chromite deposits in Glenn County, California: U.S. Geological Survey Bulletin 945-A, 22 p.",https://pubs.er.usgs.gov/publication/b945A
Samari and others (2021),"Samari, H., Moritz, R., and Harvey, J.T., 2021, NI [Canadian National Instrument] technical report preliminary economic assessment Bonnie Claire Lithium Project, Nye County, Nevada: Vancouver, British Columbia, Canada, Iconic Minerals, Ltd., and Nevada Lithium, prepared by Global Resource Engineering, Ltd., Denver, Colorado, 208 p., accessed March 14, 2023 at https://nvlithium.com/bonnie-clair-project/.",https://nvlithium.com/bonnie-clair-project/
Schilling (1960),"Schilling, J.H., 1960, Mineral resources of Taos County, New Mexico: New Mexico Bureau of Mines and Mineral Resources, Bulletin 71, 124 p.",
Schreiner (1993),"Schreiner, R.A., 1993, Mineral investigation of the rare-earth-element-bearing deposits, Red Cloud Mining district, Gallinas Mountains, Lincoln County, New Mexico: U.S. Bureau of Mines, Mineral Land Assessment 99-93, 189 p.",
Schwartz (1925),"Schwartz, G.M., 1925, Geology of the Etta spodumene mine: Economic Geology, v. 20, p. 646–659.",
Shawe (1976),"Shawe, D.R. (ed.), 1976, Geology and resources of fluorine in the United States: U.S. Geological Survey Professional Paper 933, 99 p.",https://pubs.er.usgs.gov/publication/pp933
Sheridan and others (1957),"Sheridan, D.M., Stephens, H.G., Staatz, M.H., and Norton, J.J., 1957, Geology and beryl deposits of the Peerless pegmatite, Pennington County, South Dakota: U.S. Geological Survey Professional Paper 297A, 47 p., http://pubs.er.usgs.gov/publication/pp297A.",http://pubs.er.usgs.gov/publication/pp297A
Sibanye Stillwater (2023),"Sibanye Stillwater, 2023, Sibanye-Stillwater Mineral Resources and Mineral Reserves declaration as at 31 December 2022: Sibanye Stillwater press release dated 17 February, 2023, accessed March 27, 2023, at https://thevault.exchange/?get_group_doc=245/1676626659-ssw-NYSE-RR-declaration-31Dec2022-17feb2023.pdf.",https://thevault.exchange/?get_group_doc=245/1676626659-ssw-NYSE-RR-declaration-31Dec2022-17feb2023.pdf
Slack and others (2022),"Slack, J.F., Beck, F.M., Bradley, D.C., Felch, M.M., Marvinney, J.G., and Whittaker, A.T.H., 2022, Potential for critical mineral deposits in Maine, USA: Atlantic Geoscience, v. 58, p. 155–191.",
Sletten and others (2020),"Sletten, M., Zelligan, S., Frost, D., Yugo, N., Charbonneau, C., and Cameron D.P., 2020, NI [Canadian National Instrument] 43-101F1 technical report feasibility study, Idaho Cobalt Project, Idaho, USA: Victoria, Australia, Jervois, prepared by M3 Engineering & Technology Corp., Tucson, Arizona, 377 p., accessed May 23, 2022, at https://jervoisglobal.com/wp-content/uploads/2021/06/190348_Idaho_Cobalt_13112020_NI_43_101_Technical_Report-FILED-r1.pdf.",https://jervoisglobal.com/wp-content/uploads/2021/06/190348_Idaho_Cobalt_13112020_NI_43_101_Technical_Report-FILED-r1.pdf
SLR International Corporation (2022),"SLR International Corporation, 2022, Technical report summary on the Lucky Friday Mine, Idaho, USA, S-K 1300 Report: Coeur d'Alene, Idaho, Hecla Mining Corporation, prepared by SLR International Corporation, 218 p., https://www.hecla.com/wp-content/uploads/SLR-Hecla-Lucky-Friday-FINAL-S-K-1300-TRS-21-Feb-2022-rev_web.pdf.",https://www.hecla.com/wp-content/uploads/SLR-Hecla-Lucky-Friday-FINAL-S-K-1300-TRS-21-Feb-2022-rev_web.pdf
Smith (2022),"Smith, C.L., 2022, NI [Canadian National Instrument] 43-101 technical report on the El Capitan Project, Lincoln, County, New Mexico: Prescott, Arizona, El Capitan Precious Metals Inc., prepared by C.L. Smith, P.E., Delta, British Columbia, Canada, 40 p., accessed March 14, 2023 at https://www.elcapitanpmi.com/wp-content/uploads/2022/03/El-Capitan-43-101-ReportUpdate_-3-22-2022.pdf.",https://www.elcapitanpmi.com/wp-content/uploads/2022/03/El-Capitan-43-101-ReportUpdate_-3-22-2022.pdf
Smith and Page (1941),"Smith, W.C., and Page, L.R., 1941, Tin-bearing pegmatites of the Tinton district, Lawrence County, South Dakota, a preliminary report: U.S. Geological Survey Bulletin 922-T, p. 595–630.",https://pubs.er.usgs.gov/publication/b922T
South Star Battery Metals Corp. (2023),"South Star Battery Metals Corp., 2023, South Star Battery Metals announces maiden mineral resource estimate for the BamaStar Graphite Project in Coosa County Alabama, USA: South Star Battery Metals Corp. press release dated March 13, 2023, accessed March 27, 2023, at https://www.newswire.ca/news-releases/south-star-battery-metals-announces-maiden-mineral-resource-estimate-for-the-bamastar-graphite-project-in-coosa-county-alabama-usa-896181831.html.",https://www.newswire.ca/news-releases/south-star-battery-metals-announces-maiden-mineral-resource-estimate-for-the-bamastar-graphite-project-in-coosa-county-alabama-usa-896181831.html
South32 Limited (2023),"South32 Limited, 2023, Hermosa project update: South32 Limited press release dated May 98, 2023, accessed June 1, 2023, at https://www.south32.net/docs/default-source/exchange-releases/hermosa-project-update-0x6e16b082af2a4715.pdf?sfvrsn=9a4bb0cc_0.",https://www.south32.net/docs/default-source/exchange-releases/hermosa-project-update-0x6e16b082af2a4715.pdf?sfvrsn=9a4bb0cc_0
Staatz and others (1980),"Staatz, M.H., Hall, R.B., Macke, D.L., Armbrustmacher, T.J., and Brownfield, I.K., 1980, Thorium resources of selected regions in the United States: U.S. Geological Survey Circular 824, 32 p.",https://pubs.er.usgs.gov/publication/cir824
Staatz and Trites (1955),"Staatz, M.H., and Trites, A.F., 1955, Geology of the Quartz Creek pegmatite district, Gunnison County, Colorado: U.S. Geological Survey Professional Paper 265, 111 p.",https://pubs.er.usgs.gov/publication/pp265
Stager and Tingley (1988),"Stager, H.K., and Tingley, J.V., 1988, Tungsten deposits in Nevada: Nevada Bureau of Mines and Geology, Bulletin 105, 258 p.",
Still (1988),"Still, J.C., 1988, Distribution of gold, platinum, palladium, and silver in selected portions of the Bohemia Basin deposits, southeast Alaska (with an appendix on Mirror Harbor): U. S. Bureau of Mines Open-File Report 10-88, 42 p., 10 sheets.",https://dggs.alaska.gov/pubs/id/21333
Stirrett and Shewfelt (2014),"Stirrett, T. and Shewfelt, D., 2014, NI [Canadian National Instrument] 43-101 technical summary report, Sennen Potash Corporation Monument project, potash resource assessment, San Juan county, Utah, United States: Vancouver, British Columbia, Canada, Sennen Potash Corporation, North Rim Exploration, Ltd., Saskatoon, Saskatchewan, Canada, 85 p., accessed August 31, 2021 at http://www.sedar.com.",http://www.sedar.com
Stryhas and others (2019),"Stryhas, B., Clarkson, B.M., and Wright, F., 2019, NI [Canadian National Instrument] 43-101 technical report, Carlin Vanadium Project, Carlin, Nevada: Vancouver, British Columbia, Canada, First Vanadium Corporation, prepared by SRK Consulting (U.S.), Inc., Denver, Colorado, 138 p.",
Suda and others (2009),"Suda, R., Turner, A.R., and Hogge, C., 2009, NI [Canadian National Instrument] 43-101 technical report on the Stillwater Ni-Cu-Co-Cr-PGE project, Stillwater and Sweetwater Counties, Montana USA: Toronto, Ontario, Canada, Nevoro, Inc, prepared by authors, Veradale, Washington, 87 p.",
Swainbank and others (1991),"Swainbank, R.C., Bundtzen, T.K., and Wood, J.E., 1991, Alaska's mineral industry, 1990: Alaska Division of Geological and Geophysical Surveys Special Report 45, 78 p.",https://dggs.alaska.gov/pubs/id/2644
Swainbank and others (1997),"Swainbank, R.C., Bundtzen, T. K., Clough A.H., and Henning, M.W., 1997, Alaska's mineral industry 1996: Alaska Division of Geological and Geophysical Surveys Special Report 51, 68 p.",
Teck (2022),"Teck, 2022, Purpose in action: Teck 2022 Annual Report, accessed April 12, 2023 at https://www.teck.com/media/2022-Annual-Report.pdf.",https://www.teck.com/media/2022-Annual-Report.pdf
The Mosaic Co. (2005-2020),"The Mosaic Co., 2005-2020, 10-K: annual Report Form 10-K, Edgar Securities and Exchange Commission, variously paged, accessed September 1, 2021, at https://www.sec.gov/edgar/searchedgar/companysearch.html.",https://www.sec.gov/edgar/searchedgar/companysearch.html
The Mosaic Co. (2022),"The Mosaic Co., 2022, 10-K: Edgar Securities and Exchange Commission,189 p., accessed May 2, 2023, at https://s1.q4cdn.com/823038994/files/doc_financials/2022/q4/MOS-2022.12.31-10K-Final.pdf.",https://s1.q4cdn.com/823038994/files/doc_financials/2022/q4/MOS-2022.12.31-10K-Final.pdf
Thomas (1957),"Thomas, B.I., 1957, Tin-bearing placer deposits near Tofty, Hot Springs district, central Alaska: U.S. Bureau of Mines Report of Investigations 5373, 56 p.",https://dggs.alaska.gov/pubs/id/21197
Thurow (1082),"Thurow, G.E., 1982, Coal Project Annual Report: Internal Report for Houston Oil and Minerals, Inc. p. 1–10.",
Tingley and LaPointe (1999),"Tingley, J.V., and LaPointe, D.D., 1999, Metals, in The Nevada mineral industry 1998: Nevada Bureau of Mines and Geology Special Publication MI-1998, p. 10–22.",
Trace and Amos (1984),"Trace, R.D, and Amos, D.H., 1984, Stratigraphy and structure of the western Kentucky fluorspar district: U.S. Geological Survey Professional Paper 1151-D, 41 p.",https://pubs.er.usgs.gov/publication/pp1151D
Tribe (2011),"Tribe, N., 2011, NI [Canadian National Instrument] 43-101mineral resource evaluation report on the Artillery Mountain manganese property, Mohave County, Arizona, U.S.A.: Surrey, British Columbia, Canada, American Manganese Inc., prepared by N. Tribe & Associates Ltd, Kelowna, British Columbia, Canada, 334 p.",
U.S. Geological Survey (1996),"U.S. Geological Survey, 1996, Alaska Resource Data File, (ver 1.7, March, 2018): U.S. Geological Survey data release, https://doi.org/10.5066/P96MMRFD.",https://ardf.wr.usgs.gov/
U.S. Geological Survey (2022),"U.S. Geological Survey, 2022, 2022 Final List of Critical Minerals: Federal Register, v. 87 FR 10381, accessed May 31, 2023, at https://www.federalregister.gov/documents/2022/02/24/2022-04027/2022-final-list-of-critical-minerals.",https://www.federalregister.gov/documents/2022/02/24/2022-04027/2022-final-list-of-critical-minerals
Ullmer and Bentzen (2016),"Ullmer, E., and Bentzen, E.H., III, 2016. NI [Canadian National Instrument] phase II technical report for the Bisoni McKay vanadium property, Nye county, Nevada: Richmond, British Columbia, Canada, Stina Resources Ltd., prepared by E. Ullmer, Westminster, Colorado, and E.H. Bentzen, III, Wheat Ridge, Colorado, 121 p.",
USMIN (2022),"U.S. Geological Survey, 2022, U.S. Mineral Deposit Database (USMIN): Reston, Virginia, https://mrdata.usgs.gov/deposit/.",https://mrdata.usgs.gov/deposit/
van Angeren (2013),"van Angeren, P., 2013, Boss project, Goodsprings mining district, Clark Cunty, Nevada, USA: Geological assessment and exploration proposal (2013/14) for the Boss project: Report for Boxxer Gold Corp., Calgary, AB, 78 p.",
Van Gosen and Choate (2021),"Van Gosen, B.S., and Choate, L.M., 2021, Reconnaissance study of the major and trace element content of bauxite deposits in the Arkansas bauxite region, Saline and Pulaski Counties, central Arkansas: U.S. Geological Survey Open-File Report 2021–1073, 18 p., https://doi.org/10.3133/ofr20211073.",https://doi.org/10.3133/ofr20211073
Van Gosen and Ellefsen (2018),"Van Gosen, B.S., and Ellefsen, K.J., 2018, Titanium mineral resources in heavy-mineral sands in the Atlantic Coastal Plain of the southeastern United States: U.S. Geological Survey Scientific Investigations Report 2018–5045, 32 p., https://doi.org/10.3133/sir20185045.",https://doi.org/10.3133/sir20185045
Vikre and others (2023),"Vikre, P., John, D., Wintzer, N.E., Koutz, F., Graybeal, F., Dail, C., and Annis, D.C., 2023, Critical minerals in 
subduction-related magmatic-hydrothermal systems of the United States: U.S. Geological Survey Scientific 
Investigations Report 2023–5082, 110 p., https://doi.org/ 10.3133/ sir20235082.",https://pubs.usgs.gov/sir/2023/5082/sir20235082.pdf
Visher and Patterson (2022),"Visher, M., and Patterson, L., 2022, Major mines of Nevada 2021: Nevada Bureau of Mines and Geology Special Publication P-33, 34 p., accessed May 15, 2023, at https://minerals.nv.gov/uploadedFiles/mineralsnvgov/content/Programs/Mining/MiningForms/MM2021_Major_Mines_2021.pdf.",https://minerals.nv.gov/uploadedFiles/mineralsnvgov/content/Programs/Mining/MiningForms/MM2021_Major_Mines_2021.pdf
Vitaliano (1951),"Vitaliano, C.J., 1951, Magnesium-mineral resources of the Currant Creek district, Nevada: U.S. Geological Survey Bulletin 978-A, 34 p., plate 1, scale 1:63,360.",https://pubs.er.usgs.gov/publication/b978A
Warner (1985),"Warner, J.D, 1985, Critical and strategic minerals in Alaska, tin, tantalum, and columbium: Bureau of Mines Information Circular 9037, 24 p.",https://dggs.alaska.gov/pubs/id/21284
Warner (1989),"Warner, J.D., 1989, Columbium-, rare-earth element-, and thorium-bearing veins near Salmon Bay, southeastern Alaska: U.S. Bureau of Mines Open-File Report 6-89, 25 p.",https://dggs.alaska.gov/pubs/id/21317
Warner and others (1988),"Warner, J.D., Dahlin, D.C., and Brown, L.L, 1988, Tin cccurrences near Rocky Mountain (Lime Peak), East-Central Alaska: U.S. Bureau of Mines Information Circular 9180, 29 p.",https://dggs.alaska.gov/webpubs/usbm/ic/text/ic9180.pdf
Warren and Clark (1965),"Warren, W.C., and Clark, L.D., 1965, Bauxite deposits of the Eufaula district, Alabama: U.S. Geological Survey Bulletin 1199-E, 38 p., https://pubs.er.usgs.gov/publication/b1199E.",https://pubs.er.usgs.gov/publication/b1199E
Warren and others (1965),"Warren, W.C., Bridge, J., and Overstreet, E.C.F., 1965, Bauxite deposits of Virginia: U.S. Geological Survey Bulletin 1199-K, 17 p., https://pubs.er.usgs.gov/publication/b1199K.",https://pubs.er.usgs.gov/publication/b1199K
Warren and others (2021),"Warren, D., Methven, G., Malhotra, D., Vatterrodt, D., Peacock, B., and Hastings, M., 2021, NI [Canadian National Instrument] 43-101 technical report Empire State Mines (amended): Vancouver, British Columbia, Canada, Titan Mining Corporation, prepared by AMC Mining Consultants, Vancouver, British Columbia, Canada, 225 p.",
Weber (1965),"Weber, R.H., 1965, Nickel and cobalt, in Mineral and water resources of New Mexico: New Mexico Bureau of Mines and Mineral Resources Bulletin 87, p. 207–209.",
Weissenborn and Mallery (1944),"Weissenborn, A.E., and Mallery, J.H., 1944, Ore reserves at the Navajo fluorspar mines near Grants, Valencia County, New Mexico: U.S. Geological Survey Open-File Report 44-4, 18 p.",https://pubs.er.usgs.gov/publication/ofr444
Welhener and Crowie (2022),"Welhener, H.E., and Crowie, S.T., 2022, NI [Canadian National Instrument] 43-101F1 technical report mineral resource statement Mesaba Project, St. Louis County, Minnesota: St. Paul, Minnesota, PolyMet Mining, prepared by Independent Mining Consultants, Inc., Tucson, Arizona, 141 p.",
Wells and others (1946),"Wells, F.G., Cater, F.W., Jr., and Rynearson, G.A., 1946, Chromite deposits of Del Norte County, California, Chap. 1 of Klamath Mountains, Pt. 1 of Geological investigations of chromite in California: California Department of Natural Resources, Division of Mines Bulletin 134, 76 p.",
Wells and others (1949),"Wells, F.G., Smith, C.T., Rynearson, G.H., and Livermore, J.S., 1949, Chromite deposits near Seiad and McGuffy Creeks, Siskiyou County, California: U.S. Geological Survey Bulletin 948-B, p. 19–62.",https://pubs.usgs.gov/bul/0948b/report.pdf
Wetzel (1986),"Wetzel, N., 1986, Chromium resources in the conterminous United States: Chromium-chromite: U.S. Bureau of Mines Assessment and Research: Proceedings of Bureau of Mines Briefing, Corvallis, Ore., June 4-5, 1985, p. 31–41.",
White Rock Mineral Ltd (2022),"White Rock Minerals Ltd, 2022, Significant increase in zinc-silver resources, Red Mountain VMS project, Alaska: White Rock Minerals Ltd press release dated February 17, 2022, accessed February 26, 2023, at https://wcsecure.weblink.com.au/pdf/WRM/02487782.pdf.",
Williams and others (1964),"Williams, F.E., Fillo, P.V., and Bloom, P.A., 1964, Barite deposits of New Mexico: U.S. Bureau of Mines Circular 76, 46 p.",
Wilson and others (2022),"Wilson, S., Todd, R., and Kondos, P., 2022, NI [ Canadian National Instrument] 43-101 technical report and pre-feasibility study for underground mining, million and concentration of lead, silver, and zinc at the Bunker Hill mine, Coeur d'Alene mining district, Shoshone County, Idaho, USA: Toronto, Ontario, Canada, Bunker Hill Mining Company, prepared by Resource Development Associates, Highland Ranch, Colorado, 213 p.",
Winckers and others (2013),"Winckers, A.H., Darling, G., Stoyko, H.W., Huang, J., Brouwer, K., Kirk, L., Lechner, M.J., and Hafez, S.A., 2013, NI [Canadian National Instrument] 43-101 technical report and preliminary economic assessment for the Black Butte Copper Project, Montana: White Sulfur Springs, Montana, Tintina Resources, prepared by Tetra Tech Wardrop, Vancouver, British Columbia, Canada, 312 p., accessed March 24, 2021 at http://www.sandfireamerica.com/assets/docs/library/Black-Butte-Copper-1191880200-REP-R0001-01-20190318070031.pdf.",http://www.sandfireamerica.com/assets/docs/library/Black-Butte-Copper-1191880200-REP-R0001-01-20190318070031.pdf
Winters (1968),"Winters, A.S., 1968, Geology and ore deposits of the Castle Mountain mining district Meagher County, Montana: Montana Bureau of Mines and Geology, Bulletin 64, 64 p.",
Woodruff and others (2013),"Woodruff, L.G., Nicholson, S.W., and Fey, D.L., 2013, A deposit model for magmatic iron-titanium-oxide deposits related to Proterozoic massif anorthosite plutonic suites: U.S. Geological Survey Scientific Investigations Report 2010-5070-K, 47 p., http://pubs.usgs.gov/sir/2010/5070/k.",http://pubs.usgs.gov/sir/2010/5070/k
Zanko and others (1994),"Zanko, L.M., Severson, M.J., and Ripley, E.M., 1994, Geology and mineralization of the Serpentine copper-nickel deposit: Technical report NRRI/TR-93/52 funded by the Minnesota Mining and Mineral Resources Research Institute, 99 p., accessed June 14,2023, at https://conservancy.umn.edu/handle/11299/18852.1.",https://conservancy.umn.edu/handle/11299/18852.1
Zapp (1965),"Zapp, A.D., 1965, Bauxite deposits of the Andersonville district, Georgia: U.S. Geological Survey Bulletin 1199-G, 46 p., https://pubs.er.usgs.gov/publication/b1199G.",https://pubs.er.usgs.gov/publication/b1199G
Zenith Minerals (2019),"Zenith Minerals, 2019, Burro Creek—East Lithium Clay Project update: Zenith Minerals ASX press release dated August 12, 2019, 19 p.",
Zientek (1993),"Zientek, M.L., 1993, Mineral resource appraisal for locatable minerals The Stillwater Complex [chapter F], in Hammarstrom, J.M., Zientek, M.L, and Elliott, J.E., eds., Mineral resource assessment of the Absaroka-Beartooth study area, Custer and Gallatin National Forests, Montana: U.S. Geological Survey Open-File Report 93-207, p. F1–F83.",https://pubs.er.usgs.gov/publication/ofr93207
Zientek and Parks (2014),"Zientek, M.L., and Parks, H.L., 2014, A geologic and mineral exploration spatial database for the Stillwater Complex, Montana: U.S. Geological Survey Scientific Investigations Report 2014-5183, 28 p.",http://pubs.er.usgs.gov/publication/sir20145183
