station_id,state,state_name,station_name,place_name,latitude,longitude,coordinate_source,geometry_precision,monitoring_year_start,monitoring_year_end,years_with_data_count,approved_sample_count,approved_dose_reading_count,dose_equivalent_rate_avg_nsvh,dose_equivalent_rate_p95_nsvh,dose_equivalent_rate_max_nsvh,gamma_count_rate_total_avg_cpm,background_radiation_band,dominant_radiation_profile,source_dataset
radnet-ak-anchorage,AK,Alaska,Anchorage,Anchorage,61.17425,-149.284329,Census Gazetteer 2024 place centroid matched to EPA RadNet station city,place_centroid,2008,2025,18,122779,67778,33.57,40,97,1723.81,Lower background gamma,Ambient gamma exposure monitor,EPA RadNet near-real-time air monitor archives
radnet-ak-fairbanks,AK,Alaska,Fairbanks,Fairbanks,64.836531,-147.651745,Census Gazetteer 2024 place centroid matched to EPA RadNet station city,place_centroid,2009,2025,16,105675,65538,38.48,46,203,2212.61,Lower background gamma,Ambient gamma exposure monitor,EPA RadNet near-real-time air monitor archives
radnet-ak-juneau,AK,Alaska,Juneau,Juneau,58.37291,-134.178445,Census Gazetteer 2024 place centroid matched to EPA RadNet station city,place_centroid,2010,2025,16,112264,18645,34.49,40,99,2218.4,Lower background gamma,Ambient gamma exposure monitor,EPA RadNet near-real-time air monitor archives
radnet-al-birmingham,AL,Alabama,Birmingham,Birmingham,33.527174,-86.797036,Census Gazetteer 2024 place centroid matched to EPA RadNet station city,place_centroid,2007,2025,19,139879,75493,53.73,61,138,4053.99,Mid background gamma,Ambient gamma exposure monitor,EPA RadNet near-real-time air monitor archives
radnet-al-mobile,AL,Alabama,Mobile,Mobile,30.668246,-88.107853,Census Gazetteer 2024 place centroid matched to EPA RadNet station city,place_centroid,2015,2025,11,71257,51635,43.79,50,95,3610.85,Lower background gamma,Ambient gamma exposure monitor,EPA RadNet near-real-time air monitor archives
radnet-al-montgomery,AL,Alabama,Montgomery,Montgomery,32.348503,-86.267307,Census Gazetteer 2024 place centroid matched to EPA RadNet station city,place_centroid,2006,2025,19,118981,73238,50,57,156,3870.28,Mid background gamma,Ambient gamma exposure monitor,EPA RadNet near-real-time air monitor archives
radnet-ar-fort_smith,AR,Arkansas,Fort Smith,Fort Smith,35.349276,-94.370883,Census Gazetteer 2024 place centroid matched to EPA RadNet station city,place_centroid,2009,2025,17,109455,15746,62.78,67,116,4592.78,Higher background gamma,Ambient gamma exposure monitor,EPA RadNet near-real-time air monitor archives
radnet-ar-little_rock,AR,Arkansas,Little Rock,Little Rock,34.725393,-92.358556,Census Gazetteer 2024 place centroid matched to EPA RadNet station city,place_centroid,2008,2025,18,135810,47313,89.21,103,147,8056.44,Higher background gamma,Ambient gamma exposure monitor,EPA RadNet near-real-time air monitor archives
radnet-az-phoenix,AZ,Arizona,Phoenix,Phoenix,33.572154,-112.090132,Census Gazetteer 2024 place centroid matched to EPA RadNet station city,place_centroid,2007,2025,19,116361,72081,85.74,94,156,6224.18,Higher background gamma,Ambient gamma exposure monitor,EPA RadNet near-real-time air monitor archives
radnet-az-tucson,AZ,Arizona,Tucson,Tucson,32.153036,-110.870773,Census Gazetteer 2024 place centroid matched to EPA RadNet station city,place_centroid,2008,2025,18,132890,20476,70.96,77,144,6021.7,Higher background gamma,Ambient gamma exposure monitor,EPA RadNet near-real-time air monitor archives
radnet-az-yuma,AZ,Arizona,Yuma,Yuma,32.516286,-114.521782,Census Gazetteer 2024 place centroid matched to EPA RadNet station city,place_centroid,2010,2025,15,72736,39362,79.09,88,139,6006.42,Higher background gamma,Ambient gamma exposure monitor,EPA RadNet near-real-time air monitor archives
radnet-ca-anaheim,CA,California,Anaheim,Anaheim,33.855502,-117.758657,Census Gazetteer 2024 place centroid matched to EPA RadNet station city,place_centroid,2007,2025,19,143572,60698,69.89,77,115,5838.55,Higher background gamma,Ambient gamma exposure monitor,EPA RadNet near-real-time air monitor archives
radnet-ca-bakersfield,CA,California,Bakersfield,Bakersfield,35.353171,-119.037919,Census Gazetteer 2024 place centroid matched to EPA RadNet station city,place_centroid,2009,2025,17,119785,48989,68.89,116,240,5170.65,Higher background gamma,Ambient gamma exposure monitor,EPA RadNet near-real-time air monitor archives
radnet-ca-eureka,CA,California,Eureka,Eureka,40.797594,-124.154191,Census Gazetteer 2024 place centroid matched to EPA RadNet station city,place_centroid,2009,2025,17,127571,36323,37.57,41,59,3505.75,Lower background gamma,Ambient gamma exposure monitor,EPA RadNet near-real-time air monitor archives
radnet-ca-fresno,CA,California,Fresno,Fresno,36.782684,-119.793359,Census Gazetteer 2024 place centroid matched to EPA RadNet station city,place_centroid,2007,2025,17,99728,25848,52.34,58,113,6139,Mid background gamma,Ambient gamma exposure monitor,EPA RadNet near-real-time air monitor archives
radnet-ca-los_angeles,CA,California,Los Angeles,Los Angeles,34.019394,-118.410825,Census Gazetteer 2024 place centroid matched to EPA RadNet station city,place_centroid,2007,2025,19,136712,70554,74.9,79,96,5801.62,Higher background gamma,Ambient gamma exposure monitor,EPA RadNet near-real-time air monitor archives
radnet-ca-riverside,CA,California,Riverside,Riverside,33.938143,-117.393168,Census Gazetteer 2024 place centroid matched to EPA RadNet station city,place_centroid,2007,2025,19,150792,6715,79.48,83,94,6036.47,Higher background gamma,Ambient gamma exposure monitor,EPA RadNet near-real-time air monitor archives
radnet-ca-sacramento,CA,California,Sacramento,Sacramento,38.567694,-121.468161,Census Gazetteer 2024 place centroid matched to EPA RadNet station city,place_centroid,2008,2025,18,121576,18187,33.43,38,60,2532.86,Lower background gamma,Ambient gamma exposure monitor,EPA RadNet near-real-time air monitor archives
radnet-ca-san_bernardino,CA,California,San Bernardino,San Bernardino,34.14114,-117.294635,Census Gazetteer 2024 place centroid matched to EPA RadNet station city,place_centroid,2007,2025,19,148789,25333,72.47,89,209,6297.11,Higher background gamma,Ambient gamma exposure monitor,EPA RadNet near-real-time air monitor archives
radnet-ca-san_diego,CA,California,San Diego,San Diego,32.814977,-117.135562,Census Gazetteer 2024 place centroid matched to EPA RadNet station city,place_centroid,2006,2025,20,141889,76766,99.7,110,154,7154.19,Higher background gamma,Ambient gamma exposure monitor,EPA RadNet near-real-time air monitor archives
radnet-ca-san_francisco,CA,California,San Francisco,San Francisco,37.727239,-123.032229,Census Gazetteer 2024 place centroid matched to EPA RadNet station city,place_centroid,2006,2025,20,154838,37199,45.75,105,148,3418.16,Mid background gamma,Ambient gamma exposure monitor,EPA RadNet near-real-time air monitor archives
radnet-ca-san_jose,CA,California,San Jose,San Jose,37.296011,-121.814552,Census Gazetteer 2024 place centroid matched to EPA RadNet station city,place_centroid,2006,2025,20,143823,74902,44.42,48,92,3801.84,Lower background gamma,Ambient gamma exposure monitor,EPA RadNet near-real-time air monitor archives
radnet-co-colorado_springs,CO,Colorado,Colorado Springs,Colorado Springs,38.867255,-104.760749,Census Gazetteer 2024 place centroid matched to EPA RadNet station city,place_centroid,2008,2025,18,116379,1595,127.81,136,160,9144.08,Higher background gamma,Ambient gamma exposure monitor,EPA RadNet near-real-time air monitor archives
radnet-co-denver,CO,Colorado,Denver,Denver,39.76185,-104.881105,Census Gazetteer 2024 place centroid matched to EPA RadNet station city,place_centroid,2006,2025,20,151324,4,0,0,0,5954.72,Lower background gamma,Ambient gamma exposure monitor,EPA RadNet near-real-time air monitor archives
radnet-co-grand_junction,CO,Colorado,Grand Junction,Grand Junction,39.089062,-108.567452,Census Gazetteer 2024 place centroid matched to EPA RadNet station city,place_centroid,2010,2025,16,97898,,,,,6513.42,Dose unavailable,Gamma count-only monitor,EPA RadNet near-real-time air monitor archives
radnet-ct-hartford,CT,Connecticut,Hartford,Hartford,41.765933,-72.681579,Census Gazetteer 2024 place centroid matched to EPA RadNet station city,place_centroid,2006,2025,19,124759,6,0,0,0,5890.79,Lower background gamma,Ambient gamma exposure monitor,EPA RadNet near-real-time air monitor archives
radnet-dc-washington,DC,District of Columbia,Washington,Washington,38.904247,-77.016517,Census Gazetteer 2024 place centroid matched to EPA RadNet station city,place_centroid,2006,2025,20,153204,73604,31.31,40,135,2887.59,Lower background gamma,Ambient gamma exposure monitor,EPA RadNet near-real-time air monitor archives
radnet-de-dover,DE,Delaware,Dover,Dover,39.160602,-75.521659,Census Gazetteer 2024 place centroid matched to EPA RadNet station city,place_centroid,2008,2025,18,109571,35432,47.64,65,156,3212.38,Mid background gamma,Ambient gamma exposure monitor,EPA RadNet near-real-time air monitor archives
radnet-fl-jacksonville,FL,Florida,Jacksonville,Jacksonville,30.336864,-81.661603,Census Gazetteer 2024 place centroid matched to EPA RadNet station city,place_centroid,2007,2025,19,112395,46509,42.53,84,172,2781.8,Lower background gamma,Ambient gamma exposure monitor,EPA RadNet near-real-time air monitor archives
radnet-fl-miami,FL,Florida,Miami,Miami,25.775163,-80.208615,Census Gazetteer 2024 place centroid matched to EPA RadNet station city,place_centroid,2007,2025,19,115764,39819,50.65,75,121,4840.49,Mid background gamma,Ambient gamma exposure monitor,EPA RadNet near-real-time air monitor archives
radnet-fl-orlando,FL,Florida,Orlando,Orlando,28.40865,-81.254805,Census Gazetteer 2024 place centroid matched to EPA RadNet station city,place_centroid,2007,2025,19,127934,30273,31.32,34,85,3000.17,Lower background gamma,Ambient gamma exposure monitor,EPA RadNet near-real-time air monitor archives
radnet-fl-tallahassee,FL,Florida,Tallahassee,Tallahassee,30.453529,-84.252272,Census Gazetteer 2024 place centroid matched to EPA RadNet station city,place_centroid,2009,2025,17,116761,68559,55.13,61,114,4812.41,Mid background gamma,Ambient gamma exposure monitor,EPA RadNet near-real-time air monitor archives
radnet-fl-tampa,FL,Florida,Tampa,Tampa,27.970086,-82.479673,Census Gazetteer 2024 place centroid matched to EPA RadNet station city,place_centroid,2008,2025,18,119157,64653,31.12,35,67,2249.27,Lower background gamma,Ambient gamma exposure monitor,EPA RadNet near-real-time air monitor archives
radnet-ga-atlanta,GA,Georgia,Atlanta,Atlanta,33.762909,-84.422675,Census Gazetteer 2024 place centroid matched to EPA RadNet station city,place_centroid,2006,2025,20,134276,52210,73.75,85,174,6042.59,Higher background gamma,Ambient gamma exposure monitor,EPA RadNet near-real-time air monitor archives
radnet-ga-augusta,GA,Georgia,Augusta-Richmond County,Augusta-Richmond County,33.365531,-82.073422,Census Gazetteer 2024 place centroid matched to EPA RadNet station city,place_centroid,2008,2025,18,129614,49073,68.05,80,167,6797.79,Higher background gamma,Ambient gamma exposure monitor,EPA RadNet near-real-time air monitor archives
radnet-hi-honolulu,HI,Hawaii,Urban Honolulu,Urban Honolulu,21.324347,-157.84764,Census Gazetteer 2024 place centroid matched to EPA RadNet station city,place_centroid,2008,2025,17,127047,51945,32.07,34,51,2051.74,Lower background gamma,Ambient gamma exposure monitor,EPA RadNet near-real-time air monitor archives
radnet-ia-des_moines,IA,Iowa,Des Moines,Des Moines,41.57259,-93.610243,Census Gazetteer 2024 place centroid matched to EPA RadNet station city,place_centroid,2007,2025,19,142742,7309,48.13,58,250,3957.18,Mid background gamma,Ambient gamma exposure monitor,EPA RadNet near-real-time air monitor archives
radnet-ia-fort_madison,IA,Iowa,Fort Madison,Fort Madison,40.621463,-91.346257,Census Gazetteer 2024 place centroid matched to EPA RadNet station city,place_centroid,2016,2025,10,51338,16738,40.2,59,136,4518.2,Lower background gamma,Ambient gamma exposure monitor,EPA RadNet near-real-time air monitor archives
radnet-ia-mason_city,IA,Iowa,Mason City,Mason City,43.147762,-93.200403,Census Gazetteer 2024 place centroid matched to EPA RadNet station city,place_centroid,2009,2025,17,117119,36008,69.87,135,231,5157.28,Higher background gamma,Ambient gamma exposure monitor,EPA RadNet near-real-time air monitor archives
radnet-id-boise,ID,Idaho,Boise City,Boise City,43.599335,-116.229817,Census Gazetteer 2024 place centroid matched to EPA RadNet station city,place_centroid,2012,2025,14,103138,13516,71.12,80,194,5327.34,Higher background gamma,Ambient gamma exposure monitor,EPA RadNet near-real-time air monitor archives
radnet-id-idaho_falls,ID,Idaho,Idaho Falls,Idaho Falls,43.489616,-112.03534,Census Gazetteer 2024 place centroid matched to EPA RadNet station city,place_centroid,2008,2025,18,133822,47231,102.8,128,231,6555.66,Higher background gamma,Ambient gamma exposure monitor,EPA RadNet near-real-time air monitor archives
radnet-il-aurora,IL,Illinois,Aurora,Aurora,41.763455,-88.290099,Census Gazetteer 2024 place centroid matched to EPA RadNet station city,place_centroid,2009,2025,17,125415,21878,53.57,60,135,3664.61,Mid background gamma,Ambient gamma exposure monitor,EPA RadNet near-real-time air monitor archives
radnet-il-champaign,IL,Illinois,Champaign,Champaign,40.114099,-88.274619,Census Gazetteer 2024 place centroid matched to EPA RadNet station city,place_centroid,2012,2025,14,103289,57209,68.92,92,179,4905.48,Higher background gamma,Ambient gamma exposure monitor,EPA RadNet near-real-time air monitor archives
radnet-il-chicago,IL,Illinois,Chicago,Chicago,41.837045,-87.684939,Census Gazetteer 2024 place centroid matched to EPA RadNet station city,place_centroid,2006,2025,20,119106,54739,50.38,85,217,3422.78,Mid background gamma,Ambient gamma exposure monitor,EPA RadNet near-real-time air monitor archives
radnet-in-fort_wayne,IN,Indiana,Fort Wayne,Fort Wayne,41.088193,-85.142791,Census Gazetteer 2024 place centroid matched to EPA RadNet station city,place_centroid,2010,2024,15,93936,1010,40.97,50,80,2989.01,Lower background gamma,Ambient gamma exposure monitor,EPA RadNet near-real-time air monitor archives
radnet-in-indianapolis,IN,Indiana,Indianapolis,Indianapolis,39.776664,-86.145935,Census Gazetteer 2024 place centroid matched to EPA RadNet station city,place_centroid,2006,2025,20,149942,14787,44.16,51,133,3490.13,Lower background gamma,Ambient gamma exposure monitor,EPA RadNet near-real-time air monitor archives
radnet-ks-kansas_city,KS,Kansas,Kansas City,Kansas City,39.122539,-94.741781,Census Gazetteer 2024 place centroid matched to EPA RadNet station city,place_centroid,2006,2025,20,148156,3957,66.68,73,192,4940.47,Higher background gamma,Ambient gamma exposure monitor,EPA RadNet near-real-time air monitor archives
radnet-ks-wichita,KS,Kansas,Wichita,Wichita,37.690638,-97.345836,Census Gazetteer 2024 place centroid matched to EPA RadNet station city,place_centroid,2008,2025,18,127196,23821,59.63,66,138,4498.75,Mid background gamma,Ambient gamma exposure monitor,EPA RadNet near-real-time air monitor archives
radnet-ky-lexington,KY,Kentucky,Lexington-Fayette,Lexington-Fayette,38.040678,-84.458272,Census Gazetteer 2024 place centroid matched to EPA RadNet station city,place_centroid,2008,2025,18,132086,34023,54.4,62,153,4710.22,Mid background gamma,Ambient gamma exposure monitor,EPA RadNet near-real-time air monitor archives
radnet-ky-louisville,KY,Kentucky,Louisville,Louisville,38.224728,-85.740614,Census Gazetteer 2024 place centroid matched to EPA RadNet station city,place_centroid,2008,2025,18,131029,20333,56.76,66,166,5518.54,Mid background gamma,Ambient gamma exposure monitor,EPA RadNet near-real-time air monitor archives
radnet-ky-paducah,KY,Kentucky,Paducah,Paducah,37.070892,-88.644477,Census Gazetteer 2024 place centroid matched to EPA RadNet station city,place_centroid,2014,2025,12,90964,48651,43.22,81,193,2997.94,Lower background gamma,Ambient gamma exposure monitor,EPA RadNet near-real-time air monitor archives
radnet-la-baton_rouge,LA,Louisiana,Baton Rouge,Baton Rouge,30.440443,-91.133166,Census Gazetteer 2024 place centroid matched to EPA RadNet station city,place_centroid,2008,2025,18,128643,68879,39.75,44,88,3204.99,Lower background gamma,Ambient gamma exposure monitor,EPA RadNet near-real-time air monitor archives
radnet-la-shreveport,LA,Louisiana,Shreveport,Shreveport,32.466879,-93.792193,Census Gazetteer 2024 place centroid matched to EPA RadNet station city,place_centroid,2009,2025,17,77270,,,,,4857.79,Dose unavailable,Gamma count-only monitor,EPA RadNet near-real-time air monitor archives
radnet-ma-boston,MA,Massachusetts,Boston,Boston,42.338551,-71.018253,Census Gazetteer 2024 place centroid matched to EPA RadNet station city,place_centroid,2006,2025,19,121140,22185,69.05,76,116,6093.28,Higher background gamma,Ambient gamma exposure monitor,EPA RadNet near-real-time air monitor archives
radnet-ma-worcester,MA,Massachusetts,Worcester,Worcester,42.269478,-71.807783,Census Gazetteer 2024 place centroid matched to EPA RadNet station city,place_centroid,2009,2025,17,132577,75102,90.5,100,141,7387.9,Higher background gamma,Ambient gamma exposure monitor,EPA RadNet near-real-time air monitor archives
radnet-md-baltimore,MD,Maryland,Baltimore,Baltimore,39.300032,-76.610476,Census Gazetteer 2024 place centroid matched to EPA RadNet station city,place_centroid,2006,2024,19,140759,,,,,2960.74,Dose unavailable,Gamma count-only monitor,EPA RadNet near-real-time air monitor archives
radnet-me-orono,ME,Maine,Orono,Orono,44.878261,-68.688144,Census Gazetteer 2024 place centroid matched to EPA RadNet station city,place_centroid,2009,2025,17,102941,9892,41.54,47,84,4583.31,Lower background gamma,Ambient gamma exposure monitor,EPA RadNet near-real-time air monitor archives
radnet-me-portland,ME,Maine,Portland,Portland,43.633157,-70.185305,Census Gazetteer 2024 place centroid matched to EPA RadNet station city,place_centroid,2009,2025,17,127547,1193,73.98,84,104,8504.09,Higher background gamma,Ambient gamma exposure monitor,EPA RadNet near-real-time air monitor archives
radnet-mi-bay_city,MI,Michigan,Bay City,Bay City,43.590062,-83.888421,Census Gazetteer 2024 place centroid matched to EPA RadNet station city,place_centroid,2009,2025,17,127500,15720,50.12,56,112,3702.37,Mid background gamma,Ambient gamma exposure monitor,EPA RadNet near-real-time air monitor archives
radnet-mi-detroit,MI,Michigan,Detroit,Detroit,42.383037,-83.102237,Census Gazetteer 2024 place centroid matched to EPA RadNet station city,place_centroid,2006,2025,20,146649,9444,48.7,55,104,4220.08,Mid background gamma,Ambient gamma exposure monitor,EPA RadNet near-real-time air monitor archives
radnet-mi-grand_rapids,MI,Michigan,Grand Rapids,Grand Rapids,42.961156,-85.65557,Census Gazetteer 2024 place centroid matched to EPA RadNet station city,place_centroid,2010,2025,16,121666,26797,49.62,56,100,3928.78,Mid background gamma,Ambient gamma exposure monitor,EPA RadNet near-real-time air monitor archives
radnet-mn-duluth,MN,Minnesota,Duluth,Duluth,46.774458,-92.134135,Census Gazetteer 2024 place centroid matched to EPA RadNet station city,place_centroid,2008,2025,18,135010,18090,57.16,63,138,3303.31,Mid background gamma,Ambient gamma exposure monitor,EPA RadNet near-real-time air monitor archives
radnet-mn-st-paul,MN,Minnesota,St. Paul,St. Paul,44.948901,-93.104063,Census Gazetteer 2024 place centroid matched to EPA RadNet station city,place_centroid,2006,2025,20,140658,50255,46.74,68,137,3579.28,Mid background gamma,Ambient gamma exposure monitor,EPA RadNet near-real-time air monitor archives
radnet-mo-jefferson_city,MO,Missouri,Jefferson City,Jefferson City,38.567461,-92.175254,Census Gazetteer 2024 place centroid matched to EPA RadNet station city,place_centroid,2008,2025,17,121107,34946,43.51,56,179,3187.87,Lower background gamma,Ambient gamma exposure monitor,EPA RadNet near-real-time air monitor archives
radnet-mo-springfield,MO,Missouri,Springfield,Springfield,37.194157,-93.292642,Census Gazetteer 2024 place centroid matched to EPA RadNet station city,place_centroid,2010,2025,16,126525,482,37.96,42,46,2841.18,Lower background gamma,Ambient gamma exposure monitor,EPA RadNet near-real-time air monitor archives
radnet-mo-st-louis,MO,Missouri,St. Louis,St. Louis,38.635699,-90.244582,Census Gazetteer 2024 place centroid matched to EPA RadNet station city,place_centroid,2007,2025,18,99537,50277,47.36,55,178,3198.42,Mid background gamma,Ambient gamma exposure monitor,EPA RadNet near-real-time air monitor archives
radnet-ms-jackson,MS,Mississippi,Jackson,Jackson,32.315834,-90.21285,Census Gazetteer 2024 place centroid matched to EPA RadNet station city,place_centroid,2008,2025,18,111936,24207,38.26,42,113,3173.85,Lower background gamma,Ambient gamma exposure monitor,EPA RadNet near-real-time air monitor archives
radnet-mt-billings,MT,Montana,Billings,Billings,45.788538,-108.552475,Census Gazetteer 2024 place centroid matched to EPA RadNet station city,place_centroid,2009,2025,17,120096,13903,70.77,81,202,6959.89,Higher background gamma,Ambient gamma exposure monitor,EPA RadNet near-real-time air monitor archives
radnet-mt-kalispell,MT,Montana,Kalispell,Kalispell,48.216152,-114.327645,Census Gazetteer 2024 place centroid matched to EPA RadNet station city,place_centroid,2017,2025,9,68820,61915,84.34,100,252,5557.29,Higher background gamma,Ambient gamma exposure monitor,EPA RadNet near-real-time air monitor archives
radnet-nc-charlotte,NC,North Carolina,Charlotte,Charlotte,35.209045,-80.83099,Census Gazetteer 2024 place centroid matched to EPA RadNet station city,place_centroid,2007,2025,19,131591,44795,37.7,41,91,3360.7,Lower background gamma,Ambient gamma exposure monitor,EPA RadNet near-real-time air monitor archives
radnet-nc-greensboro,NC,North Carolina,Greensboro,Greensboro,36.09485,-79.823624,Census Gazetteer 2024 place centroid matched to EPA RadNet station city,place_centroid,2013,2025,13,81083,19451,63.77,69,114,3370.2,Higher background gamma,Ambient gamma exposure monitor,EPA RadNet near-real-time air monitor archives
radnet-nc-raleigh,NC,North Carolina,Raleigh,Raleigh,35.831868,-78.641042,Census Gazetteer 2024 place centroid matched to EPA RadNet station city,place_centroid,2009,2025,17,110422,1279,101.38,112,149,8996.29,Higher background gamma,Ambient gamma exposure monitor,EPA RadNet near-real-time air monitor archives
radnet-nc-wilmington,NC,North Carolina,Wilmington,Wilmington,34.209225,-77.885767,Census Gazetteer 2024 place centroid matched to EPA RadNet station city,place_centroid,2009,2025,17,129793,45003,45,84,115,3510.82,Lower background gamma,Ambient gamma exposure monitor,EPA RadNet near-real-time air monitor archives
radnet-nd-bismarck,ND,North Dakota,Bismarck,Bismarck,46.814583,-100.770089,Census Gazetteer 2024 place centroid matched to EPA RadNet station city,place_centroid,2008,2025,18,138465,31098,60.73,78,259,4601.37,Mid background gamma,Ambient gamma exposure monitor,EPA RadNet near-real-time air monitor archives
radnet-ne-kearney,NE,Nebraska,Kearney,Kearney,40.701745,-99.082312,Census Gazetteer 2024 place centroid matched to EPA RadNet station city,place_centroid,2009,2025,17,94066,49383,92.4,140,463,5083.63,Higher background gamma,Ambient gamma exposure monitor,EPA RadNet near-real-time air monitor archives
radnet-ne-lincoln,NE,Nebraska,Lincoln,Lincoln,40.810284,-96.674856,Census Gazetteer 2024 place centroid matched to EPA RadNet station city,place_centroid,2008,2025,18,131338,23782,56.78,66,223,4548.98,Mid background gamma,Ambient gamma exposure monitor,EPA RadNet near-real-time air monitor archives
radnet-ne-omaha,NE,Nebraska,Omaha,Omaha,41.262705,-96.053475,Census Gazetteer 2024 place centroid matched to EPA RadNet station city,place_centroid,2008,2025,18,128289,74269,59.22,68,261,4504.16,Mid background gamma,Ambient gamma exposure monitor,EPA RadNet near-real-time air monitor archives
radnet-nh-concord,NH,New Hampshire,Concord,Concord,43.232493,-71.561252,Census Gazetteer 2024 place centroid matched to EPA RadNet station city,place_centroid,2008,2025,18,117678,23,0,0,0,5996.01,Lower background gamma,Ambient gamma exposure monitor,EPA RadNet near-real-time air monitor archives
radnet-nh-portsmouth,NH,New Hampshire,Portsmouth,Portsmouth,43.060594,-70.780349,Census Gazetteer 2024 place centroid matched to EPA RadNet station city,place_centroid,2018,2025,8,52385,31744,69.65,91,135,5241.78,Higher background gamma,Ambient gamma exposure monitor,EPA RadNet near-real-time air monitor archives
radnet-nm-albuquerque,NM,New Mexico,Albuquerque,Albuquerque,35.10478,-106.646809,Census Gazetteer 2024 place centroid matched to EPA RadNet station city,place_centroid,2010,2025,16,113136,42136,88.77,95,187,5505.34,Higher background gamma,Ambient gamma exposure monitor,EPA RadNet near-real-time air monitor archives
radnet-nm-carlsbad,NM,New Mexico,Carlsbad,Carlsbad,32.40079,-104.241012,Census Gazetteer 2024 place centroid matched to EPA RadNet station city,place_centroid,2011,2025,14,102999,42094,64.69,107,259,3727.5,Higher background gamma,Ambient gamma exposure monitor,EPA RadNet near-real-time air monitor archives
radnet-nm-navajo_lake,NM,New Mexico,Navajo Dam,Navajo Dam,36.872922,-107.623216,Census Gazetteer 2024 place centroid matched to EPA RadNet station city,place_centroid,2010,2025,16,101588,14507,128.91,140,211,7384.98,Higher background gamma,Ambient gamma exposure monitor,EPA RadNet near-real-time air monitor archives
radnet-nv-las_vegas,NV,Nevada,Las Vegas,Las Vegas,36.233499,-115.264037,Census Gazetteer 2024 place centroid matched to EPA RadNet station city,place_centroid,2006,2025,20,148413,,,,,3670.68,Dose unavailable,Gamma count-only monitor,EPA RadNet near-real-time air monitor archives
radnet-nv-reno,NV,Nevada,Reno,Reno,39.549097,-119.849907,Census Gazetteer 2024 place centroid matched to EPA RadNet station city,place_centroid,2009,2025,17,130376,,,,,5480.07,Dose unavailable,Gamma count-only monitor,EPA RadNet near-real-time air monitor archives
radnet-ny-albany,NY,New York,Albany,Albany,42.665745,-73.798353,Census Gazetteer 2024 place centroid matched to EPA RadNet station city,place_centroid,2009,2025,17,132115,58703,43.84,50,152,3340.33,Lower background gamma,Ambient gamma exposure monitor,EPA RadNet near-real-time air monitor archives
radnet-ny-lockport,NY,New York,Lockport,Lockport,43.16946,-78.695807,Census Gazetteer 2024 place centroid matched to EPA RadNet station city,place_centroid,2007,2025,19,144908,4247,45.51,52,128,4382.5,Mid background gamma,Ambient gamma exposure monitor,EPA RadNet near-real-time air monitor archives
radnet-ny-new_york_city,NY,New York,New York,New York,40.662712,-73.938677,Census Gazetteer 2024 place centroid matched to EPA RadNet station city,place_centroid,2006,2025,20,133695,67304,62.33,82,166,5013.66,Higher background gamma,Ambient gamma exposure monitor,EPA RadNet near-real-time air monitor archives
radnet-ny-rochester,NY,New York,Rochester,Rochester,43.169927,-77.616891,Census Gazetteer 2024 place centroid matched to EPA RadNet station city,place_centroid,2008,2025,18,122179,62323,74.9,108,168,5112.82,Higher background gamma,Ambient gamma exposure monitor,EPA RadNet near-real-time air monitor archives
radnet-ny-syracuse,NY,New York,Syracuse,Syracuse,43.040998,-76.143554,Census Gazetteer 2024 place centroid matched to EPA RadNet station city,place_centroid,2009,2025,17,85276,50154,42.86,49,126,2659.15,Lower background gamma,Ambient gamma exposure monitor,EPA RadNet near-real-time air monitor archives
radnet-ny-yaphank,NY,New York,Yaphank,Yaphank,40.83101,-72.93165,Census Gazetteer 2024 place centroid matched to EPA RadNet station city,place_centroid,2008,2025,18,112458,68180,40.94,48,108,3071.5,Lower background gamma,Ambient gamma exposure monitor,EPA RadNet near-real-time air monitor archives
radnet-oh-cincinnati,OH,Ohio,Cincinnati,Cincinnati,39.140183,-84.505829,Census Gazetteer 2024 place centroid matched to EPA RadNet station city,place_centroid,2007,2025,19,147918,62988,42.22,70,148,3262.88,Lower background gamma,Ambient gamma exposure monitor,EPA RadNet near-real-time air monitor archives
radnet-oh-cleveland,OH,Ohio,Cleveland,Cleveland,41.478462,-81.679435,Census Gazetteer 2024 place centroid matched to EPA RadNet station city,place_centroid,2006,2025,20,146139,31636,45.89,60,122,4166.2,Mid background gamma,Ambient gamma exposure monitor,EPA RadNet near-real-time air monitor archives
radnet-oh-columbus,OH,Ohio,Columbus,Columbus,39.983938,-82.984882,Census Gazetteer 2024 place centroid matched to EPA RadNet station city,place_centroid,2007,2025,19,128657,7993,51.26,70,99,3935.32,Mid background gamma,Ambient gamma exposure monitor,EPA RadNet near-real-time air monitor archives
radnet-oh-toledo,OH,Ohio,Toledo,Toledo,41.664071,-83.581861,Census Gazetteer 2024 place centroid matched to EPA RadNet station city,place_centroid,2010,2025,16,128271,27554,37.22,44,120,2481.84,Lower background gamma,Ambient gamma exposure monitor,EPA RadNet near-real-time air monitor archives
radnet-ok-oklahoma_city,OK,Oklahoma,Oklahoma City,Oklahoma City,35.467079,-97.513657,Census Gazetteer 2024 place centroid matched to EPA RadNet station city,place_centroid,2007,2025,19,138915,50216,67.08,73,149,5659.39,Higher background gamma,Ambient gamma exposure monitor,EPA RadNet near-real-time air monitor archives
radnet-ok-tulsa,OK,Oklahoma,Tulsa,Tulsa,36.127949,-95.902316,Census Gazetteer 2024 place centroid matched to EPA RadNet station city,place_centroid,2008,2025,18,132341,10226,55.91,64,198,4481.59,Mid background gamma,Ambient gamma exposure monitor,EPA RadNet near-real-time air monitor archives
radnet-or-corvallis,OR,Oregon,Corvallis,Corvallis,44.569949,-123.278285,Census Gazetteer 2024 place centroid matched to EPA RadNet station city,place_centroid,2008,2025,18,122355,23102,40.31,44,84,3555.72,Lower background gamma,Ambient gamma exposure monitor,EPA RadNet near-real-time air monitor archives
radnet-or-portland,OR,Oregon,Portland,Portland,45.536951,-122.649971,Census Gazetteer 2024 place centroid matched to EPA RadNet station city,place_centroid,2007,2025,19,125563,27102,45.48,51,77,4159.35,Lower background gamma,Ambient gamma exposure monitor,EPA RadNet near-real-time air monitor archives
radnet-pa-bloomsburg,PA,Pennsylvania,Bloomsburg,Bloomsburg,41.002717,-76.45658,Census Gazetteer 2024 place centroid matched to EPA RadNet station city,place_centroid,2012,2025,14,104724,,,,,3405.87,Dose unavailable,Gamma count-only monitor,EPA RadNet near-real-time air monitor archives
radnet-pa-philadelphia,PA,Pennsylvania,Philadelphia,Philadelphia,40.009376,-75.133346,Census Gazetteer 2024 place centroid matched to EPA RadNet station city,place_centroid,2006,2025,19,122168,52098,50.22,69,101,3798.04,Mid background gamma,Ambient gamma exposure monitor,EPA RadNet near-real-time air monitor archives
radnet-pa-pittsburgh,PA,Pennsylvania,Pittsburgh,Pittsburgh,40.439936,-79.975676,Census Gazetteer 2024 place centroid matched to EPA RadNet station city,place_centroid,2006,2025,20,148495,43829,66.46,99,190,5164.42,Higher background gamma,Ambient gamma exposure monitor,EPA RadNet near-real-time air monitor archives
radnet-pr-san_juan,PR,Puerto Rico,San Juan,San Juan,18.404559,-66.063746,Census Gazetteer 2024 place centroid matched to EPA RadNet station city,place_centroid,2011,2025,15,91934,11631,25.93,28,52,1468.78,Lower background gamma,Ambient gamma exposure monitor,EPA RadNet near-real-time air monitor archives
radnet-ri-providence,RI,Rhode Island,Providence,Providence,41.823056,-71.418784,Census Gazetteer 2024 place centroid matched to EPA RadNet station city,place_centroid,2006,2025,20,85230,8,0,0,0,5712.69,Lower background gamma,Ambient gamma exposure monitor,EPA RadNet near-real-time air monitor archives
radnet-sc-columbia,SC,South Carolina,Columbia,Columbia,34.040519,-80.906099,Census Gazetteer 2024 place centroid matched to EPA RadNet station city,place_centroid,2014,2025,12,87235,18778,57.56,62,142,5233.36,Mid background gamma,Ambient gamma exposure monitor,EPA RadNet near-real-time air monitor archives
radnet-sd-pierre,SD,South Dakota,Pierre,Pierre,44.375163,-100.319996,Census Gazetteer 2024 place centroid matched to EPA RadNet station city,place_centroid,2008,2025,18,134205,61366,60.16,72,230,5475.84,Mid background gamma,Ambient gamma exposure monitor,EPA RadNet near-real-time air monitor archives
radnet-sd-rapid_city,SD,South Dakota,Rapid City,Rapid City,44.071071,-103.217924,Census Gazetteer 2024 place centroid matched to EPA RadNet station city,place_centroid,2009,2025,16,114496,35559,77.5,112,323,4804.66,Higher background gamma,Ambient gamma exposure monitor,EPA RadNet near-real-time air monitor archives
radnet-tn-knoxville,TN,Tennessee,Knoxville,Knoxville,35.97068,-83.94927,Census Gazetteer 2024 place centroid matched to EPA RadNet station city,place_centroid,2012,2025,14,99208,12309,47.12,52,104,3948.58,Mid background gamma,Ambient gamma exposure monitor,EPA RadNet near-real-time air monitor archives
radnet-tn-memphis,TN,Tennessee,Memphis,Memphis,35.109164,-89.968511,Census Gazetteer 2024 place centroid matched to EPA RadNet station city,place_centroid,2006,2025,19,129865,47997,59.38,74,143,4563.43,Mid background gamma,Ambient gamma exposure monitor,EPA RadNet near-real-time air monitor archives
radnet-tn-nashville,TN,Tennessee,Nashville-Davidson,Nashville-Davidson,36.1718,-86.785002,Census Gazetteer 2024 place centroid matched to EPA RadNet station city,place_centroid,2007,2025,19,119632,49860,37.73,60,123,2756.01,Lower background gamma,Ambient gamma exposure monitor,EPA RadNet near-real-time air monitor archives
radnet-tx-amarillo,TX,Texas,Amarillo,Amarillo,35.198064,-101.833107,Census Gazetteer 2024 place centroid matched to EPA RadNet station city,place_centroid,2009,2025,17,94672,19798,67.12,75,180,4472.2,Higher background gamma,Ambient gamma exposure monitor,EPA RadNet near-real-time air monitor archives
radnet-tx-austin,TX,Texas,Austin,Austin,30.298622,-97.754134,Census Gazetteer 2024 place centroid matched to EPA RadNet station city,place_centroid,2007,2025,19,113509,58466,44.87,59,236,3242.06,Lower background gamma,Ambient gamma exposure monitor,EPA RadNet near-real-time air monitor archives
radnet-tx-corpus_christi,TX,Texas,Corpus Christi,Corpus Christi,27.754252,-97.173385,Census Gazetteer 2024 place centroid matched to EPA RadNet station city,place_centroid,2009,2025,14,73146,32425,52.36,61,100,4352.19,Mid background gamma,Ambient gamma exposure monitor,EPA RadNet near-real-time air monitor archives
radnet-tx-dallas,TX,Texas,Dallas,Dallas,32.793333,-96.766513,Census Gazetteer 2024 place centroid matched to EPA RadNet station city,place_centroid,2007,2025,19,140488,67291,40.06,45,111,3213.88,Lower background gamma,Ambient gamma exposure monitor,EPA RadNet near-real-time air monitor archives
radnet-tx-el_paso,TX,Texas,El Paso,El Paso,31.84778,-106.431106,Census Gazetteer 2024 place centroid matched to EPA RadNet station city,place_centroid,2008,2025,18,116175,34999,79.42,91,209,5229.95,Higher background gamma,Ambient gamma exposure monitor,EPA RadNet near-real-time air monitor archives
radnet-tx-fort_worth,TX,Texas,Fort Worth,Fort Worth,32.781954,-97.348573,Census Gazetteer 2024 place centroid matched to EPA RadNet station city,place_centroid,2007,2025,18,123673,34422,53.86,76,180,4129.21,Mid background gamma,Ambient gamma exposure monitor,EPA RadNet near-real-time air monitor archives
radnet-tx-harlingen,TX,Texas,Harlingen,Harlingen,26.191204,-97.697383,Census Gazetteer 2024 place centroid matched to EPA RadNet station city,place_centroid,2009,2025,17,88633,71,0,0,0,3828.68,Lower background gamma,Ambient gamma exposure monitor,EPA RadNet near-real-time air monitor archives
radnet-tx-houston,TX,Texas,Houston,Houston,29.785743,-95.388806,Census Gazetteer 2024 place centroid matched to EPA RadNet station city,place_centroid,2007,2025,19,146100,68821,40.3,49,129,3524.75,Lower background gamma,Ambient gamma exposure monitor,EPA RadNet near-real-time air monitor archives
radnet-tx-laredo,TX,Texas,Laredo,Laredo,27.560379,-99.489181,Census Gazetteer 2024 place centroid matched to EPA RadNet station city,place_centroid,2009,2025,17,67918,12897,49.18,59,157,5030.59,Mid background gamma,Ambient gamma exposure monitor,EPA RadNet near-real-time air monitor archives
radnet-tx-lubbock,TX,Texas,Lubbock,Lubbock,33.561901,-101.888883,Census Gazetteer 2024 place centroid matched to EPA RadNet station city,place_centroid,2010,2025,16,110525,41105,56.07,68,170,3717.91,Mid background gamma,Ambient gamma exposure monitor,EPA RadNet near-real-time air monitor archives
radnet-tx-san_angelo,TX,Texas,San Angelo,San Angelo,31.441078,-100.450499,Census Gazetteer 2024 place centroid matched to EPA RadNet station city,place_centroid,2009,2025,17,124751,29831,50.61,70,176,3651.67,Mid background gamma,Ambient gamma exposure monitor,EPA RadNet near-real-time air monitor archives
radnet-tx-san_antonio,TX,Texas,San Antonio,San Antonio,29.462809,-98.524635,Census Gazetteer 2024 place centroid matched to EPA RadNet station city,place_centroid,2008,2025,18,131261,68879,37.83,43,197,2784.18,Lower background gamma,Ambient gamma exposure monitor,EPA RadNet near-real-time air monitor archives
radnet-ut-salt_lake_city,UT,Utah,Salt Lake City,Salt Lake City,40.776928,-111.930991,Census Gazetteer 2024 place centroid matched to EPA RadNet station city,place_centroid,2007,2025,19,126681,51104,65.57,83,171,4013.7,Higher background gamma,Ambient gamma exposure monitor,EPA RadNet near-real-time air monitor archives
radnet-ut-st-george,UT,Utah,St. George,St. George,37.077006,-113.576534,Census Gazetteer 2024 place centroid matched to EPA RadNet station city,place_centroid,2012,2025,14,83982,69,0,0,0,5874.89,Lower background gamma,Ambient gamma exposure monitor,EPA RadNet near-real-time air monitor archives
radnet-va-harrisonburg,VA,Virginia,Harrisonburg,Harrisonburg,38.436255,-78.873303,Census Gazetteer 2024 place centroid matched to EPA RadNet station city,place_centroid,2008,2025,18,130056,37703,54.21,61,150,4809.04,Mid background gamma,Ambient gamma exposure monitor,EPA RadNet near-real-time air monitor archives
radnet-va-richmond,VA,Virginia,Richmond,Richmond,37.531399,-77.476009,Census Gazetteer 2024 place centroid matched to EPA RadNet station city,place_centroid,2007,2025,19,138712,53468,61.07,103,170,4128.83,Mid background gamma,Ambient gamma exposure monitor,EPA RadNet near-real-time air monitor archives
radnet-va-virginia_beach,VA,Virginia,Virginia Beach,Virginia Beach,36.779525,-76.029142,Census Gazetteer 2024 place centroid matched to EPA RadNet station city,place_centroid,2007,2025,19,140766,12297,53.74,58,108,5074.37,Mid background gamma,Ambient gamma exposure monitor,EPA RadNet near-real-time air monitor archives
radnet-vt-burlington,VT,Vermont,Burlington,Burlington,44.491927,-73.238882,Census Gazetteer 2024 place centroid matched to EPA RadNet station city,place_centroid,2009,2025,16,101660,60681,43.4,51,125,3418.88,Lower background gamma,Ambient gamma exposure monitor,EPA RadNet near-real-time air monitor archives
radnet-wa-ellensburg,WA,Washington,Ellensburg,Ellensburg,47.000124,-120.54954,Census Gazetteer 2024 place centroid matched to EPA RadNet station city,place_centroid,2016,2025,10,71736,6237,46.15,50,67,3264.06,Mid background gamma,Ambient gamma exposure monitor,EPA RadNet near-real-time air monitor archives
radnet-wa-olympia,WA,Washington,Olympia,Olympia,47.040604,-122.895,Census Gazetteer 2024 place centroid matched to EPA RadNet station city,place_centroid,2008,2025,18,142731,43651,43.76,89,178,2631.68,Lower background gamma,Ambient gamma exposure monitor,EPA RadNet near-real-time air monitor archives
radnet-wa-richland,WA,Washington,Richland,Richland,46.28698,-119.294045,Census Gazetteer 2024 place centroid matched to EPA RadNet station city,place_centroid,2009,2025,17,113036,62407,76.49,106,176,5116.22,Higher background gamma,Ambient gamma exposure monitor,EPA RadNet near-real-time air monitor archives
radnet-wa-seattle,WA,Washington,Seattle,Seattle,47.619335,-122.351538,Census Gazetteer 2024 place centroid matched to EPA RadNet station city,place_centroid,2008,2025,18,140718,8912,27.1,30,40,1727.34,Lower background gamma,Ambient gamma exposure monitor,EPA RadNet near-real-time air monitor archives
radnet-wa-spokane,WA,Washington,Spokane,Spokane,47.666935,-117.433322,Census Gazetteer 2024 place centroid matched to EPA RadNet station city,place_centroid,2008,2025,18,138664,52599,85.37,95,221,7234.22,Higher background gamma,Ambient gamma exposure monitor,EPA RadNet near-real-time air monitor archives
radnet-wi-la_crosse,WI,Wisconsin,La Crosse,La Crosse,43.824685,-91.224616,Census Gazetteer 2024 place centroid matched to EPA RadNet station city,place_centroid,2013,2025,13,80360,49253,60.04,68,182,4362.58,Mid background gamma,Ambient gamma exposure monitor,EPA RadNet near-real-time air monitor archives
radnet-wi-madison,WI,Wisconsin,Madison,Madison,43.087815,-89.429856,Census Gazetteer 2024 place centroid matched to EPA RadNet station city,place_centroid,2008,2025,18,131269,47089,59.29,104,208,3946.11,Mid background gamma,Ambient gamma exposure monitor,EPA RadNet near-real-time air monitor archives
radnet-wi-milwaukee,WI,Wisconsin,Milwaukee,Milwaukee,43.063348,-87.966695,Census Gazetteer 2024 place centroid matched to EPA RadNet station city,place_centroid,2006,2025,19,137167,43573,61.98,127,276,3131.78,Higher background gamma,Ambient gamma exposure monitor,EPA RadNet near-real-time air monitor archives
radnet-wi-shawano,WI,Wisconsin,Shawano,Shawano,44.777894,-88.586019,Census Gazetteer 2024 place centroid matched to EPA RadNet station city,place_centroid,2012,2025,14,103954,30111,53.95,64,138,3712.22,Mid background gamma,Ambient gamma exposure monitor,EPA RadNet near-real-time air monitor archives
radnet-wv-charleston,WV,West Virginia,Charleston,Charleston,38.348692,-81.632324,Census Gazetteer 2024 place centroid matched to EPA RadNet station city,place_centroid,2008,2025,18,132386,10688,50.16,56,122,4751.89,Mid background gamma,Ambient gamma exposure monitor,EPA RadNet near-real-time air monitor archives
radnet-wy-casper,WY,Wyoming,Casper,Casper,42.84212,-106.321282,Census Gazetteer 2024 place centroid matched to EPA RadNet station city,place_centroid,2013,2025,13,86343,40815,100.17,110,239,5789.12,Higher background gamma,Ambient gamma exposure monitor,EPA RadNet near-real-time air monitor archives
