field_name,form_eia-860_schedule,form_eia-860_line_number,description,notes,utility,plant,generator___operable,generator___proposed,generator___retired_and_canceled,wind___operable,wind___retired_and_canceled,solar___operable,solar___retired_and_canceled,energy_storage___operable,energy_storage___proposed,energy_storage___retired_and_canceled,multifuel___operable,multifuel___proposed,multifuel___retired_and_canceled,ownership,enviroassoc___boiler_generator,enviroassoc___boiler_cooling,enviroassoc___boiler_particulate_matter,enviroassoc___boiler_so2,enviroassoc___boiler_nox,enviroassoc___boiler_mercury,enviroassoc___boiler_stack_flue,enviroassoc___emissions_control_equipment,enviroequip___emission_standards_&_strategies,enviroequip___boiler_info_&_design_parameters,enviroequip___cooling,enviroequip___fgp,enviroequip___fgd,enviroequip___stackflue
Utility ID,,,EIA-assigned identification number for the company that is responsible for the day-to-day operations of the generator,,x,x,x,x,x,x,x,x,x,x,,x,x,x,x,x,x,x,x,x,x,x,x,x,x,x,x,x,x,x
Utility Name,1,3,Legal name of the company that is responsible for the day-to-day operations of the generator,,x,x,x,x,x,x,x,x,x,x,,x,x,x,x,x,x,x,x,x,x,x,x,x,x,x,x,x,x,x
Street Address,1,3,Street address of the operator/owner,,x,,,,,,,,,,,,,,,,,,,,,,,,,,,,,
City,1,3,Name of the city in which operator/owner is located,,x,,,,,,,,,,,,,,,,,,,,,,,,,,,,,
State,1,3,State of the operator/owner,,x,,,,,,,,,,,,,,,,,,,,,,,,,,,,,
Zip,1,3,Zip code of the operator/owner,,x,,,,,,,,,,,,,,,,,,,,,,,,,,,,,
Owner?,1,4,Is the reporting entity an owner of power plants reported on Schedule 2 of the form?,Yes / No,x,,,,,,,,,,,,,,,,,,,,,,,,,,,,,
Operator?,1,4,Is the reporting entity an operator of power plants reported on Schedule 2 of the form?,Yes / No,x,,,,,,,,,,,,,,,,,,,,,,,,,,,,,
Asset Manager?,1,4,Is the reporting entity an asset manager of power plants reported on Schedule 2 of the form?,Yes / No,x,,,,,,,,,,,,,,,,,,,,,,,,,,,,,
Other Reltionships with Plants Reported on Form?,1,4,Does the reporting entity have any other relationship to the power plants reported on Schedule 2 of the form?,Yes / No,x,,,,,,,,,,,,,,,,,,,,,,,,,,,,,
Entity Type,1,5,Entity type of principle owner,C = Cooperative I = Investor-Owned Utility Q = Independent Power Producer M = Municipally-Owned Utility P = Political Subdivision F = Federally-Owned Utility S = State-Owned Utility IND = Industrial COM = Commercial,x,,,,,,,,,,,,,,,,,,,,,,,,,,,,,
Plant Code,2,1,EIA-assigned plant code,,,x,x,x,x,x,x,x,x,x,,x,x,x,x,x,x,x,x,x,x,x,x,x,x,x,x,x,x,x
Plant Name,2,1,Plant name,,,x,x,x,x,x,x,x,x,x,,x,x,x,x,x,x,x,x,x,x,x,x,x,x,x,x,x,x,x
Street Address,2,2,Plant street address,,,x,,,,,,,,,,,,,,,,,,,,,,,,,,,,
City,2,2,Plant city,,,x,,,,,,,,,,,,,,,,,,,,,,,,,,,,
State,2,2,Plant state,,,x,x,x,x,x,x,x,x,x,,x,x,x,x,x,,,,,,,,,x,x,x,x,x,x
Zip,2,2,Plant zip code,,,x,,,,,,,,,,,,,,,,,,,,,,,,,,,,
County,2,2,Plant County,,,x,x,x,x,x,x,x,x,x,,x,x,x,x,,,,,,,,,,,,,,,
Latitude,2,3,The latitude of a plant's coordinates,,,x,,,,,,,,,,,,,,,,,,,,,,,,,,,,
Longitude,2,3,The longitude of a plant's coordinates,,,x,,,,,,,,,,,,,,,,,,,,,,,,,,,,
NERC Region,2,4,NERC region in which the plant is located,See Reference Table 30,,x,,,,,,,,,,,,,,,,,,,,,,,,,,,,
Balancing Authority Code,2,5,The plant's balancing authority,5 character code,,x,,,,,,,,,,,,,,,,,,,,,,,,,,,,
Balancing Authority Name,2,5,The plant's balancing authority,"A balancing authority manages supply, demand, and interchanges within an electrically defined area.",,x,,,,,,,,,,,,,,,,,,,,,,,,,,,,
Name of Water Source,2,6,Name of water source associater with the plant,,,x,,,,,,,,,,,,,,,,,,,,,,,,,,,,
Primary Purpose (NAICS Code),2,8,North American Industry Classification System (NAICS) code that best describes the primary purpose of the reporting plant,See Reference Table 29,,x,,,,,,,,,,,,,,,,,,,,,,,,,,,,
Regulatory Status,,,Indicates whether the plant is regulated or non-regulated,RE = Regulated NR = Non-regulated,,x,,,,,,,,,,,,,,,,,,,,,,,,,,,,
Sector,,,"Plant-level sector name, designated by the primary purpose, regulatory status and plant-level combined heat and power status",Commercial; Electric Utility; Industrial; Non-Combined Heat and Power Independent Power Producer (IPP); Combined Heat and Power (IPP CHP),,x,x,x,x,x,x,x,x,x,,x,x,x,x,,,,,,,,,,,,,,,
Sector Name,,,"Plant-level sector number, designated by the primary purpose, regulatory status and plant-level combined heat and power status","1 = Electric Utility 2 = Independent Power Producer, Non-Combined Heat and Power 3 = Independent Power Producer, Combined Heat and Power 4 = Commercial, Non-Combined Heat and Power 5 = Commercial, Combined Heat and Power 6 = Industrial, Non-Combined Heat and Power 7 = Industrial, Combined Heat and Power",,x,x,x,x,x,x,x,x,x,,x,x,x,x,,,,,,,,,,,,,,,
FERC Cogeneration Status,2,9a,Indicates of whether the plant has FERC qualifying facility cogenerator status,Yes / No,,x,,,,,,,,,,,,,,,,,,,,,,,,,,,,
FERC Cogeneration Docket Number,2,9b,The docket number relating to the FERC qualifying facility cogenerator status,,,x,,,,,,,,,,,,,,,,,,,,,,,,,,,,
FERC Small Power Producer Status,2,10a,Indicates of whether the plant has FERC qualifying facility small power producer status,Yes / No,,x,,,,,,,,,,,,,,,,,,,,,,,,,,,,
FERC Small Power Producer Docket Number,2,10b,The docket number relating to the FERC qualifying facility small power producer status,,,x,,,,,,,,,,,,,,,,,,,,,,,,,,,,
FERC Exempt Wholesale Generator Status,2,11a,Indicates of whether the plant has FERC qualifying facility exempt wholesale generator status,Yes / No,,x,,,,,,,,,,,,,,,,,,,,,,,,,,,,
FERC Exempt Wholesale Generator Docket Number,2,11b,The docket number relating to the FERC qualifying facility exempt wholesale generator status,,,x,,,,,,,,,,,,,,,,,,,,,,,,,,,,
Ash Impoundment?,2,12a,"Is there an ash impoundment (e.g. pond, reservoir) at the plant?",Yes / No,,x,,,,,,,,,,,,,,,,,,,,,,,,,,,,
Ash Impoundment Lined?,2,12b,"If there is an ash impoundment at the plant, is the impoundment lined?",Yes / No,,x,,,,,,,,,,,,,,,,,,,,,,,,,,,,
Ash Impoundment Status,2,12c,"If there is an ash impoundment at the plant, the ash impoundment status as of December 31 of the reporting year",See Reference Table 1,,x,,,,,,,,,,,,,,,,,,,,,,,,,,,,
Transmission or Distribution System Owner,2,13,Name of the owner of the transmission or distribution system to which the plant is interconnected,,,x,,,,,,,,,,,,,,,,,,,,,,,,,,,,
Transmission or Distribution System Owner ID,2,13,EIA-assigned code for owner of transmission/distribution system to which the plant is interconnected,,,x,,,,,,,,,,,,,,,,,,,,,,,,,,,,
Transmission or Distribution System Owner State,2,13,State location for owner of transmission/distribution system to which the plant is interconnected,,,x,,,,,,,,,,,,,,,,,,,,,,,,,,,,
Grid Voltage (kV),2,14,Plant's grid voltage at point of interconnection to transmission or distibution facilities,"If the plant is interconnected to more than three transmission / distriubtion facilites, the three highest grid voltages are reported",,x,,,,,,,,,,,,,,,,,,,,,,,,,,,,
Grid Voltage 2 (kV),2,14,Plant's grid voltage at point of interconnection to transmission or distibution facilities,"If the plant is interconnected to more than three transmission / distriubtion facilites, the three highest grid voltages are reported",,x,,,,,,,,,,,,,,,,,,,,,,,,,,,,
Grid Voltage 3 (kV),2,14,Plant's grid voltage at point of interconnection to transmission or distibution facilities,"If the plant is interconnected to more than three transmission / distriubtion facilites, the three highest grid voltages are reported",,x,,,,,,,,,,,,,,,,,,,,,,,,,,,,
Energy Storage?,2,15,Indicates if the facility have energy storage capabilities,Yes / No,,x,,,,,,,,,,,,,,,,,,,,,,,,,,,,
Natural Gas LDC Name,2,16a,"Names of Local Distribution Company (LDC), connected to natural gas burning power plants",,,x,,,,,,,,,,,,,,,,,,,,,,,,,,,,
Natural Gas Pipeline Name 1,2,16b,The name of the owner or operator of natural gas pipeline that connects directly to this facility or that connects to a lateral pipeline owned by this facility,,,x,,,,,,,,,,,,,,,,,,,,,,,,,,,,
Natural Gas Pipeline Name 2,2,16b,The name of the owner or operator of natural gas pipeline that connects directly to this facility or that connects to a lateral pipeline owned by this facility,,,x,,,,,,,,,,,,,,,,,,,,,,,,,,,,
Natural Gas Pipeline Name 3,2,16b,The name of the owner or operator of natural gas pipeline that connects directly to this facility or that connects to a lateral pipeline owned by this facility,,,x,,,,,,,,,,,,,,,,,,,,,,,,,,,,
Pipeline Notes,2,16b,Additional owner or operator of natural gas pipeline,,,x,,,,,,,,,,,,,,,,,,,,,,,,,,,,
Natural Gas Storage,2,16c,Indicates if the facility have on-site storage of natural gas,Yes / No,,x,,,,,,,,,,,,,,,,,,,,,,,,,,,,
Liquefied Natural Gas Storage,2,16d,Indicates if the facility have the capability to store the natural gas in the form of liquefied natural gas,Yes / No,,x,,,,,,,,,,,,,,,,,,,,,,,,,,,,
Generator ID,3A,1,Generator identification number,,,,x,x,x,x,x,x,x,x,,x,x,x,x,x,x,,,,,,,,,,,,,
Technology,,,High level description of the technology used by the generator to produce electricity,,,,x,x,x,x,x,x,x,x,,x,x,x,x,,,,,,,,,,,,,,,
Prime Mover,3A,2,"EIA assigned code for the prime mover (i.e. the engine, turbine, water wheel, or similar machine that drives an electric generator)",See Reference Table 2,,,x,x,x,x,x,x,x,x,,x,x,x,x,,,,,,,,,,,,,,,
Unit Code,3A,3,All generators that operate as a unit have the same unit code,Blank if the generator does not operate as a single unit with another generator,,,x,x,x,,,,,,,,,,,,,,,,,,,,,,,,,
Ownership,3A,4,Identifies the ownership for each generator,See Reference Table 3,,,x,x,x,,,,,,,,,,,,,,,,,,,,,,,,,
Duct Burners,3A,5,Indicates whether the unit has duct-burners for supplementary firing of the turbine exhaust gas,Yes / No,,,x,x,x,,,,,,,,,,,,,,,,,,,,,,,,,
Can Bypass Heat Recovery Steam Generator?,3A,6,Can this generator operate while bypassing the heat recovery steam generator?,Yes / No,,,x,x,x,,,,,,,,,,,,,,,,,,,,,,,,,
RTO/ISO LMP Node Designation,3A,7a,The designation used to identify the price node in RTO/ISO Locational Marginal Price reports,,,,x,x,x,,,,,,,,,,,,,,,,,,,,,,,,,
RTO/ISO Location Designation for Reporting Wholesale Sales Data to FERC,3A,7b,The designation used to report ths specific location of the wholesale sales transactions to FERC for the Electric Quarterly Report,,,,x,x,x,,,,,,,,,,,,,,,,,,,,,,,,,
Nameplate Capacity (MW),"3B, 3C",1a,The highest value on the generator nameplate in megawatts rounded to the nearest tenth,,,,x,x,x,x,x,x,x,x,,x,x,x,x,,,,,,,,,,,,,,,
Nameplate Power Factor,"3B, 3C",1b,The nameplate power factor of the generator,,,,x,x,x,,,,,,,,,,,,,,,,,,,,,,,,,
Summer Capacity (MW),"3B, 3C","3B-2a, 3C-2",The net summer capacity,,,,x,x,x,x,x,x,x,x,,x,x,x,x,,,,,,,,,,,,,,,
Winter Capacity (MW),"3B, 3C","3B-2a, 3C-2",The net winter capacity,,,,x,x,x,x,x,x,x,x,,x,x,x,x,,,,,,,,,,,,,,,
DC Net Capacity (MW),3B,2b,The net capacity of this photovoltaic generator in direct current under standard test conditions (STC) of 1000 W/m^2 solar irradiance and 25 degrees Celsius PV module temperature,,,,,,,,,x,x,,,,,,,,,,,,,,,,,,,,,
Minimum Load (MW),3B,3,The minimum load at which the generator can operate at continuosuly,,,,x,,x,,,,,,,,,,,,,,,,,,,,,,,,,
Uprate or Derate Completed During Year,3B,4a,Was an uprate or derate completed on this generator during the reporting year?,Yes / No,,,x,,x,,,,,,,,,,,,,,,,,,,,,,,,,
Month Uprate or Derate Completed,3B,4b,The month when the uprate or derate was completed,,,,x,,x,,,,,,,,,,,,,,,,,,,,,,,,,
Year Uprate or Derate Completed,3B,4b,The year when the uprate or derate was completed,,,,x,,x,,,,,,,,,,,,,,,,,,,,,,,,,
Status,"3B, 3C","3B-5a, 3C-3",The operating status of the generator,See Reference Table 4,,,x,x,x,x,x,x,x,x,,x,x,x,x,x,,,,,,,,,,,,,,
Effective Month,3C,4,The original effective month on which the generator was scheduled to start operation,,,,,x,,,,,,,,,,,,,,,,,,,,,,,,,,
Effective Year,3C,4,The original effective year on which the generator was scheduled to start operation,,,,,x,,,,,,,,,,,,,,,,,,,,,,,,,,
Current Month,3C,5,The most recently updated effective month on which the generator is scheduled to start operation,,,,,x,,,,,,,,,,x,,,,,,,,,,,,,,,,
Current Year,3C,5,The most recently updated effective year on which the generator is scheduled to start operation,,,,,x,,,,,,,,,,x,,,,,,,,,,,,,,,,
Synchronized to Transmission Grid,3B,5b,Indicates whether standby generators (SB status) can be synchronized to the grid,Yes / No,,,x,,x,,,,,,,,,,,,,,,,,,,,,,,,,
Operating Month,3B,6,Month the generator began commercial operation,,,,x,,x,x,x,x,x,x,,x,x,,x,,,,,,,,,,,,,,,
Operating Year,3B,6,Year the generator began commercial operation,,,,x,,x,x,x,x,x,x,,x,x,,x,,,,,,,,,,,,,,,
Retirement Month,3B,7,Month the generator retired,,,,,,x,,x,,x,,,x,,,x,,,,,,,,,,,,,,,
Retirement Year,3B,7,Year the generator retired,,,,,,x,,x,,x,,,x,,,x,,,,,,,,,,,,,,,
Planned Retirement Month,3B,8,Planned effective month of the scheduled retirement of the generator,,,,x,,x,,,,,,,,,,,,,,,,,,,,,,,,,
Planned Retirement Year,3B,8,Planned effective year of the scheduled retirement of the generator,,,,x,,x,,,,,,,,,,,,,,,,,,,,,,,,,
Associated with Combined Heat and Power System,"3B, 3C","3B-9, 3C-6",Indicates whether the generator is associated with a combined heat and power system,Yes / No,,,x,x,x,,,,,,,,,,,,,,,,,,,,,,,,,
Previously Canceled,3C,7,Indicates whether the generator was previously reported as indefinitely postponed or canceled,Yes / No,,,,x,,,,,,,,,,,,,,,,,,,,,,,,,,
Topping or Bottoming,3B,10,"If the generator is associated with a combined heat and power system, indicates whether the generator is part of a topping cycle or a bottoming cycle",T = Topping B = Bottoming,,,x,,x,,,,,,,,,,,,,,,,,,,,,,,,,
Energy Source 1,"3B, 3C","3B-11, 3C-8",The code representing the most predominant type of energy that fuels the generator,See Reference Table 28,,,x,x,x,,,,,,,,x,x,x,,,,,,,,,,,,,,,
Energy Source 2,"3B, 3C","3B-13, 3C-9",The code representing the second most predominant type of energy that fuels the generator,See Reference Table 28,,,x,x,x,,,,,,,,x,x,x,,,,,,,,,,,,,,,
Energy Source 3,"3B, 3C","3B-14, 3C-10",The code representing the third most predominant type of energy that fuels the generator,See Reference Table 28,,,x,x,x,,,,,,,,,,,,,,,,,,,,,,,,,
Energy Source 4,"3B, 3C","3B-14, 3C-10",The code representing the fourth most predominant type of energy that fuels the generator,See Reference Table 28,,,x,x,x,,,,,,,,,,,,,,,,,,,,,,,,,
Energy Source 5,"3B, 3C","3B-14, 3C-10",The code representing the fifth most predominant type of energy that fuels the generator,See Reference Table 28,,,x,x,x,,,,,,,,,,,,,,,,,,,,,,,,,
Energy Source 6,"3B, 3C","3B-14, 3C-10",The code representing the sixth most predominant type of energy that fuels the generator,See Reference Table 28,,,x,x,x,,,,,,,,,,,,,,,,,,,,,,,,,
Startup Source 1,3B,12,"The code representing the first, second, third or fourth start-up and flame stabilization energy source used by the combustion unit(s) associated with this generator",See Reference Table 28,,,x,,x,,,,,,,,,,,,,,,,,,,,,,,,,
Startup Source 2,3B,12,"The code representing the first, second, third or fourth start-up and flame stabilization energy source used by the combustion unit(s) associated with this generator",See Reference Table 28,,,x,,x,,,,,,,,,,,,,,,,,,,,,,,,,
Startup Source 3,3B,12,"The code representing the first, second, third or fourth start-up and flame stabilization energy source used by the combustion unit(s) associated with this generator",See Reference Table 28,,,x,,x,,,,,,,,,,,,,,,,,,,,,,,,,
Startup Source 4,3B,12,"The code representing the first, second, third or fourth start-up and flame stabilization energy source used by the combustion unit(s) associated with this generator",See Reference Table 28,,,x,,x,,,,,,,,,,,,,,,,,,,,,,,,,
Solid Fuel Gasification System?,"3B, 3C","3B-15, 3C-14",Indicates whether the generator is part of a solid fuel gasification system,Yes / No,,,x,x,x,,,,,,,,,,,,,,,,,,,,,,,,,
Carbon Capture Technology?,"3B, 3C","3B-18, 3C-15",Indicates whether the generator uses carbon capture technology,Yes / No,,,x,x,x,,,,,,,,,,,,,,,,,,,,,,,,,
"Turbines, or Hydrokinetic Buoys","3B, 3C","3B-19, 3C-11","Number of wind turbines, or hydrokinetic buoys",,,,x,x,x,x,x,,,,,,,,,,,,,,,,,,,,,,,
Time from Cold Shutdown to Full Load,3B,21,The minimum amount of time required to bring the unit to full load from shutdown,10M = 0 - 10 minutes 1H = 10 minutes - 1 hour 12H = 1 hour - 12 hours OVER = More than 12 hours,,,x,,x,,,,,,,,,,,,,,,,,,,,,,,,,
Fluidized Bed Technology?,"3B, 3C","3B-23, 3C-12",Indicates whether the generator uses fluidized bed technology,Yes / No,,,x,x,x,,,,,,,,,,,,,,,,,,,,,,,,,
Pulverized Coal Technology?,"3B, 3C","3B-23, 3C-12",Indicates whether the generator uses pulverized coal technology,Yes / No,,,x,x,x,,,,,,,,,,,,,,,,,,,,,,,,,
Stoker Technology?,"3B, 3C","3B-23, 3C-12",Indicates whether the generator uses stoker technology,Yes / No,,,x,x,x,,,,,,,,,,,,,,,,,,,,,,,,,
Other Combustion Technology?,"3B, 3C","3B-23, 3C-12",Indicates whether the generator uses other combustion technologies,Yes / No,,,x,x,x,,,,,,,,,,,,,,,,,,,,,,,,,
Subcritical Technology?,"3B, 3C","3B-24, 3C-13",Indicates whether the generator uses subcritical technology,Yes / No,,,x,x,x,,,,,,,,,,,,,,,,,,,,,,,,,
Supercritical Technology?,"3B, 3C","3B-24, 3C-13",Indicates whether the generator uses supercritical technology,Yes / No,,,x,x,x,,,,,,,,,,,,,,,,,,,,,,,,,
Ultrasupercritical Technology?,"3B, 3C","3B-24, 3C-13",Indicates whether the generator uses ultra-supercritical technology,Yes / No,,,x,x,x,,,,,,,,,,,,,,,,,,,,,,,,,
Predominant Turbine Manufacturer,3B,25,Predominant manufacturer of turbines at this generator,,,,,,,x,x,,,,,,,,,,,,,,,,,,,,,,,
Predominant Turbine Model Number,3B,26,Predominant model number of turbines at this generator,,,,,,,x,x,,,,,,,,,,,,,,,,,,,,,,,
Design Wind Speed (mph),3B,27a,Design average annual wind speed for turbines at this generator,"If more than one value exists, the one that best represents the turbines",,,,,,x,x,,,,,,,,,,,,,,,,,,,,,,,
Wind Quality Class,3B,27b,The wind quality calss for turbines at this generator,See Reference Table 5,,,,,,x,x,,,,,,,,,,,,,,,,,,,,,,,
Turbine Hub Height (Feet),3B,28,The hub height of turbines at this generator,"If more than one value exists, the one that best represents the turbines",,,,,,x,x,,,,,,,,,,,,,,,,,,,,,,,
Lenses / Mirrors?,3B,29,Indicates whether lenses or mirrors are used at this solar generating unit,Yes / No,,,,,,,,x,x,,,,,,,,,,,,,,,,,,,,,
Single-Axis Tracking?,3B,29,Indicates whether single-axis tracking technologies are used at this solar generating unit,Yes / No,,,,,,,,x,x,,,,,,,,,,,,,,,,,,,,,
Dual-Axis Tracking?,3B,29,Indicates whether dual-axis tracking technologies are used at this solar generating unit,Yes / No,,,,,,,,x,x,,,,,,,,,,,,,,,,,,,,,
Fixed Tilt?,3B,29,Indicates whether fixed tilt technologies are used at this solar generating unit,Yes / No,,,,,,,,x,x,,,,,,,,,,,,,,,,,,,,,
Bifacial,3B,29,Indicates whether bifacial solar panels are used at this solar generating unit,Yes / No,,,,,,,,x,x,,,,,,,,,,,,,,,,,,,,,
East West Fixed Tilt?,3B,29,Indicates whether east west fixed tilt technologies are used at this solar generating unit,Yes / No,,,,,,,,x,x,,,,,,,,,,,,,,,,,,,,,
Parabolic Trough?,3B,29,Indicates whether parabolic trough technologies s are used at this solar generating unit,Yes / No,,,,,,,,x,x,,,,,,,,,,,,,,,,,,,,,
Linear Fresnel?,3B,29,Indicates whether linear fresnel technologies are used at this solar generating unit,Yes / No,,,,,,,,x,x,,,,,,,,,,,,,,,,,,,,,
Power Tower?,3B,29,Indicates whether power towers are used at this solar generating unit,Yes / No,,,,,,,,x,x,,,,,,,,,,,,,,,,,,,,,
Dish Engine?,3B,29,Indicates whether dish engines are used at this solar generating unit,Yes / No,,,,,,,,x,x,,,,,,,,,,,,,,,,,,,,,
Other Solar Technology?,3B,29,Indicates whether other solar technologies are used at this solar generating unit,Yes / No,,,,,,,,x,x,,,,,,,,,,,,,,,,,,,,,
Azimuth Angle,3B,30a,Indicates the azimuth angle of the unit for fixed tilt or single-axis technologies,,,,,,,,,x,x,,,,,,,,,,,,,,,,,,,,,
Tilt Angle,3B,30b,Indicates the tilt angle of the unit for fixed tilt or single-axis technologies,,,,,,,,,x,x,,,,,,,,,,,,,,,,,,,,,
Crystalline Silicon?,3B,31,Indicates whether any solar photovoltaic panels at this generator are made of crystalline silicon,Yes / No,,,,,,,,x,x,,,,,,,,,,,,,,,,,,,,,
Thin-Film (CdTe)?,3B,31,Indicates whether any solar photovoltaic panels at this generator are made of thin-film CdTe,Yes / No,,,,,,,,x,x,,,,,,,,,,,,,,,,,,,,,
Thin-Film (A-Si)?,3B,31,Indicates whether any solar photovoltaic panels at this generator are made of thin-film A-Si,Yes / No,,,,,,,,x,x,,,,,,,,,,,,,,,,,,,,,
Thin-Film (CIGS)?,3B,31,Indicates whether any solar photovoltaic panels at this generator are made of thin-film CIGS,Yes / No,,,,,,,,x,x,,,,,,,,,,,,,,,,,,,,,
Thin-Film (Other)?,3B,31,Indicates whether any solar photovoltaic panels at this generator are made of other thin-film material,Yes / No,,,,,,,,x,x,,,,,,,,,,,,,,,,,,,,,
Other Materials?,3B,31,Indicates whether any solar photovoltaic panels at this generator are made of other materials,Yes / No,,,,,,,,x,x,,,,,,,,,,,,,,,,,,,,,
Net Metering Agreement?,3B,32a,Indicates if the output from this generator is part of a net metering agreement,Yes / No,,,,,,,,x,x,,,,,,,,,,,,,,,,,,,,,
Net Metering DC Capacity (MW),3B,32b,The DC capacity (in MW) that is part of a net metering agreement,,,,,,,,,x,x,,,,,,,,,,,,,,,,,,,,,
Virtual Net Metering Agreement?,3B,33a,Indicates if the output from this generator is part of a virtual net metering agreement,Yes / No,,,,,,,,x,x,,,,,,,,,,,,,,,,,,,,,
Virtual Net Metering DC Capacity (MW),3B,33b,The DC capacity (in MW) that is part of a net metering agreement,,,,,,,,,x,x,,,,,,,,,,,,,,,,,,,,,
Nameplate Energy Capacity (MWh),"3B, 3C","3B-34, 3C-11",The nameplate energy capacity,,,,,,,,,,,x,x,x,,,,,,,,,,,,,,,,,,
Maximum Charge Rate (MW),"3B, 3C","3B-35, 3C-12",Maximum charge rate,,,,,,,,,,,x,x,x,,,,,,,,,,,,,,,,,,
Maximum Discharge Rate (MW),"3B, 3C","3B-36, 3C-13",Maximum discharge rate,,,,,,,,,,,x,x,x,,,,,,,,,,,,,,,,,,
Storage Technology 1,"3B, 3C","3B-37, 3C-14",Indicates the electro-chemical storage technology used for this battery applications,See Reference Table 31,,,,,,,,,,x,x,x,,,,,,,,,,,,,,,,,,
Storage Technology 2,"3B, 3C","3B-37, 3C-14",Indicates the electro-chemical storage technology used for this battery applications,See Reference Table 31,,,,,,,,,,x,x,x,,,,,,,,,,,,,,,,,,
Storage Technology 3,"3B, 3C","3B-37, 3C-14",Indicates the electro-chemical storage technology used for this battery applications,See Reference Table 31,,,,,,,,,,x,x,x,,,,,,,,,,,,,,,,,,
Storage Technology 4,"3B, 3C","3B-37, 3C-14",Indicates the electro-chemical storage technology used for this battery applications,See Reference Table 31,,,,,,,,,,x,x,x,,,,,,,,,,,,,,,,,,
Nameplate Reactive Power Rating (MVAR),"3B, 3C","3B-38, 3C-15",The nameplate reactive power rating for the energy storage device,,,,,,,,,,,x,x,x,,,,,,,,,,,,,,,,,,
Storage Enclosure Type,"3B, 3C","3B-39, 3C-16",The enclosure type that best describes where the generator is located,See Reference Table 32,,,,,,,,,,x,x,x,,,,,,,,,,,,,,,,,,
Arbitrage,"3B, 3C","3B-40b, 3C-17b",Indicates if this energy storage device served arbitrage applications during the reporting year,Yes / No/ PR (primary application of this battery storage),,,,,,,,,,x,x,x,,,,,,,,,,,,,,,,,,
Frequency Regulation,"3B, 3C","3B-40b, 3C-17b",Indicates if this energy storage device served frequency regulation applications during the reporting year,Yes / No/ PR (primary application of this battery storage),,,,,,,,,,x,x,x,,,,,,,,,,,,,,,,,,
Load Following,"3B, 3C","3B-40b, 3C-17b",Indicates if this energy storage device served load following applications during the reporting year,Yes / No/ PR (primary application of this battery storage),,,,,,,,,,x,x,x,,,,,,,,,,,,,,,,,,
Ramping / Spinning Reserve,"3B, 3C","3B-40b, 3C-17b",Indicates if this energy storage device served ramping / spinning reserve applications during the reporting year,Yes / No/ PR (primary application of this battery storage),,,,,,,,,,x,x,x,,,,,,,,,,,,,,,,,,
Co-Located Renewable Firming,"3B, 3C","3B-40b, 3C-17b",Indicates if this energy storage device served renewable firming applications during the reporting year,Yes / No/ PR (primary application of this battery storage),,,,,,,,,,x,x,x,,,,,,,,,,,,,,,,,,
Transmission and Distribution Deferral,"3B, 3C","3B-40b, 3C-17b",Indicates if this energy storage device served renewable firming applications during the reporting year,Yes / No/ PR (primary application of this battery storage),,,,,,,,,,x,x,x,,,,,,,,,,,,,,,,,,
System Peak Shaving,"3B, 3C","3B-40b, 3C-17b",Indicates if this energy storage device served system peak shaving applications during the reporting year,Yes / No/ PR (primary application of this battery storage),,,,,,,,,,x,x,x,,,,,,,,,,,,,,,,,,
Load Management,"3B, 3C","3B-40b, 3C-17b",Indicates if this energy storage device served load management applications during the reporting year,Yes / No/ PR (primary application of this battery storage),,,,,,,,,,x,x,x,,,,,,,,,,,,,,,,,,
Voltage or Reactive Power Support,"3B, 3C","3B-40b, 3C-17b",Indicates if this energy storage device served voltage or reactive power support applications during the reporting year,Yes / No/ PR (primary application of this battery storage),,,,,,,,,,x,x,x,,,,,,,,,,,,,,,,,,
Backup Power,"3B, 3C","3B-40b, 3C-17b",Indicates if this energy storage device served backup power applications during the reporting year,Yes / No/ PR (primary application of this battery storage),,,,,,,,,,x,x,x,,,,,,,,,,,,,,,,,,
Excess Wind and Solar Generation,"3B, 3C","3B-40b, 3C-17b",Indicates if this energy storage device was used to store excess wind/solar generation during the reporting year,Yes / No/ PR (primary application of this battery storage),,,,,,,,,,x,x,x,,,,,,,,,,,,,,,,,,
AC Coupled,"3B, 3C","3B-42, 3C-19",Indicates if this energy storage device is AC-coupled (means the energy storage device and the PV system are not installed on the same side of an inverter),Yes / No,,,,,,,,,,x,x,x,,,,,,,,,,,,,,,,,,
DC Coupled,"3B, 3C","3B-42, 3C-19",Indicates if this energy storage device is DC-coupled (means the energy storage device and the PV system are on the same side of an inverter and the battery can still charge from the grid),Yes / No,,,,,,,,,,x,x,x,,,,,,,,,,,,,,,,,,
DC Tightly Coupled,"3B, 3C","3B-42, 3C-19",Indicates if this energy storage device is DC tightly coupled (means the energy storage device and the PV system are on the same side of an inverter and the battery cannot charge from the grid),Yes / No,,,,,,,,,,x,x,x,,,,,,,,,,,,,,,,,,
Independent,"3B, 3C","3B-42, 3C-19",Indicates if this energy storage device is Independent (not coupled with another generators),Yes / No,,,,,,,,,,x,x,x,,,,,,,,,,,,,,,,,,
Direct Support of Another Unit,"3B, 3C","3B-41a, 3C-18a",Indicates if this energy storage device is intended for dedicated generator firming or storing excess generation of other units,Yes / No,,,,,,,,,,x,x,x,,,,,,,,,,,,,,,,,,
Direct Support Plant ID 1,"3B, 3C","3B-41b, 3C-18b",Indicate the Plant ID of the unit whose generation this energy storage device isintended to firm or store,,,,,,,,,,,x,x,x,,,,,,,,,,,,,,,,,,
Direct Support Gen ID 1,"3B, 3C","3B-41b, 3C-18b",Indicate the Generator ID of the unit whose generation this energy storage device isintended to firm or store,,,,,,,,,,,x,x,x,,,,,,,,,,,,,,,,,,
Direct Support Plant ID 2,"3B, 3C","3B-41b, 3C-18b",Indicate the Plant ID of the unit whose generation this energy storage device isintended to firm or store,,,,,,,,,,,x,x,x,,,,,,,,,,,,,,,,,,
Direct Support Gen ID 2,"3B, 3C","3B-41b, 3C-18b",Indicate the Generator ID of the unit whose generation this energy storage device isintended to firm or store,,,,,,,,,,,x,x,x,,,,,,,,,,,,,,,,,,
Direct Support Plant ID 3,"3B, 3C","3B-41b, 3C-18b",Indicate the Plant ID of the unit whose generation this energy storage device isintended to firm or store,,,,,,,,,,,x,x,x,,,,,,,,,,,,,,,,,,
Direct Support Gen ID 3,"3B, 3C","3B-41b, 3C-18b",Indicate the Generator ID of the unit whose generation this energy storage device isintended to firm or store,,,,,,,,,,,x,x,x,,,,,,,,,,,,,,,,,,
Support T&D Asset,"3B, 3C","3B-43, 3C-20","Indicate if the energy storage system intended to support a specific substation, transmission or distribution asset",Yes / No,,,,,,,,,,x,x,x,,,,,,,,,,,,,,,,,,
Planned Net Summer Capacity Uprate (MW),3B,44a,Increase in summer capacity expected to be realized from the modification to the equipment,,,,x,,,,,,,,,,,,,,,,,,,,,,,,,,,
Planned Net Winter Capacity Uprate (MW),3B,44b,Increase in winter capacity expected to be realized from the uprate modification to the equipment,,,,x,,,,,,,,,,,,,,,,,,,,,,,,,,,
Planned Uprate Month,3B,44c,Planned effective month that the generator is scheduled to enter operation after the uprate modification,,,,x,,,,,,,,,,,,,,,,,,,,,,,,,,,
Planned Uprate Year,3B,44c,Planned effective year that the generator is scheduled to enter operation after the uprate modification,,,,x,,,,,,,,,,,,,,,,,,,,,,,,,,,
Planned Net Summer Capacity Derate (MW),3B,45a,Decrease in summer capacity expected to be realized from the derate modification to the equipment,,,,x,,,,,,,,,,,,,,,,,,,,,,,,,,,
Planned Net Winter Capacity Derate (MW),3B,45b,Decrease in winter capacity expected to be realized from the derate modification to the equipment,,,,x,,,,,,,,,,,,,,,,,,,,,,,,,,,
Planned Derate Month,3B,45c,Planned effective month that the generator is scheduled to enter operation after the derate modification,,,,x,,,,,,,,,,,,,,,,,,,,,,,,,,,
Planned Derate Year,3B,45c,Planned effective year that the generator is scheduled to enter operation after the derate modification,,,,x,,,,,,,,,,,,,,,,,,,,,,,,,,,
Planned New Prime Mover,3B,46a,New prime mover for the planned repowered generator,See Reference Table 2,,,x,,,,,,,,,,,,,,,,,,,,,,,,,,,
Planned Energy Source 1,3B,46b,New energy source code for the planned repowered generator,See Reference Table 28,,,x,,,,,,,,,,,,,,,,,,,,,,,,,,,
Planned New Nameplate Capacity (MW),3B,46c,The expected new namplate capacity for the generator,,,,x,,,,,,,,,,,,,,,,,,,,,,,,,,,
Planned Repower Month,3B,46d,Planned effective month that the generator is scheduled to enter operation after the repowering is complete,,,,x,,,,,,,,,,,,,,,,,,,,,,,,,,,
Planned Repower Year,3B,46d,Planned effective year that the generator is scheduled to enter operation after the repowering is complete,,,,x,,,,,,,,,,,,,,,,,,,,,,,,,,,
Other Planned Modifications?,3B,47a,Indicates whether there are there other modifications planned for the generator,Yes / No,,,x,,,,,,,,,,,,,,,,,,,,,,,,,,,
Other Modifications Month,3B,47b,Planned effective month that the generator is scheduled to enter commercial operation after any other planned modification is complete,,,,x,,,,,,,,,,,,,,,,,,,,,,,,,,,
Other Modifications Year,3B,47b,Planned effective year that the generator is scheduled to enter commercial operation after any other planned modofication is complete,,,,x,,,,,,,,,,,,,,,,,,,,,,,,,,,
Multiple Fuels?,"3B, 3C","3B-48a, 3C-27",Can the generator burn multiple fuels?,Yes / No,,,x,x,x,,,,,,,,x,x,x,,,,,,,,,,,,,,,
Cofire Fuels?,"3B, 3C","3B-48b, 3C-28a",Can the generator co-fire fuels?,Yes / No,,,x,x,x,,,,,,,,x,x,x,,,,,,,,,,,,,,,
Cofire Energy Source 1,"3B, 3C","3B-48c, 3C-28b",The codes representing the type of fuel that will be co-fired,See Reference Table 28,,,,,,,,,,,,,x,x,x,,,,,,,,,,,,,,,
Cofire Energy Source 2,"3B, 3C","3B-48c, 3C-28b",The codes representing the type of fuel that will be co-fired,See Reference Table 28,,,,,,,,,,,,,x,x,x,,,,,,,,,,,,,,,
Cofire Energy Source 3,"3B, 3C","3B-48c, 3C-28b",The codes representing the type of fuel that will be co-fired,See Reference Table 28,,,,,,,,,,,,,x,x,x,,,,,,,,,,,,,,,
Cofire Energy Source 4,"3B, 3C","3B-48c, 3C-28b",The codes representing the type of fuel that will be co-fired,See Reference Table 28,,,,,,,,,,,,,x,x,x,,,,,,,,,,,,,,,
Cofire Energy Source 5,"3B, 3C","3B-48c, 3C-28b",The codes representing the type of fuel that will be co-fired,See Reference Table 28,,,,,,,,,,,,,x,x,x,,,,,,,,,,,,,,,
Cofire Energy Source 6,"3B, 3C","3B-48c, 3C-28b",The codes representing the type of fuel that will be co-fired,See Reference Table 28,,,,,,,,,,,,,x,x,x,,,,,,,,,,,,,,,
Switch Between Oil and Natural Gas?,"3B, 3C","3B-49a, 3C-27",Indicates whether the generator switch between oil and natural gas,Yes / No,,,x,x,x,,,,,,,,x,x,x,,,,,,,,,,,,,,,
Switch When Operating?,3B,49b,Indicates whether the fuel switching generator can switch when operating,Yes / No,,,,,,,,,,,,,x,,x,,,,,,,,,,,,,,,
Net Summer Capacity with Natural Gas (MW),3B,50a,The maximum net summer output achievable when running on natural gas,,,,,,,,,,,,,,x,,x,,,,,,,,,,,,,,,
Net Winter Capacity with Natural Gas (MW),3B,50b,The maximum net winter output achievable when running on natural gas,,,,,,,,,,,,,,x,,x,,,,,,,,,,,,,,,
Net Summer Capacity with Oil (MW),3B,51a,The maximum net summer output achievable when running on oil,,,,,,,,,,,,,,x,,x,,,,,,,,,,,,,,,
Net Winter Capacity with Oil (MW),3B,51b,The maximum net winter output achievable when running on oil,,,,,,,,,,,,,,x,,x,,,,,,,,,,,,,,,
Time to Switch From Gas to Oil,3B,52a,The time required to switch the generator from running 100 percent natural gas to running 100 percent oil,1H = 0 to 1 hours 6H = Over 1 hours to 6 hours 24H = Over 6 hours to 24 hours 72H = Over 24 hours to 72 hours OVER = Over 72 hours UNK = Unknown or uncertain,,,,,,,,,,,,,x,,x,,,,,,,,,,,,,,,
Time to Switch From Oil to Gas,3B,52b,The time required to switch the generator from running 100 percent oil to running 100 percent natural gas,1H = 0 to 1 hours 6H = Over 1 hours to 6 hours 24H = Over 6 hours to 24 hours 72H = Over 24 hours to 72 hours OVER = Over 72 hours UNK = Unknown or uncertain,,,,,,,,,,,,,x,,x,,,,,,,,,,,,,,,
Fuel Switching Limiting Factors?,3B,53a,Indicates whether there are factors that limit the generator's ability to switch between oil and natural gas,Yes / No,,,,,,,,,,,,,x,,x,,,,,,,,,,,,,,,
Storage Limits?,3B,53b,Indicates whether limited on-site fuel storage is a factor that limits the generator's ability to switch between oil and natural gas,Yes / No,,,,,,,,,,,,,x,,x,,,,,,,,,,,,,,,
Air Permit Limits?,3B,53b,Indicates whether aire permit limits are a factor that limits the generator's ability to switch between oil and natural gas,Yes / No,,,,,,,,,,,,,x,,x,,,,,,,,,,,,,,,
Other Limits?,3B,53b,Indicates whether there are other factor that limits the generator's ability to switch between oil and natural gas,Yes / No,,,,,,,,,,,,,x,,x,,,,,,,,,,,,,,,
Owner Name,4,,Name of owner,,,,,,,,,,,,,,,,,x,,,,,,,,,,,,,,
Owner Street Address,4,,Steet address of owner,,,,,,,,,,,,,,,,,x,,,,,,,,,,,,,,
Owner City,4,,City of owner,,,,,,,,,,,,,,,,,x,,,,,,,,,,,,,,
Owner State,4,,State for owner,,,,,,,,,,,,,,,,,x,,,,,,,,,,,,,,
Owner Zip,4,,Zip code of owner,,,,,,,,,,,,,,,,,x,,,,,,,,,,,,,,
Ownership ID,4,,EIA-assigned owner's identification number,,,,,,,,,,,,,,,,,x,,,,,,,,,,,,,,
Percent Owned,4,,Percent of generator ownership,,,,,,,,,,,,,,,,,x,,,,,,,,,,,,,,
Boiler ID,6A,1-1,Boiler identification number,,,,,,,,,,,,,,,,,,x,x,x,x,x,x,x,,x,x,,,,
Cooling ID,6A,1-3,Cooling system identification number,,,,,,,,,,,,,,,,,,,x,,,,,,,,,x,,,
Particulate Matter Control ID,6A,1-4,Particulate matter control identification number,,,,,,,,,,,,,,,,,,,,x,,,,,x,,,,x,,
SO2 Control ID,6A,1-5,Sulfur dioxide control identification number,,,,,,,,,,,,,,,,,,,,,x,,,,x,,,,,x,
NOx Control ID,6A,1-6,Nitrogen oxide control identification number,,,,,,,,,,,,,,,,,,,,,,x,,,x,,,,,,
Mercury Control ID,6A,1-7,Mercury control identification number,,,,,,,,,,,,,,,,,,,,,,,x,,x,,,,,,
Stack / Flue ID,6A,1-8,Stack or flue identification number,,,,,,,,,,,,,,,,,,,,,,,,x,,,,,,,x
Equipment Type,6A,2(A),Type of emissions control equipment,See Reference Table 7,,,,,,,,,,,,,,,,,,,,,,,,x,,,,,,
Acid Gas Control?,6A,2(F),Indicates whether the emissions control equipment controls acid (HCl) gas,Yes / No,,,,,,,,,,,,,,,,,,,,,,,,x,,,,,,
Status,6A,2(G),The operating status of the emissions control equipment,See Reference Table 8,,,,,,,,,,,,,,,,,,,,,,,,x,,,,,,
Inservice Month,6A,2(H),Month the emisions control equipment began commercial operation,,,,,,,,,,,,,,,,,,,,,,,,,x,,,,,,
Inservice Year,6A,2(H),Year the emisions control equipment began commercial operation,,,,,,,,,,,,,,,,,,,,,,,,,x,,,,,,
Retirement Month,6A,2(I),Month the emisions control equipment retired,,,,,,,,,,,,,,,,,,,,,,,,,x,,,,,,
Retirement Year,6A,2(I),Year the emisions control equipment retired,,,,,,,,,,,,,,,,,,,,,,,,,x,,,,,,
Total Cost (Thousand Dollars),6A,2(J),The nominal installed cost for the existing emissions control equipment or the anticipated cost to bring the planned piece of emissions control equipment into commercial operation,,,,,,,,,,,,,,,,,,,,,,,,,x,,,,,,
Type of Boiler,6B,2a,Indicates the standards under which the boiler is operating as described in the U.S. Environmental Protection Agency regulation under 40 CFR,See Reference Table 9,,,,,,,,,,,,,,,,,,,,,,,,,x,x,,,,
New Source Review,6B,2b,Indicates whether the boiler is subject to New Source Review requirements,Yes / No,,,,,,,,,,,,,,,,,,,,,,,,,x,,,,,
New Source Review Permit,6B,2c,New Source Review permit number,,,,,,,,,,,,,,,,,,,,,,,,,,x,,,,,
New Source Review Month,6B,2c,Month of issued New Source Review permit,,,,,,,,,,,,,,,,,,,,,,,,,,x,,,,,
New Source Review Year,6B,2c,Year of issued New Source Review permit,,,,,,,,,,,,,,,,,,,,,,,,,,x,,,,,
Regulation Sulfur,6B,3a,Most stringent type of statute or regulation code under which the boiler is operating for sulfur dioxide control standards,FD = Federal ST = State LO = Local NA = Unvavailable or Unknown,,,,,,,,,,,,,,,,,,,,,,,,,x,,,,,
Standard Sulfur Rate,6B,3b,Numeric value for the unit of measurement specified by the most stringent sulfur dioxide regulation,"Unit of measurement specified by field ""Unit Sulfur""",,,,,,,,,,,,,,,,,,,,,,,,,x,,,,,
Standard Sulfur Percent Scrubbed,6B,3c,The percent of sulfur dioxide to be scrubbed specified by the most stringent sulfur dioxide regualtion,,,,,,,,,,,,,,,,,,,,,,,,,,x,,,,,
Unit Sulfur,6B,3d,Unit of measurement specified by the most stringent sulfur dioxide regulation,See Reference Table 10,,,,,,,,,,,,,,,,,,,,,,,,,x,,,,,
Period Sulfur,6B,3e,The time period specified by the most stringent sulfur dioxide regulation,See Reference Table 11,,,,,,,,,,,,,,,,,,,,,,,,,x,,,,,
Compliance Year Sulfur,6B,4,"Year boiler was or is expected to be in compliance with federal, state and/or local regulations for sulfur dioxide emissions",,,,,,,,,,,,,,,,,,,,,,,,,,x,,,,,
Sulfur Dioxide Control Existing Strategy 1,6B,5a,Existing strategy to comply with the most stringent sulfur dioxide regulation,See Reference Table 12,,,,,,,,,,,,,,,,,,,,,,,,,x,,,,,
Sulfur Dioxide Control Existing Strategy 2,6B,5a,Existing strategy to comply with the most stringent sulfur dioxide regulation,See Reference Table 12,,,,,,,,,,,,,,,,,,,,,,,,,x,,,,,
Sulfur Dioxide Control Existing Strategy 3,6B,5a,Existing strategy to comply with the most stringent sulfur dioxide regulation,See Reference Table 12,,,,,,,,,,,,,,,,,,,,,,,,,x,,,,,
Sulfur Dioxide Control Proposed Strategy 1,6B,5b,Proposed strategy to comply with the most stringent sulfur dioxide regulation,See Reference Table 12,,,,,,,,,,,,,,,,,,,,,,,,,x,,,,,
Sulfur Dioxide Control Proposed Strategy 2,6B,5b,Proposed strategy to comply with the most stringent sulfur dioxide regulation,See Reference Table 12,,,,,,,,,,,,,,,,,,,,,,,,,x,,,,,
Sulfur Dioxide Control Proposed Strategy 3,6B,5b,Proposed strategy to comply with the most stringent sulfur dioxide regulation,See Reference Table 12,,,,,,,,,,,,,,,,,,,,,,,,,x,,,,,
Regulation Nitrogen,6B,6a,Most stringent type of statute or regulation code under which the boiler is operating for nitrogen oxide control standards,FD = Federal ST = State LO = Local NA = Unvavailable or Unknown,,,,,,,,,,,,,,,,,,,,,,,,,x,,,,,
Standard Nitrogen Rate,6B,6b,Numeric value for the unit of measurement specified by the most stringent nitrogen oxide regulation,"Unit of measurement specified by field ""Unit Nitrogen""",,,,,,,,,,,,,,,,,,,,,,,,,x,,,,,
Unit Nitrogen,6B,6c,Unit of measurement specified by the most stringent sulfur dioxide regulation,See Reference Table 13,,,,,,,,,,,,,,,,,,,,,,,,,x,,,,,
Period Nitrogen,6B,6d,The time period specified by the most stringent nitrogen oxide regulation,See Reference Table 11,,,,,,,,,,,,,,,,,,,,,,,,,x,,,,,
Compliance Year Nitrogen,6B,7,"Year boiler was or is expected to be in compliance with federal, state and/or local regulations for nitrogen oxide emissions",,,,,,,,,,,,,,,,,,,,,,,,,,x,,,,,
Nitrogen Oxide Control Existing Strategy 1,6B,8a,Existing strategy to comply with the most stringent nitrogen oxide regulation,See Reference Table 14,,,,,,,,,,,,,,,,,,,,,,,,,x,,,,,
Nitrogen Oxide Control Existing Strategy 2,6B,8a,Existing strategy to comply with the most stringent nitrogen oxide regulation,See Reference Table 14,,,,,,,,,,,,,,,,,,,,,,,,,x,,,,,
Nitrogen Oxide Control Existing Strategy 3,6B,8a,Existing strategy to comply with the most stringent nitrogen oxide regulation,See Reference Table 14,,,,,,,,,,,,,,,,,,,,,,,,,x,,,,,
Nitrogen Oxide Control Proposed Strategy 1,6B,8b,Proposed strategy to comply with the most stringent nitrogen oxide regulation,See Reference Table 14,,,,,,,,,,,,,,,,,,,,,,,,,x,,,,,
Nitrogen Oxide Control Proposed Strategy 2,6B,8b,Proposed strategy to comply with the most stringent nitrogen oxide regulation,See Reference Table 14,,,,,,,,,,,,,,,,,,,,,,,,,x,,,,,
Nitrogen Oxide Control Proposed Strategy 3,6B,8b,Proposed strategy to comply with the most stringent nitrogen oxide regulation,See Reference Table 14,,,,,,,,,,,,,,,,,,,,,,,,,x,,,,,
Regulation Particulate,6B,9a,Most stringent type of statute or regulation code under which the boiler is operating for particulate matter control standards,FD = Federal ST = State LO = Local NA = Unvavailable or Unknown,,,,,,,,,,,,,,,,,,,,,,,,,x,,,,,
Standard Particulate Rate,6B,9b,Numeric value for the unit of measurement specified by the most stringent particulate matter regulation,"Unit of measurement specified by field ""Unit Particulate""",,,,,,,,,,,,,,,,,,,,,,,,,x,,,,,
Unit Particulate,6B,9c,Unit of measurement specified by the most stringent particulate matter regulation,See Reference Table 15,,,,,,,,,,,,,,,,,,,,,,,,,x,,,,,
Period Particulate,6B,9d,The time period specified by the most stringent particulate matter regulation,See Reference Table 11,,,,,,,,,,,,,,,,,,,,,,,,,x,,,,,
Compliance Year Particulate,6B,10,"Year boiler was or is expected to be in compliance with federal, state and/or local regulations for particulate matter emissions",,,,,,,,,,,,,,,,,,,,,,,,,,x,,,,,
Regulation Mercury,6B,11,Most stringent type of statute or regulation code under which the boiler is operating for mercury control standards,FD = Federal ST = State LO = Local NA = Unvavailable or Unknown,,,,,,,,,,,,,,,,,,,,,,,,,x,,,,,
Compliance Year Mercury,6B,12,"Year boiler was or is expected to be in compliance with federal, state and/or local regulations for mercury emissions",,,,,,,,,,,,,,,,,,,,,,,,,,x,,,,,
Mercury Control Existing Strategy 1,6B,13,Existing strategy to comply with the most stringent mercury regulation,See Reference Table 16,,,,,,,,,,,,,,,,,,,,,,,,,x,,,,,
Mercury Control Existing Strategy 2,6B,13,Existing strategy to comply with the most stringent mercury regulation,See Reference Table 16,,,,,,,,,,,,,,,,,,,,,,,,,x,,,,,
Mercury Control Existing Strategy 3,6B,13,Existing strategy to comply with the most stringent mercury regulation,See Reference Table 16,,,,,,,,,,,,,,,,,,,,,,,,,x,,,,,
Mercury Control Proposed Strategy 1,6B,14,Proposed strategy to comply with the most stringent mercury regulation,See Reference Table 16,,,,,,,,,,,,,,,,,,,,,,,,,x,,,,,
Mercury Control Proposed Strategy 2,6B,14,Proposed strategy to comply with the most stringent mercury regulation,See Reference Table 16,,,,,,,,,,,,,,,,,,,,,,,,,x,,,,,
Mercury Control Proposed Strategy 3,6B,14,Proposed strategy to comply with the most stringent mercury regulation,See Reference Table 16,,,,,,,,,,,,,,,,,,,,,,,,,x,,,,,
Boiler Status,6C,1a,Boiler status,See Reference Table 17,,,,,,,,,,,,,,,,,,,,,,,,,x,x,,,,
Heat Recovery Steam Generator,6C,1b,Indicates if the boiler is a heat recovery steam generator,Yes / No,,,,,,,,,,,,,,,,,,,,,,,,,,x,,,,
Inservice Month,6C,2,The actual or projected in-service month of this boiler,,,,,,,,,,,,,,,,,,,,,,,,,,,x,,,,
Inservice Year,6C,2,The actual or projected in-service year of this boiler,,,,,,,,,,,,,,,,,,,,,,,,,,,x,,,,
Retirement Month,6C,3,The actual or projected retirement month of this boiler,,,,,,,,,,,,,,,,,,,,,,,,,,,x,,,,
Retirement Year,6C,3,The actual or projected retirement year of this boiler,,,,,,,,,,,,,,,,,,,,,,,,,,,x,,,,
Firing Type 1,6C,4,Indicates the type of firing used by this boiler,See Reference Table 18,,,,,,,,,,,,,,,,,,,,,,,,,,x,,,,
Firing Type 2,6C,4,Indicates the type of firing used by this boiler,See Reference Table 18,,,,,,,,,,,,,,,,,,,,,,,,,,x,,,,
Firing Type 3,6C,4,Indicates the type of firing used by this boiler,See Reference Table 18,,,,,,,,,,,,,,,,,,,,,,,,,,x,,,,
Max Steam Flow (Thousand Pounds per Hour),6C,5,Maximum continuous steam flow at 100 percent load (thousand pounds per hour),,,,,,,,,,,,,,,,,,,,,,,,,,,x,,,,
Firing Rate Using Coal (0.1 Tons per Hour),6C,6,Design firing rate at maximum continuous steam flow for coal (nearest 0.1 ton per hour),,,,,,,,,,,,,,,,,,,,,,,,,,,x,,,,
Firing Rate Using Petroleum (0.1 Barrels per Hour),6C,7,Design firing rate at maximum continuous steam flow for pet coke (nearest 0.1 barrels per hour),,,,,,,,,,,,,,,,,,,,,,,,,,,x,,,,
Firing Rate Using Gas (0.1 MCF per Hour),6C,8,Design firing rate at maximum continuous steam flow for gas (nearest 0.1 cubic feet per hour),,,,,,,,,,,,,,,,,,,,,,,,,,,x,,,,
Firing Rate Using Other Fuels,6C,9,"Design firing rate at maximum continuous steam flow for energy sources other than coal, petroleum, or natural gas",,,,,,,,,,,,,,,,,,,,,,,,,,,x,,,,
Waste Heat Input (Million BTU per Hour),6C,10,Design waste-heat input rate at maximum continuous steam flow where a waste-heat boiler is a boiler that receives all or a substantial portion of its energy input from the noncumbustible exhaust gases of a separate fuel-burning process (million Btu per hour),,,,,,,,,,,,,,,,,,,,,,,,,,,x,,,,
Primary Fuel 1,6C,11,Primary fuels used by this boiler in order of predominance,See Reference Table 28,,,,,,,,,,,,,,,,,,,,,,,,,,x,,,,
Primary Fuel 2,6C,11,Primary fuels used by this boiler in order of predominance,See Reference Table 28,,,,,,,,,,,,,,,,,,,,,,,,,,x,,,,
Primary Fuel 3,6C,11,Primary fuels used by this boiler in order of predominance,See Reference Table 28,,,,,,,,,,,,,,,,,,,,,,,,,,x,,,,
Primary Fuel 4,6C,11,Primary fuels used by this boiler in order of predominance,See Reference Table 28,,,,,,,,,,,,,,,,,,,,,,,,,,x,,,,
Turndown Ratio,6C,12,The turndown ratio for the boiler,,,,,,,,,,,,,,,,,,,,,,,,,,,x,,,,
Efficiency 100% Load,6C,13,Boiler efficiency when burning at 100 percent load (nearest 0.1 percent),,,,,,,,,,,,,,,,,,,,,,,,,,,x,,,,
Efficiency 50% Load,6C,14,Boiler efficiency when burning at 50 percent load (nearest 0.1 percent),,,,,,,,,,,,,,,,,,,,,,,,,,,x,,,,
Air Flow 100% Load (Cubic Feet per Minute),6C,15,"Total air flow including excess air at 100 percent load, reported at standard temperature and pressure (i.e. 68 F and one atmosphere pressure)",,,,,,,,,,,,,,,,,,,,,,,,,,,x,,,,
Wet Dry Bottom,6C,16,"Wet or Dry Bottom where Wet Bottom is defined as slag tanks that are installed at furnace throat to contain and remove molten ash from the furnace, and Dry Bottom is defined as having no slag tanks at furnace throat area, throat area is clear, and bottom ash drops through throat to bottom ash water hoppers.",W = Wet D = Dry,,,,,,,,,,,,,,,,,,,,,,,,,,x,,,,
Fly Ash Reinjection,6C,17,Indicates whether the boiler is capable of re-injecting fly ash,Yes / No,,,,,,,,,,,,,,,,,,,,,,,,,,x,,,,
Cooling Status,6D,2,Cooling system status,See Reference Table 19,,,,,,,,,,,,,,,,,,,,,,,,,,,x,,,
Inservice Month,6D,3,The actual or projected in-service month of this cooling system,,,,,,,,,,,,,,,,,,,,,,,,,,,,x,,,
Inservice Year,6D,3,The actual or projected in-service month of this cooling system,,,,,,,,,,,,,,,,,,,,,,,,,,,,x,,,
Cooling Type 1,6D,4a,Type of cooling system,See Reference Table 20,,,,,,,,,,,,,,,,,,,,,,,,,,,x,,,
Cooling Type 2,6D,4a,Type of cooling system,See Reference Table 20,,,,,,,,,,,,,,,,,,,,,,,,,,,x,,,
Cooling Type 3,6D,4a,Type of cooling system,See Reference Table 20,,,,,,,,,,,,,,,,,,,,,,,,,,,x,,,
Cooling Type 4,6D,4a,Type of cooling system,See Reference Table 20,,,,,,,,,,,,,,,,,,,,,,,,,,,x,,,
Percent Dry Cooling,6D,4b,Percent of cooling load served by dry cooling components,,,,,,,,,,,,,,,,,,,,,,,,,,,,x,,,
Cooling Water Source,6D,5,"Name of river, lake, or water source that provides cooling water",,,,,,,,,,,,,,,,,,,,,,,,,,,,x,,,
Cooling Water Discharge,6D,6,"Name of river, lake, or water source that cooling water is discharged into.","When the discharge body of water is the same as the water source body of water, this field is left blank",,,,,,,,,,,,,,,,,,,,,,,,,,,x,,,
Water Source Code,6D,7,Type of cooling water source,See Reference Table 21,,,,,,,,,,,,,,,,,,,,,,,,,,,x,,,
Water Type Code,6D,8,Type of cooling water,See Reference Table 22,,,,,,,,,,,,,,,,,,,,,,,,,,,x,,,
Intake Rate at 100% (Gallons per Minute),6D,9,Design cooling water flow rate at 100 percent load at in-take (gallons per minute),,,,,,,,,,,,,,,,,,,,,,,,,,,,x,,,
Chlorine Inservice Month,6D,10,Actual or projected in-service month for chlorine discharge control structures and equipment,,,,,,,,,,,,,,,,,,,,,,,,,,,,x,,,
Chlorine Inservice Year,6D,10,Actual or projected in-service year for chlorine discharge control structures and equipment,,,,,,,,,,,,,,,,,,,,,,,,,,,,x,,,
Pond Inservice Month,6D,11,Cooling ponds actual or projected in-service month,,,,,,,,,,,,,,,,,,,,,,,,,,,,x,,,
Pond Inservice Year,6D,11,Cooling ponds actual or projected in-service year,,,,,,,,,,,,,,,,,,,,,,,,,,,,x,,,
Pond Surface Area (Acres),6D,12,Total surface area of cooling pond (in acres),,,,,,,,,,,,,,,,,,,,,,,,,,,,x,,,
Pond Volume (Acre Feet),6D,13,Total volume of water in cooling pond (in acre-feet),,,,,,,,,,,,,,,,,,,,,,,,,,,,x,,,
Tower Inservice Month,6D,14,Cooling towers actual or projected in-service month,,,,,,,,,,,,,,,,,,,,,,,,,,,,x,,,
Tower Inservice Year,6D,14,Cooling towers actual or projected in-service year,,,,,,,,,,,,,,,,,,,,,,,,,,,,x,,,
Tower Type 1,6D,15,Types of cooling towers at this plant,See Reference Table 23,,,,,,,,,,,,,,,,,,,,,,,,,,,x,,,
Tower Type 2,6D,15,Types of cooling towers at this plant,See Reference Table 23,,,,,,,,,,,,,,,,,,,,,,,,,,,x,,,
Tower Type 3,6D,15,Types of cooling towers at this plant,See Reference Table 23,,,,,,,,,,,,,,,,,,,,,,,,,,,x,,,
Tower Type 4,6D,15,Types of cooling towers at this plant,See Reference Table 23,,,,,,,,,,,,,,,,,,,,,,,,,,,x,,,
Tower Water Rate (Gallons per Minute),6D,16,Maximum design rate of water flow at 100 percent load for the cooling towers,,,,,,,,,,,,,,,,,,,,,,,,,,,,x,,,
Power Requirement (MW),6D,17,Maximum power requirement for cooling towers at 100 percent load,,,,,,,,,,,,,,,,,,,,,,,,,,,,x,,,
Cost Total (Thousand Dollars),6D,18,Actual installed cost for the existing system or the anticipated cost to bring the total system into commercial operation (thousands dollars),,,,,,,,,,,,,,,,,,,,,,,,,,,,x,,,
Cost Ponds (Thousand Dollars),6D,19,Actual installed cost for the existing cooling ponds or the anticipated cost to bring the cooling ponds into commercial operation (thousands dollars),,,,,,,,,,,,,,,,,,,,,,,,,,,,x,,,
Cost Towers (Thousand Dollars),6D,20,Actual installed cost for the existing cooling towers or the anticipated cost to bring the cooling towers into commercial operation (thousands dollars),,,,,,,,,,,,,,,,,,,,,,,,,,,,x,,,
Cost Chlorine Equipment (Thousand Dollars),6D,21,Actual installed cost for the existing chlorine discharge control system or the anticipated cost to bring the chlorine discharge control system into commercial operation (thousands dollars),,,,,,,,,,,,,,,,,,,,,,,,,,,,x,,,
Intake Distance Shore (Feet),6D,22a,Maximum distance from shore to intake (in feet),,,,,,,,,,,,,,,,,,,,,,,,,,,,x,,,
Outlet Distance Shore (Feet),6D,22b,Maximum distance from shore to outlet (in feet),,,,,,,,,,,,,,,,,,,,,,,,,,,,x,,,
Intake Distance Surface (Feet),6D,23a,Average distance below water surface to intake (in feet),,,,,,,,,,,,,,,,,,,,,,,,,,,,x,,,
Outlet Distance Surface (Feet),6D,23b,Average distance below water surface to outlet (in feet),,,,,,,,,,,,,,,,,,,,,,,,,,,,x,,,
Collector Type 1,6E,2,Type of particulate matter control equipment,See Reference Table 24,,,,,,,,,,,,,,,,,,,,,,,,,,,,x,,
Collector Type 2,6E,2,Type of particulate matter control equipment,See Reference Table 24,,,,,,,,,,,,,,,,,,,,,,,,,,,,x,,
Collector Type 3,6E,2,Type of particulate matter control equipment,See Reference Table 24,,,,,,,,,,,,,,,,,,,,,,,,,,,,x,,
Fuel Specification Ash Coal,6E,3,Design fuel specifications for ash when burning coal or petroleum coke (nearest 0.1 percent by weight),,,,,,,,,,,,,,,,,,,,,,,,,,,,,x,,
Fuel Specification Ash Petroleum,6E,4,Design fuel specifications for ash when burning petroleum liquids (nearest 0.1 percent by weight),,,,,,,,,,,,,,,,,,,,,,,,,,,,,x,,
Fuel Specification Sulfur Coal,6E,5,Design fuel specifications for sulfur when burning coal or petroleum coke (nearest 0.1 percent by weight),,,,,,,,,,,,,,,,,,,,,,,,,,,,,x,,
Fuel Specification Sulfur Petroleum,6E,6,Design fuel specifications for sulfur when burning petroleum liquids (nearest 0.1 percent by weight),,,,,,,,,,,,,,,,,,,,,,,,,,,,,x,,
Collection Efficiency,6E,7,Collection efficiency at 100 percent generator load (nearest 0.1 percent),,,,,,,,,,,,,,,,,,,,,,,,,,,,,x,,
Emission Rate (Pounds per Hour),6E,8,Design particulate emission rate at 100 percent generator load (pounds per hour),,,,,,,,,,,,,,,,,,,,,,,,,,,,,x,,
Gas Exit Rate (Cubic Feet per Minute),6E,9,Particulate collector gas exit rate at 100 percent generator load (actual cubic feet per minute),,,,,,,,,,,,,,,,,,,,,,,,,,,,,x,,
Gas Exit Temperature (Fahrenheit),6E,10,Particulate collector gas exit temperature at 100 percent generator load (degrees fahrenheit),,,,,,,,,,,,,,,,,,,,,,,,,,,,,x,,
SO2 Type 1,6F,2,Type of sulfur dioxide control equipment,See Reference Table 25,,,,,,,,,,,,,,,,,,,,,,,,,,,,,x,
SO2 Type 2,6F,2,Type of sulfur dioxide control equipment,See Reference Table 25,,,,,,,,,,,,,,,,,,,,,,,,,,,,,x,
SO2 Type 3,6F,2,Type of sulfur dioxide control equipment,See Reference Table 25,,,,,,,,,,,,,,,,,,,,,,,,,,,,,x,
SO2 Type 4,6F,2,Type of sulfur dioxide control equipment,See Reference Table 25,,,,,,,,,,,,,,,,,,,,,,,,,,,,,x,
Sorbent Type 1,6F,3,Type of sorbent used by this sulfur dioxide control equipment,See Reference Table 26,,,,,,,,,,,,,,,,,,,,,,,,,,,,,x,
Sorbent Type 2,6F,3,Type of sorbent used by this sulfur dioxide control equipment,See Reference Table 26,,,,,,,,,,,,,,,,,,,,,,,,,,,,,x,
Sorbent Type 3,6F,3,Type of sorbent used by this sulfur dioxide control equipment,See Reference Table 26,,,,,,,,,,,,,,,,,,,,,,,,,,,,,x,
Sorbent Type 4,6F,3,Type of sorbent used by this sulfur dioxide control equipment,See Reference Table 26,,,,,,,,,,,,,,,,,,,,,,,,,,,,,x,
Byproduct Recovery?,6F,4,Indicates whether there is any salable byproduct recovery,Yes / No,,,,,,,,,,,,,,,,,,,,,,,,,,,,,x,
Pond Landfill Requirements (Acre Foot per Year),6F,5,Annual pond and land fill requirements,,,,,,,,,,,,,,,,,,,,,,,,,,,,,,x,
Sludge Pond,6F,6a,Indicates if there is a sludge pond associated with this unit,Yes / No,,,,,,,,,,,,,,,,,,,,,,,,,,,,,x,
Sludge Pond Lined,6F,6b,Indicates whether the sludge pond is lined,Yes / No,,,,,,,,,,,,,,,,,,,,,,,,,,,,,x,
Flue Gas Bypass FGD?,6F,7,Indicates whether flue gas can bypass flue gas desulfurization unit,Yes / No,,,,,,,,,,,,,,,,,,,,,,,,,,,,,x,
Specifications of Coal Ash,6F,8,Design fuel specifications for ash when burning coal or petroleum coke (nearest 0.1 percent by weight),,,,,,,,,,,,,,,,,,,,,,,,,,,,,,x,
Specifications of Coal Sulfur,6F,9,Design fuel specifications for sulfur when burning coal or petroleum coke (nearest 0.1 percent by weight),,,,,,,,,,,,,,,,,,,,,,,,,,,,,,x,
FGD Trains Total,6F,10,Total number of flue gas desulfurization unit scrubber trains,,,,,,,,,,,,,,,,,,,,,,,,,,,,,,x,
FGD Trains 100%,6F,11,Total number of flue gas desulfurization unit scrubber trains operated at 100 percent load,,,,,,,,,,,,,,,,,,,,,,,,,,,,,,x,
Removal Efficiency of Sulfur,6F,12,Desgin removal efficiency for sulfur dioxide when operating at 100 percent load (nearest 0.1 percent by weigh of gases removed from the flue gas),,,,,,,,,,,,,,,,,,,,,,,,,,,,,,x,
Sulfur Emission Rate (Pounds per Hour),6F,13,Sulfur dioxide emission rate when operating at 100 percent load (pounds per hour),,,,,,,,,,,,,,,,,,,,,,,,,,,,,,x,
Flue Gas Exit Rate (Cubic Feet per Minute),6F,14,Flue gas exit rate when operating at 100 percent load (actual cubic feet per minute),,,,,,,,,,,,,,,,,,,,,,,,,,,,,,x,
Flue Gas Exit Temperature (Fahrenheit),6F,15,Flue gas exit temperature when operating at 100 percent load (degrees Fahrenheit),,,,,,,,,,,,,,,,,,,,,,,,,,,,,,x,
Flue Gas Entering FGD (Percent of Total),6F,16,Percentage of flue gas entering flue gas desulfurization unit when operating at 100 percent load,,,,,,,,,,,,,,,,,,,,,,,,,,,,,,x,
Cost Structure (Thousand Dollars),6F,17,Actual installed costs for the existing flue gas desulfurizaton unit structures and equipment or the anticipated costs of structures and equipment to bring a planned unit into commercial operation,,,,,,,,,,,,,,,,,,,,,,,,,,,,,,x,
Cost Disposal (Thousand Dollars),6F,18,Actual installed costs for the existing sludge transport and disposal systems or the anticipated costs of sludge transport and disposal systems to bring a planned system into commercial operation,,,,,,,,,,,,,,,,,,,,,,,,,,,,,,x,
Cost Other (Thousand Dollars),6F,19,Other actual installed costs for installation of a flue gas desulfurization unit or the anticipated other costs pertaining to the installation of a flue gas desulfurization unit,,,,,,,,,,,,,,,,,,,,,,,,,,,,,,x,
Cost Total (Thousand Dollars),6F,20,Total actual installed costs for the existing flue gas desulfurization unit or the anticipated costs to bring a planned flue gas desulfurization unit into commercial operation,"This is the sum of Schedule 6F, Lines 17, 18, and 19",,,,,,,,,,,,,,,,,,,,,,,,,,,,,x,
Inservice Month,6G,2,The actual or projected in-service month of this stack or flue,,,,,,,,,,,,,,,,,,,,,,,,,,,,,,,x
Inservice Year,6G,2,The actual or projected in-service year of this stack or flue,,,,,,,,,,,,,,,,,,,,,,,,,,,,,,,x
Stack Flue Status,6G,3,Stack or flue status,See Reference Table 27,,,,,,,,,,,,,,,,,,,,,,,,,,,,,,x
Stack Height (Feet),6G,4,Stack's height at the top,Measured from the ground,,,,,,,,,,,,,,,,,,,,,,,,,,,,,,x
Area at Top (Square Feet),6G,5,Cross-sectional area at top of the stack,,,,,,,,,,,,,,,,,,,,,,,,,,,,,,,x
Exit Rate 100% (Cubic Feet per Minute),6G,6,Design flue gas exit rate at 100 percent load,,,,,,,,,,,,,,,,,,,,,,,,,,,,,,,x
Exit Rate 50% (Cubic Feet per Minute),6G,7,Design flue gas exit rate at 50 percent load,,,,,,,,,,,,,,,,,,,,,,,,,,,,,,,x
Exit Temperature 100% (Fahrenheit),6G,8,Design flue gas exit temperature at 100 percent load,,,,,,,,,,,,,,,,,,,,,,,,,,,,,,,x
Exit Temperature 50% (Fahrenheit),6G,9,Design flue gas exit temperature at 50 percent load,,,,,,,,,,,,,,,,,,,,,,,,,,,,,,,x
Exit Velocity 100% (Feet per Second),6G,10,Design flue gas exit velocity at 100 percent load,,,,,,,,,,,,,,,,,,,,,,,,,,,,,,,x
Exit Velocity 100% (Feet per Second),6G,11,Design flue gas exit velocity at 50 percent load,,,,,,,,,,,,,,,,,,,,,,,,,,,,,,,x
Exit Temperature Summer (Fahrenheit),6G,12,"Average flue gas exit temperatures based on the arithmetic mean of measurements during operating hours of June, July, and August",,,,,,,,,,,,,,,,,,,,,,,,,,,,,,,x
Exit Temperature Winter (Fahrenheit),6G,13,"Average flue gas exit temperatures based on the arithmetic mean of measurements during operating hours of January, February, and December","For reporting year 2013, the December 2012 exit temperature is used in the calculation",,,,,,,,,,,,,,,,,,,,,,,,,,,,,,x
Exit Temperature Measured or Estimated?,6G,14,Indicates whether the average flue gas exit temperature was measured or estimated,E = Estimated M= Measured,,,,,,,,,,,,,,,,,,,,,,,,,,,,,,x
Steam Plant Type,2,7,Steam Plant Type,"1 = Plants with combustible-fueled steam-electric generators with a sum of 100 MW or more steam-electric nameplate capacity (including combined cycle steam-electric generators with duct firing). 2 = Plants with combustible-fueled steam-electric generators with a sum of 10 MW or more but less than 100 MW steam-electric nameplate capacity (including combined cycle steam-electric generators with duct firing). 3 = Plants with nuclear fueled generators, combined cycle steam-electric generators without duct firing and solar thermal electric generators using a steam cycle with a sum of 100 MW or more steam-electric nameplate capacity. 4 = Plants with non-steam fueled electric generators (wind, PV, geothermal, fuel cell, combustion turbines, IC engines, etc.) and electric generators not meeting conditions of categories above.",,,,,,,,,,,,,,,,,x,x,x,x,x,x,x,x,x,x,x,x,x,x
