state,county,plant_count,generator_count,operable_nameplate_capacity_mw,operable_summer_capacity_mw,operable_winter_capacity_mw,dominant_primary_fuel_code
AK,Aleutians East,2,12,7.6,5.6,5.6,DFO
AK,Aleutians West,4,19,47.1,41.3,41.3,DFO
AK,Anchorage,8,29,869.2,771.4,798.8,NG
AK,Bethel,11,36,29.9,29.9,29.9,DFO
AK,Bristol Bay,1,12,16.5,15.9,10.1,DFO
AK,Denali,2,4,117.4,102.4,102.4,WND
AK,Dillingham,3,16,15.1,15.1,15.1,DFO
AK,Fairbanks North Star,7,28,376.3,329.2,382.5,SUB
AK,Haines,1,5,8.4,8.4,8.4,DFO
AK,Juneau,9,30,254.3,220.1,220.1,WAT
AK,Kenai Peninsula,10,32,750.7,713.3,765.6,NG
AK,Ketchikan Gateway,7,15,65,62.1,60.4,WAT
AK,Kodiak Island,8,17,84.8,84.6,84.7,DFO
AK,Kusilvak,6,16,7.3,7.5,7.5,DFO
AK,Lake and Peninsula,1,5,1.7,1.7,1.7,DFO
AK,Matanuska Susitna,2,3,50.4,50.4,50.4,WAT
AK,NORTHWEST ARCTIC,1,35,18,18,18,SUN
AK,Nome,10,35,31.3,30.7,30.7,DFO
AK,North Slope,10,48,72.2,69,75.8,DFO
AK,Northwest Arctic,7,24,10.1,9.7,9.7,DFO
AK,Prince of Wales Ketchikan,13,19,30.3,30.1,30,DFO
AK,Sitka,3,10,60.1,59.6,59.6,WAT
AK,Skagway Hoonah Angoon,7,25,19,18.6,18.6,DFO
AK,Southeast Fairbanks,7,21,42.5,42.4,45.3,DFO
AK,Valdez Cordova,9,23,58.5,56.4,56.4,WAT
AK,Wrangell Petersburg,4,20,52.4,50.3,50.3,DFO
AK,Yakutat,1,4,3.8,3.8,3.8,DFO
AK,Yukon Koyukuk,3,13,7.5,5.9,6.5,DFO
AL,,3,0,0,0,0,
AL,Autauga,5,20,3342.3,3246.8,3379.7,NG
AL,Baldwin,1,0,0,0,0,
AL,Calhoun,3,8,828.3,782.5,855.5,SUN
AL,Chambers,3,1,79.2,79.2,79.2,SUN
AL,Cherokee,1,3,87.6,81,72.9,WAT
AL,Chilton,2,6,177,180,181.8,WAT
AL,Choctaw,1,2,87.5,66.8,67.4,BLQ
AL,Clarke,3,2,44.4,42.1,44.4,BLQ
AL,Colbert,3,12,1396.6,1253.2,1406.4,NG
AL,Coosa,1,4,170,163.1,164.9,WAT
AL,Covington,4,13,742.2,737,831,WAT
AL,Dale,2,1,10.6,10.6,10.6,SUN
AL,Dallas,3,4,104.2,104.2,104.2,NG
AL,Dekalb,1,3,4.8,4.8,4.8,LFG
AL,Elmore,5,16,677.1,659.3,649.9,WAT
AL,Escambia,2,3,103.4,69.1,75.1,NG
AL,Etowah,1,0,0,0,0,
AL,Fayette,1,0,0,0,0,
AL,Greene,1,11,1288.4,1256.1,1400.1,NG
AL,Houston,2,9,1785,1800,1800.9,DFO
AL,Jackson,2,2,14,14,14,DFO
AL,Jefferson,3,5,2825.8,2781.3,2781.3,OG
AL,LEE,1,2,103,100,100,NG
AL,Lauderdale,2,22,741.7,742.5,737.8,SUN
AL,Lawrence,3,11,404,398.2,366,WAT
AL,Lee,3,21,2207.3,2129.5,2206.7,WAT
AL,Limestone,2,4,3868.7,3676.4,3770.5,NUC
AL,Lowndes,1,2,97,84.5,94.5,NG
AL,MOBILE,1,0,0,0,0,
AL,Madison,2,3,43.4,40.6,37.6,MWH
AL,Marengo,1,2,47.4,43.5,45.7,BLQ
AL,Marion,1,0,0,0,0,
AL,Marshall,2,8,119.2,126.3,128.1,DFO
AL,Mobile,6,22,4002.9,3615.4,3743.2,NG
AL,Monroe,2,2,117,112.2,118.6,BLQ
AL,Montgomery,3,1,100,100,100,SUN
AL,Morgan,3,10,1804,1583.6,1711.6,NG
AL,Randolph,1,2,135,133,123,WAT
AL,Russell,2,4,150.5,146.5,150.5,SUN
AL,Shelby,1,6,2034,1868,1872,NG
AL,Talladega,4,6,252.6,248.9,240.6,NG
AL,Tallapoosa,1,3,822.8,752.7,815,NG
AL,Tuscaloosa,2,2,100.8,101,101,WAT
AL,Walker,2,2,181,178,175,WAT
AL,Washington,3,9,1531.2,1319,1484,NG
AL,Wilcox,2,5,178.5,164.8,165.1,WDS
AR,Arkansas,1,1,81,81,81,SUN
AR,Ashley,6,5,236.2,229.96,229.76,SUN
AR,Baxter,1,2,80.4,80,80,WAT
AR,Benton,2,1,558,494,494,SUB
AR,Calhoun,1,1,12,12,12,SUN
AR,Carroll,4,4,114.2,131,130.8,SUN
AR,Chicot,1,1,100,100,100,SUN
AR,Clark,3,4,76,76,76,SUN
AR,Clay,2,6,8.2,8.2,8.2,SUN
AR,Cleburne,1,2,96,90,90,WAT
AR,Conway,1,3,32.4,17,17,WAT
AR,Craighead,3,8,236.5,189.2,202.2,MWH
AR,Crawford,2,4,33.7,18.3,18.3,WAT
AR,Crittenden,2,2,360,360,360,SUN
AR,Cross,5,0,0,0,0,
AR,Desha,3,4,130.6,63,63,BLQ
AR,Franklin,4,9,291,283,293,SUN
AR,Fulton,1,1,1,1,1,SUN
AR,Garland,3,5,132,136.4,136.4,WAT
AR,Greene,4,9,34.6,33.3,33.3,NG
AR,Hempstead,2,2,763.8,803,803,NG
AR,Hot Spring,4,10,2022.3,1737.6,1871.9,NG
AR,Howard,2,2,4.8,4.8,3.8,SUN
AR,Independence,3,4,1807.8,1669.8,1685.8,WAT
AR,Jackson,3,3,183.9,183.9,183.3,SUN
AR,Jefferson,4,7,2115.4,1483.5,1525.6,NG
AR,Johnson,3,2,7.2,7.2,7.2,SUN
AR,Lafayette,1,0,0,0,0,
AR,Lee,2,1,100,100,100,SUN
AR,Lincoln,3,3,6.9,6.9,5.9,SUN
AR,Little River,1,4,156.5,128,128,BLQ
AR,Logan,3,3,9.5,9.5,7.9,SUN
AR,Madison,1,0,0,0,0,
AR,Marion,1,8,340,370,370,WAT
AR,Miller,1,1,1,1,1,SUN
AR,Mississippi,7,8,1726.7,1485.6,1525.4,SUN
AR,Ouachita,3,5,144,142,142,MWH
AR,Phillips,3,0,0,0,0,
AR,Pike,1,3,25.5,29.1,29.1,WAT
AR,Poinsett,1,0,0,0,0,
AR,Polk,1,1,1,1,1,SUN
AR,Pope,2,6,2005.8,1961,1980.5,NUC
AR,Prairie,2,0,0,0,0,
AR,Pulaski,12,22,663.6,609.1,608.9,SUN
AR,Saline,1,0,0,0,0,
AR,St Francis,6,2,2,2,2,SUN
AR,St. Francis,1,1,1,1,1,SUN
AR,Stone,1,1,4.3,4.3,4.3,WAT
AR,Union,2,13,2429.8,2038.8,2319.5,SUN
AR,Van Buren,1,1,1,1,1,SUN
AR,Washington,11,21,453.9,392.5,434.3,SUN
AR,White,4,5,208.8,208.8,208,SUN
AR,Woodruff,2,1,122,122,122,SUN
AZ,,1,0,0,0,0,
AZ,Apache,3,10,2604,2397.3,2397.3,SUB
AZ,Cochise,10,19,915.5,792.5,806,SUN
AZ,Coconino,12,12,2028.4,2028.4,2028.4,WND
AZ,GILA,1,1,20,20,20,SUN
AZ,Gila,1,0,0,0,0,
AZ,La Paz,12,4,52,52,52,WAT
AZ,Maricopa,82,176,19634.1,17655.1,18499.1,SUN
AZ,Mohave,16,35,3271,2934.3,2974.3,SUN
AZ,Navajo,7,7,636.5,585.6,585.6,WND
AZ,Pima,36,52,1084.4,991.2,1008.3,SUN
AZ,Pinal,26,51,4002.9,3488.1,3641.3,SUN
AZ,Santa Cruz,2,5,114,66.3,71.6,SUN
AZ,Yavapai,6,5,66.7,66.7,66.7,SUN
AZ,Yuma,16,31,1915.4,1799,1817.3,SUN
CA,Alameda,44,49,1342.6,1240.8,1271.2,NG
CA,Amador,7,8,210.3,214.5,214.5,WAT
CA,Butte,24,40,1175.7,1235.1,1250,WAT
CA,Calaveras,5,9,284.6,285.5,286.5,WAT
CA,Colusa,3,5,745.5,669.5,697.5,AB
CA,Contra Costa,44,61,4224.1,3841.1,3974.2,SUN
CA,El Dorado,15,25,779.1,746.7,746.7,WAT
CA,Fresno,117,157,5580.1,5606.3,5627.8,SUN
CA,Glenn,2,3,6.5,6.5,6.5,SUN
CA,Humboldt,9,19,238,228,228,WDS
CA,Imperial,83,115,4286,3958.8,4114.4,SUN
CA,Inyo,21,34,420.3,376.2,397.9,WAT
CA,KERN,1,1,20,20,20,SUN
CA,Kern,285,336,15793.3,15071.6,15289.2,SUN
CA,Kings,54,60,2539.2,2531.2,2537.7,SUN
CA,Lake,10,10,352.8,202.1,217,GEO
CA,Lassen,7,7,91.7,84.2,83.8,WDS
CA,Los Angeles,280,417,14013.6,13092.7,13192.9,SUN
CA,Madera,27,47,495.9,500.3,496.3,SUN
CA,Marin,3,6,8,8,8,SUN
CA,Mariposa,2,2,103.5,103.5,103.5,WAT
CA,Mendocino,4,5,12.9,12.7,12.7,WAT
CA,Merced,31,35,836.2,796.99,744.49,SUN
CA,Mono,9,16,186.8,155.7,184.1,WAT
CA,Monterey,26,44,2693.6,2279.1,2287.7,NG
CA,Napa,8,9,11.9,11.9,11.9,SUN
CA,Nevada,12,12,110.4,112.2,112.2,WAT
CA,Orange,51,92,1740.3,1668.3,1727,MWH
CA,Placer,23,41,772.2,742.6,764.5,WAT
CA,Plumas,13,17,610.5,604.8,604.8,WAT
CA,Riverside,137,202,10939.1,10796.7,10804.3,SUN
CA,Sacramento,64,75,1684.1,1661.5,1682.2,SUN
CA,San Benito,5,5,148.4,148.4,148.1,SUN
CA,San Bernardino,178,194,6304.2,6100.7,6143.6,SUN
CA,San Diego,119,149,4189,3784.1,3855,NG
CA,San Francisco,9,11,24,22.4,22.4,NG
CA,San Joaquin,41,43,1189.6,1119.7,1153.8,SUN
CA,San Luis Obispo,19,28,3463.3,3379.7,3379.6,SUN
CA,San Mateo,9,17,29,28,25.5,NG
CA,Santa Barbara,15,15,349,343.9,342.8,SUN
CA,Santa Clara,64,162,1779,1636.3,1670.7,NG
CA,Santa Cruz,4,9,14.4,14.3,14.2,LFG
CA,Shasta,43,63,2421.7,2426,2440,WAT
CA,Sierra,2,4,13.6,13.6,13.6,WAT
CA,Siskiyou,8,6,20.5,15.9,15.9,WAT
CA,Solano,38,47,1458,1438.6,1440,WND
CA,Sonoma,23,46,1443.7,819.9,855.8,SUN
CA,Stanislaus,23,45,1504.6,1387.36,1411.35,NG
CA,Sutter,8,11,904.5,787.4,807.4,NG
CA,Tehama,7,22,77.3,76.4,76.4,WAT
CA,Trinity,5,7,153.2,151.22,151.72,WAT
CA,Tulare,66,93,591.3,581.5,570.98,SUN
CA,Tuolumne,20,31,1143.5,1270.4,1242.9,WAT
CA,Ventura,25,28,2015.6,1892.7,1893.3,NG
CA,Yolo,14,17,61.4,56.9,55.7,SUN
CA,Yuba,5,6,367.2,412.6,412.7,WAT
CO,Adams,36,43,1767.1,1491,1558.7,SUN
CO,Alamosa,9,12,202.1,173.24,180.02,SUN
CO,Arapahoe,15,17,148.9,148.9,148.9,SUN
CO,Baca,3,6,8.2,8.2,8.2,DFO
CO,Bent,2,6,80.6,80.1,80.1,DFO
CO,Boulder,12,14,261,176.4,190.4,WAT
CO,Broomfield,1,1,7.8,7.8,7.8,MWH
CO,Chaffee,3,4,5.6,5.6,5.6,SUN
CO,Cheyenne,1,1,498.4,477.1,477.1,WND
CO,Clear Creek,2,4,301.2,341.6,341.2,WAT
CO,Conejos,2,2,2.7,2.7,2.7,SUN
CO,Crowley,1,1,2,2,2,SUN
CO,Delta,1,0,0,0,0,
CO,Denver,8,13,217.8,141.1,145.4,SUN
CO,Douglas,2,2,4.1,4.1,4.1,WAT
CO,Eagle,3,6,27.2,24.7,25.5,DFO
CO,El Paso,19,35,1948,1730.7,1772.6,SUN
CO,Elbert,2,1,600,582.3,582.3,WND
CO,Fremont,2,1,1.8,1.8,1.8,SUN
CO,Garfield,12,11,29.4,29.8,22.6,SUN
CO,Grand,3,4,5.7,5.7,4.7,WAT
CO,Gunnison,2,2,86.4,86.4,86.4,WAT
CO,Huerfano,4,7,157.2,157.2,157.2,WND
CO,Jackson,1,1,1,1,1,SUN
CO,Jefferson,6,41,277.3,273.02,273.92,NG
CO,Kit Carson,7,7,934.4,903,923,WND
CO,La Plata,4,7,18.2,18.2,18.2,WAT
CO,Lake,2,3,202.5,232.5,232.5,WAT
CO,Larimer,12,23,1052.7,928.8,925.9,WAT
CO,Las Animas,4,7,179.2,179.2,179.2,SUN
CO,Lincoln,5,6,1006.8,986.6,1002.6,WND
CO,Logan,18,20,1047.9,1047.3,1047.3,SUN
CO,Mesa,12,10,56.1,42.5,47.5,SUN
CO,Moffat,3,4,1431.6,1289,1289,SUB
CO,Montezuma,9,5,21.8,21.8,20.9,SUN
CO,Montrose,10,10,227.5,233.8,224.7,WAT
CO,Morgan,10,15,1135.2,1031.5,1076.5,SUN
CO,Otero,2,6,11.5,11.5,11.5,SUN
CO,Ouray,1,2,8,8,0.9,WAT
CO,Park,1,1,5.5,5.5,5.5,WAT
CO,Pitkin,2,1,5,5,5,SUN
CO,Prowers,4,9,247.9,247.2,247.4,WND
CO,Pueblo,18,33,3094.9,2888.72,2901.37,SUN
CO,Rio Blanco,2,2,6.3,6,6,SUN
CO,Rio Grande,1,1,1.6,1.6,1.6,SUN
CO,Routt,1,2,465.4,441,441,BIT
CO,Saguache,1,1,2.7,2.7,2.7,SUN
CO,San Miguel,1,1,3.6,2.8,2.8,WAT
CO,Sedgwick,1,4,2.8,2.2,2.2,DFO
CO,Summit,2,3,27.8,27.8,27.8,WAT
CO,Weld,57,64,3808.3,3300.9,3512.9,SUN
CT,Fairfield,20,50,1456.9,1362.27,1444.95,NG
CT,Hartford,45,51,268,255.7,271.8,SUN
CT,Litchfield,18,30,151.2,138.4,152.6,SUN
CT,Middlesex,13,17,1730.3,1588.6,1617.7,SUN
CT,New Haven,31,50,3169.8,2787.15,3084.19,NG
CT,New London,46,74,3040,2870.3,2898.7,SUN
CT,Tolland,11,13,41.5,39.9,39.2,SUN
CT,Windham,17,18,970.2,951.6,1021.9,SUN
DC,District of Columbia,22,22,66.2,61.85,60.55,SUN
DE,Kent,15,18,650.8,582.6,608.6,SUN
DE,New Castle,18,40,2312.8,2273.6,2295.4,NG
DE,Sussex,10,13,485.1,446.8,444.5,SUN
FL,,4,0,0,0,0,
FL,Alachua,13,18,956.9,846.7,880.7,SUN
FL,Baker,5,4,298,298,298,SUN
FL,Bay,5,8,960.7,991.2,985.2,SUN
FL,Brevard,12,25,3555.6,3272.4,3489,SUN
FL,Broward,7,20,4093.9,3772.6,3822.7,NG
FL,Calhoun,9,4,298,298,298,SUN
FL,Charlotte,5,5,162,161.8,161.8,SUN
FL,Citrus,2,9,3523.9,3113.9,3370.9,SUN
FL,Clay,3,3,223.5,223.5,223.5,SUN
FL,Collier,4,6,78.5,78.5,78.5,SUN
FL,Columbia,5,5,328.8,328.8,328.8,SUN
FL,DeSoto,9,7,401.5,401.5,401.5,SUN
FL,Desoto,1,1,74.5,74.5,74.5,SUN
FL,Duval,20,39,3054,2881.2,3026.9,SUN
FL,Escambia,10,32,2657.2,2396.9,2408.9,SUN
FL,Gadsden,3,5,192.5,192.5,192.5,SUN
FL,Gilchrist,4,4,235.3,235.3,235.3,SUN
FL,Gulf,1,1,5.5,5.5,5.5,MWH
FL,Hamilton,5,4,174.1,171.2,171.2,SUN
FL,Hardee,6,19,2201.2,1968.8,2135.8,NG
FL,Hendry,13,11,645,640.6,640.7,SUN
FL,Hernando,1,1,1.6,1.6,1.6,LFG
FL,Highlands,6,2,62.3,62.3,62.3,MWH
FL,Hillsborough,29,46,4930.7,4348.5,4661.5,SUN
FL,Indian River,6,5,372.5,372.5,372.5,SUN
FL,Jackson,6,9,228.3,228.3,228.3,SUN
FL,Jefferson,1,0,0,0,0,
FL,Lake,4,4,23.6,20.8,20.4,SUN
FL,Lee,2,16,2739.9,2790.5,2811,NG
FL,Leon,5,13,753.7,564.9,598.9,NG
FL,Levy,4,1,74.9,74.9,74.9,SUN
FL,Madison,4,2,149.4,149.4,149.4,SUN
FL,Manatee,13,16,3928.5,3712.5,3868.5,SUN
FL,Marion,1,2,2.4,2.3,2.3,LFG
FL,Martin,6,14,2672,2432.5,2560.5,SUN
FL,Miami Dade,11,31,3070.9,3158.4,3241.3,SUN
FL,Monroe,4,11,137.5,125.5,125.5,DFO
FL,Nassau,5,6,235,217.9,217.9,NG
FL,Okaloosa,3,3,179,179,179,SUN
FL,Okeechobee,10,9,2095.6,2095.6,2095.6,SUN
FL,Orange,12,22,2222,2141,2166,SUN
FL,Osceola,10,34,2720.2,2325.7,2601.7,SUN
FL,Palm Beach,11,32,6167.4,5623.9,6068.9,SUN
FL,Pasco,6,8,1809.4,1618.8,1686.2,NG
FL,Pinellas,6,18,1784.1,1509.8,1726.8,DFO
FL,Polk,33,89,6716.7,6013.5,6303.3,SUN
FL,Putnam,10,13,2499.5,2326.3,2365.5,SUN
FL,Santa Rosa,5,8,477.6,436.9,450.7,SUN
FL,Sarasota,1,4,6.4,6.4,6.4,LFG
FL,Seminole,2,4,6.3,6.3,6.3,SUN
FL,St Johns,1,1,74.5,74.5,74.5,SUN
FL,St Lucie,16,13,3241.9,2956.5,3012.6,SUN
FL,Suwannee,5,8,460.8,408.1,457.1,SUN
FL,Taylor,2,1,5.1,5.1,5.1,SUN
FL,Union,1,1,74.5,74.5,74.5,SUN
FL,Volusia,9,24,3324.4,3069.8,3234.8,SUN
FL,Wakulla,1,2,270.1,226,258,NG
FL,Walton,6,3,223.5,223.5,223.5,SUN
FL,Washington,1,1,74.5,74.5,74.5,SUN
GA,,7,0,0,0,0,
GA,Appling,2,3,1873,1784,1784,SUN
GA,Bacon,3,0,0,0,0,
GA,Baldwin,2,2,45,43.8,43.8,WAT
GA,Barrow,2,4,8.6,8.3,8.3,SUN
GA,Bartow,3,8,3587.8,3274.6,3274.6,WAT
GA,Bibb,5,11,210.5,213.45,213.45,SUN
GA,Bleckley,2,2,4.3,4.3,4.3,SUN
GA,Brooks,2,2,300,300,300,SUN
GA,Bryan,1,1,1.9,1.9,1.9,SUN
GA,Bulloch,5,5,14.6,14.6,14.6,SUN
GA,Burke,7,16,5166.5,5018.4,5087.4,SUN
GA,Camden,2,13,60,60.2,60.2,SUN
GA,Candler,2,1,51,51,51,SUN
GA,Charlton,1,1,2.1,2.1,2.1,SUN
GA,Chatham,8,18,246.6,246.2,246.3,BLQ
GA,Chattooga,1,1,2.4,2.4,2.4,SUN
GA,Cherokee,1,0,0,0,0,
GA,Clarke,3,9,8.5,8.3,8.3,DFO
GA,Clay,2,5,274,274,274,SUN
GA,Cobb,4,15,2853,2539.5,2793.1,NG
GA,Colquitt,2,2,21.4,21.6,21.4,SUN
GA,Columbia,3,10,21,15.4,18.6,SUN
GA,Coweta,1,2,807.4,714,714,NG
GA,DeKalb,4,7,7.1,6.6,6.6,DFO
GA,Decatur,7,9,637,630,635.8,SUN
GA,Dougherty,7,9,216.8,212.4,212.3,SUN
GA,Douglas,1,1,3,3,3,SUN
GA,Early,5,6,295.2,284,294,SUN
GA,Effingham,7,24,2956,2663.7,2847.8,NG
GA,Elbert,2,9,668,704,704,WAT
GA,Emanuel,2,1,2.9,2.9,2.9,SUN
GA,Fannin,1,2,23.5,17.3,14.7,WAT
GA,Fayette,1,0,0,0,0,
GA,Floyd,3,7,918.2,1096,1095,BLQ
GA,Forsyth,1,3,131.2,126.8,126.6,WAT
GA,Franklin,2,2,61,61,61,SUN
GA,Fulton,14,53,71.5,64,65.1,DFO
GA,Glynn,3,14,650.2,506.2,605.2,BLQ
GA,Gordon,2,2,5.4,5.4,5.4,SUN
GA,Grady,1,1,2,2,2,SUN
GA,Greene,1,1,3,3,3,SUN
GA,Gwinnett,2,5,11.2,10.8,10.8,LFG
GA,Habersham,2,10,116.8,124.9,125.3,WAT
GA,Hancock,2,6,321.2,328,327.4,WAT
GA,Harris,2,2,4.4,4.4,4.4,SUN
GA,Hart,2,7,780,702.5,758,NG
GA,Heard,6,21,3967,3513.4,3782,NG
GA,Houston,5,7,576.6,532.8,585.8,LFG
GA,Jackson,1,10,919,745.6,876.2,NG
GA,Jasper,1,6,14.4,22.8,22.8,WAT
GA,Jeff Davis,6,6,412.5,412.5,412.5,SUN
GA,Jefferson,2,1,1,1,1,SUN
GA,Jenkins,1,1,19.7,19.7,19.7,SUN
GA,Lamar,1,1,60,55,55,WDS
GA,Lanier,1,2,1.8,1.8,1.8,SUN
GA,Laurens,3,3,86.2,88.1,90.1,SUN
GA,Lee,3,3,290,290,290,SUN
GA,Liberty,3,2,44.5,44.5,44.5,SUN
GA,Lowndes,11,19,143.5,143.7,143.6,SUN
GA,Macon,3,3,157,157,157,SUN
GA,Madison,2,2,60,60.2,60.2,SUN
GA,McDuffie,1,0,0,0,0,
GA,Meriwether,3,3,6.4,6.4,6.6,SUN
GA,Mitchell,8,9,701,667.4,669,SUN
GA,Monroe,4,5,2915,2770.4,2798.2,SUB
GA,Montgomery,2,2,330,330,330,SUN
GA,Morgan,1,1,1.4,1.4,1.4,WAT
GA,Murray,4,12,1701.5,1922.5,1982.5,SUN
GA,Muscogee,3,9,91.1,94.9,94.5,WAT
GA,Oconee,1,0,0,0,0,
GA,Oglethorpe,2,1,38,38,38,SUN
GA,Peach,1,1,10.8,10.8,10.8,SUN
GA,Pierce,2,1,1.9,1.9,1.9,SUN
GA,Polk,7,8,580.2,456,521.6,SUN
GA,Putnam,4,3,6.6,6.6,6.6,SUN
GA,RABUN,1,1,17.9,18,18,WDS
GA,Rabun,3,6,26.8,33.2,32.4,WAT
GA,Randolph,1,1,80,80,80,SUN
GA,Richland,1,1,1,0.9,0.9,SUN
GA,Richmond,8,14,128,122.2,122.6,SUN
GA,Saminole,1,1,1.6,1.6,1.6,SUN
GA,Spalding,1,3,6.6,6.3,6.3,LFG
GA,Stephens,1,3,22.5,28.5,28.8,WAT
GA,Stewart,1,1,100,100,100,SUN
GA,Sumter,2,2,3.2,3.2,3.2,SUN
GA,Talbot,2,7,791,637.4,746.1,MWH
GA,Tattnall,2,2,4.1,4.1,4.1,SUN
GA,Taylor,7,13,413.7,402.2,402.2,SUN
GA,Telfair,1,1,1.9,1.9,1.9,SUN
GA,Terrell,3,3,77.6,77.6,77.6,SUN
GA,Thomas,1,1,1.4,1.4,1.4,SUN
GA,Tift,3,3,7.8,7.8,7.8,SUN
GA,Troup,3,5,77.1,90.8,90.8,SUN
GA,Twiggs,3,4,226.8,226.8,226.8,SUN
GA,Union,1,2,15.9,20.1,19.3,WAT
GA,Upson,3,6,705,595.7,696.5,SUN
GA,Walton,8,14,1325.7,1104.6,1264.8,SUN
GA,Ware,3,3,84.9,84.9,84.9,SUN
GA,Warren,2,1,80,80,80,SUN
GA,Washington,5,14,1645.3,1357.5,1580.3,NG
GA,Wayne,3,5,72.1,67.3,68,BLQ
GA,Whitfield,1,1,1.1,1.1,1.1,SUN
GA,Wilcox,3,0,0,0,0,
GA,Wilkinson,2,2,5.3,5.3,5.3,SUN
GA,Worth,2,7,39.7,34.2,34.2,NG
HI,Hawaii,19,46,418.2,386.6,390,DFO
HI,Honolulu,45,73,2377,2239.47,2239.27,SUN
HI,Kauai,13,32,280.2,254.8,254.8,SUN
HI,Maui,16,72,523.1,488.3,488.3,DFO
IA,Adair,17,23,1151.7,1139.6,1139.7,WND
IA,Adams,4,9,204.8,200.5,200.5,WND
IA,Allamakee,2,2,2.1,2.1,2.1,DFO
IA,Appanoose,2,1,7.9,7.9,7.9,WND
IA,Audubon,3,5,485,443.6,443.6,WND
IA,BREMER,1,3,5.4,5.4,5.4,DFO
IA,Benton,1,7,17.5,17.2,17.2,NG
IA,Black Hawk,8,22,394.4,321.6,346.4,NG
IA,Boone,4,7,347.9,348,348,WND
IA,Bremer,4,18,74.8,73.2,73.2,WND
IA,Buchanan,1,1,1.8,1.1,1.1,DFO
IA,Buena Vista,4,8,373.6,361.7,361.9,WND
IA,Carroll,5,12,298.1,282.7,283,WND
IA,Cass,6,10,502.2,460.8,461.2,WND
IA,Cedar,3,8,19.7,19.5,19.5,DFO
IA,Cerro Gordo,5,8,784.5,695.4,794,WND
IA,Cherokee,1,1,211.7,200,200,WND
IA,Chickasaw,2,6,228.9,224.1,224.1,WND
IA,Clay,3,4,442.2,429.8,437.3,NG
IA,Clayton,4,5,6.4,6.4,6.4,DFO
IA,Clinton,3,2,180,180,180,SUB
IA,Crawford,3,2,101.8,101.8,101.8,WND
IA,Dallas,1,1,1,1,1,SUN
IA,Davis,2,7,10.1,8.5,8.5,NG
IA,Decatur,1,8,10.5,10,10.1,DFO
IA,Delaware,5,6,110,108.3,108.3,WND
IA,Des Moines,2,5,290.8,177.5,179.8,NG
IA,Dickinson,5,10,164.5,164.5,164.5,WND
IA,Dubuque,6,18,27.1,25.7,25.5,DFO
IA,Emmet,2,6,17.3,14.6,14.8,NG
IA,Floyd,3,6,118.9,110.3,112.9,WND
IA,Franklin,5,5,508.8,508.4,508.4,WND
IA,GUTHRIE,1,3,4.5,4.5,4.5,DFO
IA,Greene,4,4,74.4,74.4,74.4,WND
IA,Grundy,4,6,242.5,239.3,239.3,DFO
IA,Guthrie,2,4,209.9,202.7,202.7,WND
IA,Hamilton,4,6,451.9,447.2,451.5,WND
IA,Hancock,3,3,448,447,447,WND
IA,Hardin,2,2,153,153,153,WND
IA,Henry,3,17,33.5,33.5,33.5,DFO
IA,Howard,3,3,166.6,166.6,166.6,WND
IA,Ida,2,5,502.1,500,500,WND
IA,Iowa,3,13,274.1,271.6,271.6,DFO
IA,Jackson,5,23,47,40.8,41.8,DFO
IA,Johnson,5,18,124.3,115.7,121.1,NG
IA,Kossuth,8,12,462.3,455.2,455.2,WND
IA,Lee,4,19,359.2,380,378,WAT
IA,Linn,22,41,760.4,701.7,715.2,DFO
IA,Louisa,2,2,911.9,845.6,855,SUB
IA,Lucas,1,1,2.3,2.3,2.3,SUN
IA,Lyon,1,1,2.5,2.5,2.5,DFO
IA,Madison,2,9,137.2,137.2,137.2,WND
IA,Mahaska,1,1,168,169,169,WND
IA,Marion,5,25,100.3,97.3,97.3,DFO
IA,Marshall,7,23,1189.1,1110.8,1179.9,DFO
IA,Mitchell,5,10,521.2,519.8,519.18,WND
IA,Monroe,1,2,40,36.7,36.8,NG
IA,Montgomery,1,2,4,4,4,DFO
IA,Muscatine,6,13,303,274.7,275.7,DFO
IA,O'Brien,3,11,754.3,752.3,752.3,WND
IA,Osceola,6,11,167.4,164.7,168.8,WND
IA,Page,2,10,20,20,20,DFO
IA,Palo Alto,5,10,374.3,373.2,373.2,WND
IA,Plymouth,1,1,202.7,200,200,WND
IA,Pocahontas,4,12,379.5,389,389,DFO
IA,Polk,8,31,1065.6,934.44,1076.4,NG
IA,Pottawattamie,2,3,1813.5,1661.7,1661.7,WND
IA,Poweshiek,9,15,532.8,532,532.2,DFO
IA,Sac,2,2,210.9,210.9,210.9,WND
IA,Scott,3,3,2.6,2.6,2.6,OBG
IA,Shelby,1,2,3.4,3.2,3.2,DFO
IA,Story,18,33,431.2,393.3,374.3,WND
IA,Tama,5,7,11,10.5,10.5,DFO
IA,Taylor,4,8,122.1,119.4,119.5,WND
IA,Union,4,7,422.8,411.8,422.9,SUN
IA,Wapello,2,4,729.1,702.9,719.5,SUB
IA,Warren,1,2,40.9,42.2,47,DFO
IA,Webster,5,5,360.3,359,359,DFO
IA,Winnebago,7,19,332.5,331.7,331.7,WND
IA,Winneshiek,3,3,5.6,5.6,5.6,SUN
IA,Woodbury,3,3,1284,1161.1,1169,SUB
IA,Worth,7,8,354.9,354.9,354.9,WND
IA,Wright,1,3,5.4,5.4,5.4,DFO
ID,Ada,13,15,203,179.92,152.05,WAT
ID,Adams,1,1,6.2,5.8,6.2,WDS
ID,Bannock,3,4,20.7,19.1,19.3,LFG
ID,Benewah,1,1,6.2,5.8,5.8,WDS
ID,Bingham,1,1,160,160,160,WND
ID,Blaine,2,4,11.8,11.1,11,WAT
ID,Boise,1,2,9.4,9.4,9.4,WAT
ID,Bonner,2,7,307.2,296.6,336.8,WAT
ID,Bonneville,13,13,593.1,589.2,589.2,WAT
ID,Boundary,2,7,42,24.4,42.4,WAT
ID,Butte,1,1,3.6,2.2,1.5,WAT
ID,Canyon,4,3,9.3,9.3,8.2,NG
ID,Caribou,4,8,49.3,49.6,49.6,WAT
ID,Cassia,6,10,134.2,114.99,72.65,WND
ID,Clark,2,1,2.6,2.6,2.6,WAT
ID,Clearwater,2,6,466.2,465.6,401.5,WAT
ID,Elmore,20,24,923.6,917.86,986.13,WND
ID,Franklin,2,4,33.1,29.9,28.5,WAT
ID,Fremont,4,10,24.1,24.5,24.5,WAT
ID,Gem,1,2,10.2,10.2,10.2,WAT
ID,Gooding,13,23,187.5,204.22,166.43,WAT
ID,Idaho,1,1,2.6,2.3,2.3,WAT
ID,Jefferson,1,2,1.8,1.8,1.8,OBG
ID,Jerome,8,19,53.1,53.78,44.28,WAT
ID,Kootenai,4,12,485.6,362.7,481.2,NG
ID,Lemhi,1,2,5,5.58,5.58,DFO
ID,Lincoln,3,3,7,7,5.8,WAT
ID,Madison,1,1,5.6,4.6,5.3,NG
ID,Minidoka,1,4,27.7,27.7,27.7,WAT
ID,Nez Perce,1,4,113.8,54.5,68,BLQ
ID,Owyhee,3,4,102.8,111.78,111.55,WAT
ID,Payette,1,2,318.5,305.43,301.63,NG
ID,Power,6,8,256.6,264.62,214.3,WND
ID,Teton,1,4,7.4,5.9,5.9,WAT
ID,Twin Falls,27,34,533.6,532.87,482.35,WND
ID,Valley,1,2,12.4,13.59,1.62,WAT
ID,Washington,2,5,675,660.89,652.48,WAT
IL,Adams,2,1,1.5,1.5,1.5,SUN
IL,Boone,3,2,4,4,3.6,SUN
IL,Brown,1,1,1.5,1.5,1.5,WND
IL,Bureau,10,15,721.7,721.5,721.5,WND
IL,Carroll,1,1,1.5,1.5,1.5,SUN
IL,Cass,3,1,150,150,150,SUN
IL,Champaign,12,31,122.3,121.3,125.7,SUN
IL,Christian,6,8,1328.7,1121.7,1121.7,SUN
IL,Clark,3,13,187.6,194.5,194.5,DFO
IL,Clay,7,16,726,574,637.8,DFO
IL,Clinton,10,17,39.2,39.3,39.3,SUN
IL,Coles,4,1,200,200,200,SUN
IL,Cook,54,81,1341.1,1224.94,1342.54,NG
IL,DeKalb,13,11,255.5,255.1,254,SUN
IL,DeWitt,4,9,1609.9,1548.9,1577.1,WND
IL,Dekalb,2,2,4,4,4,SUN
IL,Dewitt,2,3,281.2,281.2,281.2,LFG
IL,Douglas,1,1,202,202,202,WND
IL,DuPage,19,16,1104.8,1006.3,1127.8,NG
IL,Edgar,2,0,0,0,0,
IL,Effingham,1,4,7.2,7.2,7.2,DFO
IL,Fayette,3,2,100.8,100.8,100.8,SUN
IL,Ford,3,4,575.3,537.3,545.3,WND
IL,Franklin,1,1,2,2,2,SUN
IL,Fulton,2,1,2,2,2,SUN
IL,Grundy,9,11,3542.3,3216.2,3306,SUN
IL,Hamilton,1,6,9.2,8.4,8.4,DFO
IL,Henderson,1,1,1.4,1.4,1.4,SUN
IL,Henry,6,15,539.1,532.7,532.7,WND
IL,Iroquois,4,3,302.8,302.8,302.8,WND
IL,Jackson,2,2,5.1,4.4,4.4,DFO
IL,Jasper,2,1,617.4,595,615,SUB
IL,Jefferson,1,1,2,2,2,SUN
IL,Jersey,1,1,110,110,110,SUN
IL,Jo Daviess,4,3,5,5,5,SUN
IL,Kane,12,35,473.7,395.7,454.7,NG
IL,Kankakee,18,17,203.6,203.2,204.7,SUN
IL,Kendall,2,9,1258,1142,1262,NG
IL,Knox,6,5,10,10,10,SUN
IL,LaSalle,19,23,2783.1,2707.5,2782.5,SUN
IL,Lake,6,13,724.3,601.3,690.4,NG
IL,Lasalle,4,8,29.3,26.3,26.8,DFO
IL,Lee,11,26,2275.8,2153.1,2218.3,WND
IL,Livingston,10,10,880,875.2,875.2,WND
IL,Logan,5,4,522,522,522,WND
IL,Macon,4,11,404.5,401.7,401.7,BIT
IL,Macoupin,4,2,4,4,4,SUN
IL,Madison,9,14,685.2,584.4,660,SUN
IL,Marion,4,3,272,210,252,NG
IL,Marshall,6,2,95,95,95,WND
IL,Mason,4,2,356,350,350,WND
IL,McDonough,5,12,168.8,168.8,168.8,SUN
IL,McHenry,21,24,74.7,74.1,74.5,SUN
IL,McLean,9,11,790.9,790.9,790.8,WND
IL,Mclean,1,0,0,0,0,
IL,Mercer,1,0,0,0,0,
IL,Monroe,1,13,30.2,28.3,29.1,DFO
IL,Montgomery,3,2,46.2,46.2,46.2,SUN
IL,Morgan,6,6,178,178,178,SUN
IL,Moultrie,1,11,23.7,24.1,24.1,DFO
IL,Ogle,11,25,2493.8,2339.8,2430.5,SUN
IL,Peoria,6,4,24,21,23.8,SUN
IL,Perry,3,10,529,465,509,SUN
IL,Piatt,2,6,684,438,552,NG
IL,Pike,4,2,25.7,21.8,23.7,DFO
IL,Pulaski,1,0,0,0,0,
IL,Putnam,3,2,4,4,4,SUN
IL,Randolph,5,12,1349,1245.7,1273.8,SUN
IL,Richland,1,1,2,2,1.6,SUN
IL,Rock Island,3,13,2705.4,2403.4,2551,NG
IL,STARK,1,1,150,150,150,WND
IL,Saline,1,0,0,0,0,
IL,Sangamon,9,9,1313,1240.5,1268.1,DFO
IL,Scott,1,6,173,164.3,180.8,NG
IL,Shelby,3,11,1185.1,938.2,1035.9,NG
IL,St Clair,9,20,1799.9,1663.9,1663.2,SUN
IL,Stephenson,25,22,246.3,244.5,244.1,SUN
IL,Tazewell,6,7,1890.5,1642.9,1642.9,SUB
IL,Vermilion,9,10,510.6,487.6,505.6,SUN
IL,Warren,1,1,35,35,35,SUN
IL,Washington,1,0,0,0,0,
IL,White,4,9,312.4,312,312,SUN
IL,Whiteside,18,24,47.2,47,47,SUN
IL,Will,35,64,7681.9,6707.9,7227.9,SUN
IL,Williamson,8,10,258.3,269,308.2,SUN
IL,Winnebago,21,19,512.4,571.1,589.9,SUN
IL,Woodford,3,1,200,192.3,192.3,WND
IN,Adams,1,1,2,2.2,2.2,NG
IN,Benton,6,9,1175.2,1175.2,1175.2,WND
IN,Blackford,3,0,0,0,0,
IN,Carroll,1,3,11.8,6,6,WAT
IN,Cass,3,5,19.2,19.2,19.2,SUN
IN,Clark,4,2,6.1,6.1,6.1,SUN
IN,Clay,2,2,9.2,9.2,9.2,SUN
IN,Clinton,1,1,195,195,195,SUN
IN,Daviess,2,2,13.9,13.9,13.1,SUN
IN,DeKalb,2,1,1,1,1,SUN
IN,Dearborn,2,6,1232,1190,1288,NG
IN,Decatur,1,1,1.1,1.1,1.1,SUN
IN,Dekalb,1,1,11,11,11,SUN
IN,Dubois,2,1,2,2,1.6,SUN
IN,Elkhart,5,14,14,12,12.7,LFG
IN,Fayette,1,0,0,0,0,
IN,Floyd,1,0,0,0,0,
IN,Fountain,2,0,0,0,0,
IN,Gibson,3,5,3339.5,3132,3157,BIT
IN,Grant,4,3,6.8,6.8,5.9,SUN
IN,Greene,4,6,248.5,176,198.9,SUN
IN,Hamilton,2,7,284.5,264.8,310.8,NG
IN,Hancock,1,1,2.8,2.8,2.2,SUN
IN,Harrison,1,1,1.1,1.1,1.1,SUN
IN,Hendricks,3,21,24.1,24.1,24.1,SUN
IN,Henry,5,7,337.9,282.4,290.4,SUN
IN,Howard,1,1,5.4,5.4,5.4,SUN
IN,Jackson,1,1,1.1,1.1,1.1,SUN
IN,Jasper,9,10,1378.3,1149.4,1148.5,NG
IN,Jay,6,7,256.4,256.4,256.4,WND
IN,Jefferson,1,6,1303.8,1173,1198.2,BIT
IN,Johnson,4,4,10.1,10.1,10.1,MWH
IN,Knox,3,7,1313.1,997,1086,SGC
IN,LaPorte,2,9,546.4,461.4,461.4,NG
IN,Lake,16,19,1159.7,1033.9,1072.9,SUN
IN,Lawrence,2,7,403.1,237.6,261.6,NG
IN,Madison,10,12,214.7,186,211.5,SUN
IN,Marion,23,38,1514.4,1388.1,1444.4,SUN
IN,Marshall,2,5,14.4,13.9,12.5,SUN
IN,Martin,2,2,22,22,22,MWH
IN,Miami,4,4,17.2,17.2,14.1,SUN
IN,Monroe,1,1,1.1,1.1,1.1,SUN
IN,Montgomery,6,5,27.8,27.8,22.2,SUN
IN,Morgan,1,3,644,673,723,NG
IN,NOT IN FILE,1,0,0,0,0,
IN,Perry,2,2,4.3,4.3,3.4,SUN
IN,Pike,7,7,1353.1,1068.4,1085.9,DFO
IN,Porter,5,7,239.7,230.2,238.2,SUN
IN,Posey,4,3,284.4,238.6,272.5,NG
IN,Pulaski,5,0,0,0,0,
IN,Randolph,6,4,700,700,700,WND
IN,Scott,1,1,7.1,7.1,5.7,SUN
IN,Shelby,2,1,6.1,5.5,6.1,NG
IN,Spencer,3,4,2651.5,2651.5,2649.5,SUN
IN,St Joseph,11,37,1012,946,990,SUN
IN,Starke,2,1,400,400,400,SUN
IN,Sullivan,4,7,1098.4,995.2,1007.2,BIT
IN,Switzerland,1,3,77.7,53.7,53.7,WAT
IN,Tippecanoe,7,15,140.1,132.6,150.1,NG
IN,Tipton,3,2,205.3,205.3,204.2,SUN
IN,Vanderburgh,4,3,5,5,5,SUN
IN,Vermillion,3,15,1876.9,1665,1888,DFO
IN,Vigo,4,5,816.6,696.5,828.1,NG
IN,Wabash,2,1,3.9,3.9,3.9,NG
IN,Warren,1,1,398.6,398.6,398.6,WND
IN,Warrick,4,6,1191.7,954.5,1084,BIT
IN,Wayne,11,13,224.6,215.6,224.1,SUN
IN,Wells,1,4,236,233.1,236,NG
IN,White,16,34,1838.3,1833.4,1833.4,WND
IN,Whitley,2,1,4.3,4.3,3.5,SUN
KS,Allen,2,11,228.6,229.6,229.6,DFO
KS,Anderson,2,8,13.7,11,11,WH
KS,Barber,3,2,94,94,94,WND
KS,Barton,4,10,101,118,118,NG
KS,Bourbon,1,0,0,0,0,
KS,Butler,6,16,223.1,215.6,221.6,NG
KS,Chautauqua,1,1,1,1,1,SUN
KS,Cherokee,1,4,300.2,274,319,NG
KS,Cheyenne,2,5,9.1,9.1,9.1,DFO
KS,Clark,4,8,604.4,603.7,603.7,WND
KS,Clay,1,8,29.9,29.7,29.7,NG
KS,Cloud,2,2,201,201,201,WND
KS,Coffey,5,17,1526.7,1407.1,1485.4,DFO
KS,Comanche,1,1,2,2,2,SUN
KS,Cowley,3,4,40.7,40.1,43,NG
KS,Crawford,4,8,212.8,211.3,211.4,DFO
KS,Decatur,1,2,6,6,6,DFO
KS,Dickinson,3,2,2.6,2.5,2.5,DFO
KS,Douglas,5,20,538.1,507.18,507.28,DFO
KS,Elk,1,1,200,200,200,WND
KS,Ellis,4,15,308,305.9,305.9,WND
KS,Ellsworth,1,1,201,201,201,WND
KS,Finney,4,9,634.6,607.1,612.2,NG
KS,Ford,9,8,1329.8,1329.6,1329.6,WND
KS,Franklin,1,4,19.2,18,18,NG
KS,Geary,1,1,1,1,1,SUN
KS,Gove,1,1,2.7,2.7,2.7,WND
KS,Graham,1,6,6.9,6.2,6.4,DFO
KS,Grant,1,12,120,106.4,106.4,NG
KS,Gray,4,4,507.7,507.7,507.7,WND
KS,Harper,2,3,11.1,11.1,11.1,NG
KS,Harvey,1,1,1,1,1,SUN
KS,Haskell,1,1,249.8,249.8,249.8,WND
KS,Hodgeman,1,1,2.5,2.5,2.5,DFO
KS,Jackson,1,8,21.5,19.4,20.9,DFO
KS,Jefferson,1,1,1,1,1,SUN
KS,Johnson,2,6,447.2,339.8,416.4,NG
KS,Kingman,3,8,617.5,616.4,616.6,WND
KS,Kingsman,1,0,0,0,0,
KS,Kiowa,3,3,117.5,117.5,117.5,WND
KS,Labette,2,1,1,1,1,SUN
KS,Lincoln,3,7,258.1,256.9,256.9,WND
KS,Linn,1,2,1598.9,1426.3,1447.89,SUB
KS,Lyon,4,10,932.3,856.1,947.5,SUN
KS,Marion,2,2,499.9,499.9,499.9,WND
KS,Marshall,2,2,374.4,372.6,372.6,WND
KS,McPherson,3,5,331.4,235.5,290,NG
KS,Meade,1,5,8.2,5.7,5.9,NG
KS,Miami,5,8,118.9,93.5,112.6,DFO
KS,Mitchell,2,8,21.3,18.6,18.6,NG
KS,Montgomery,2,6,100.1,97.1,98.3,NG
KS,Nemaha,2,12,321.8,318.7,318.7,DFO
KS,Neosho,8,22,425.1,397.4,407.4,NG
KS,Ness,1,1,198.6,198.6,198.6,WND
KS,Osage,3,12,16.9,15.5,15.7,NG
KS,Osborne,1,6,7.1,4.6,5.1,DFO
KS,Ottawa,1,5,9.1,8,8,NG
KS,Pawnee,2,6,16.4,16,16,DFO
KS,Phillips,1,1,1.7,0.7,0.7,NG
KS,Pottawatomie,4,13,2176.2,2195,2195,SUB
KS,Pratt,7,10,705.1,688.5,688.5,WND
KS,Reno,4,7,347.3,241.3,293.2,SUN
KS,Republic,2,6,657.7,618.3,618.3,NG
KS,Rice,2,8,23.8,20.2,21.8,NG
KS,Riley,3,1,1.3,1.3,1.3,SUN
KS,Rooks,1,5,8.6,7.3,7.3,NG
KS,Rush,2,6,58.2,58.2,58.2,WND
KS,Russell,3,7,30.7,26.4,30.2,NG
KS,Sedgwick,6,9,389.2,313.7,358.3,SUN
KS,Seward,2,3,68,70.3,70.3,NG
KS,Shawnee,4,9,8.2,8.2,8.2,SUN
KS,Sherman,1,8,18.7,16.1,17.7,NG
KS,Stafford,2,8,11.7,11.7,11.7,DFO
KS,Stanton,2,3,26,26,26,DFO
KS,Stevens,2,7,19.2,17.3,17.3,DFO
KS,Sumner,7,8,199.1,199.3,199.3,DFO
KS,Thomas,5,11,509.1,503,503,WND
KS,Wallace,1,4,3,3,3,NG
KS,Washington,2,9,98.9,88.8,89.1,NG
KS,Wichita,1,1,99,99,99,WND
KS,Wilson,4,4,6,6,6,SUN
KS,Wyandotte,4,10,914.4,707.3,707.3,SUN
KY,,1,0,0,0,0,
KY,Allen,1,0,0,0,0,
KY,Barren,1,1,1,0.9,0.9,LFG
KY,Bell,1,0,0,0,0,
KY,Boone,4,8,779.9,607.6,607.3,SUN
KY,Bourbon,1,6,10.6,10.8,10.8,DFO
KY,Bracken,1,3,105,105,105,WAT
KY,Breckinridge,2,0,0,0,0,
KY,Carroll,1,4,2225.9,1919,1919,BIT
KY,Clark,3,10,1063.5,792.5,997.5,SUN
KY,Estill,3,6,4.1,3.7,3.7,LFG
KY,Fayette,1,2,41.4,24,28,NG
KY,Fleming,1,0,0,0,0,
KY,Garrard,1,1,50,50,50,SUN
KY,Grant,1,1,2.7,2.7,2.7,SUN
KY,Greenup,2,3,2.4,2.4,2.4,LFG
KY,Hancock,3,4,175.9,136.9,147.9,WAT
KY,Hardin,1,3,2.4,2.4,2.4,LFG
KY,Harrison,2,0,0,0,0,
KY,Hart,1,0,0,0,0,
KY,Henderson,2,0,0,0,0,
KY,Hopkins,1,0,0,0,0,
KY,Jefferson,6,16,2488.9,2126.8,2171.8,NG
KY,Kenton,3,3,5.3,5.3,5.3,SUN
KY,Laurel,2,1,70,61,61,WAT
KY,Lawrence,2,6,1430.5,1085,1210,NG
KY,Lee,2,0,0,0,0,
KY,Livingston,1,3,75.9,75.9,75.9,WAT
KY,Logan,1,1,173,173,173,SUN
KY,Lyon,2,4,130,148,148,WAT
KY,Madison,1,0,0,0,0,
KY,Marshall,3,14,933.3,827.1,954,NG
KY,Martin,1,1,111,111,111,SUN
KY,Mason,2,4,1608.5,1346,1346,BIT
KY,McCracken,4,11,1695,1316,1366,NG
KY,Meade,1,0,0,0,0,
KY,Mercer,3,15,1487.9,1361.8,1463.8,WAT
KY,Metcalfe,1,1,55,55,55,SUN
KY,Muhlenberg,2,7,1853.6,1763,1853,NG
KY,Ohio,1,1,509.4,417,417,BIT
KY,Oldham,1,3,624,501,567,NG
KY,Pendleton,1,4,3.2,3.2,3.2,LFG
KY,Perry,2,0,0,0,0,
KY,Pulaski,1,2,344,341,341,BIT
KY,Rowan,1,1,1.4,1.4,1.4,LFG
KY,Russell,1,6,270,300,300,WAT
KY,Scott,1,2,2,2,2,LFG
KY,Shelby,1,1,2.1,1.7,1.7,SUN
KY,Simpson,3,2,6,6,6,SUN
KY,Taylor,1,2,5,3.3,3.4,WDS
KY,Trimble,1,8,2594.1,2179,2327,NG
KY,Washington,1,0,0,0,0,
KY,Webster,3,3,684.8,512,519,NG
KY,Woodford,1,0,0,0,0,
LA,Acadia,5,13,1818.1,1366.8,907.7,NG
LA,Allen,1,1,142.8,125,125,SUN
LA,Ascension,3,6,248,221.6,235.8,NG
LA,Beauregard,1,1,61.5,61.5,61.5,BLQ
LA,Bienville,1,0,0,0,0,
LA,Bolivar,1,0,0,0,0,
LA,Caddo,4,6,977,829,852,NG
LA,Calcasieu,12,34,4015.6,3429.2,3578.1,NG
LA,Concordia,1,8,192,192,192,WAT
LA,DeSoto,3,4,172,117.3,128.5,BLQ
LA,East Baton Rouge,5,14,831.6,689.3,722.4,NG
LA,Evangeline,1,5,922.8,733.6,0,NG
LA,Franklin,1,0,0,0,0,
LA,Iberia,1,1,1,1,1,AB
LA,Iberville,9,16,1959.8,1648.4,1853.4,NG
LA,Jackson,1,3,66.4,66.4,66.4,BLQ
LA,Jefferson,2,8,2448.7,2384.2,2497.1,NG
LA,Lafayette,4,4,201.6,190.6,187.9,NG
LA,Lafourche,2,0,0,0,0,
LA,Lincoln,1,1,7.5,6.4,7.4,NG
LA,Morehouse,2,0,0,0,0,
LA,Morehouse Parish,1,1,98.1,98.1,98.1,SUN
LA,Natchitoches,1,1,78.8,55,62,BLQ
LA,Orleans,8,11,156.1,156.1,156.1,SUN
LA,Ouachita,6,14,1871.5,1570,1786.3,NG
LA,Plaquemines,2,5,23.5,22.2,23.5,NG
LA,Pointe Coupee,5,14,2705.1,2345.5,2405.1,NG
LA,Rapides,3,10,1772.4,1582.6,1603.2,NG
LA,Red River,1,1,20.8,20.5,20.8,WH
LA,Richland,4,1,200,200,200,SUN
LA,St Bernard,4,6,65.7,55.4,54.2,WH
LA,St Charles,6,16,4907,4434.4,4624.7,NG
LA,St James,5,11,138,127.3,132.2,NG
LA,St Landry,2,1,135,135,135,SUN
LA,St Mary,8,6,202.7,169,172.4,WH
LA,Tangipahoa,1,0,0,0,0,
LA,Terrebonne,1,3,78.9,67.5,67.5,NG
LA,Vermilion,1,0,0,0,0,
LA,Washington,4,7,599.1,557.3,608.8,SUN
LA,West Baton Rouge,2,3,57.6,57,57,SUN
LA,West Feliciana,2,2,1048.4,991.5,1007.3,NUC
MA,Barnstable,22,32,1585.4,1539.2,1586.7,SUN
MA,Berkshire,41,52,1016.1,994.7,1019.3,SUN
MA,Bristol,70,82,586.1,520.8,557.4,SUN
MA,Dukes,7,8,16.6,17.1,17.1,SUN
MA,Essex,34,53,1173,989.2,1047.7,SUN
MA,Franklin,33,58,1334,1338.03,1337.23,SUN
MA,Hampden,82,125,1407.2,1233.9,1386.8,SUN
MA,Hampshire,37,56,147.7,143.1,138.2,SUN
MA,Middlesex,60,81,463.8,439.2,451.3,SUN
MA,Nantucket,1,3,22.4,20.5,22.4,DFO
MA,Norfolk,38,59,2489.6,2064.23,2368.97,SUN
MA,Plymouth,79,84,313.7,295.8,295.8,SUN
MA,Suffolk,12,48,268.9,229.1,269.1,DFO
MA,Worcester,184,230,1933.2,1680.5,1800.7,SUN
MD,,2,0,0,0,0,
MD,Allegany,4,1,19.8,19.8,19.8,SUN
MD,Anne Arundel,12,15,2318.2,2137.4,2137.1,SUN
MD,Baltimore,21,20,30.7,31.9,31.2,SUN
MD,Baltimore City,12,18,177.4,150.7,155.4,SUN
MD,Calvert,1,2,1850.4,1745.2,1810,NUC
MD,Caroline,2,2,2,2,2,MWH
MD,Carroll,4,3,16.2,16.2,16.2,SUN
MD,Cecil,9,12,1917.9,1666.6,1764.9,SUN
MD,Charles,5,8,948.6,883.6,932.8,SUN
MD,Dorchester,7,6,207.3,194,194,SUN
MD,Frederick,9,8,51.7,51.7,48.6,SUN
MD,GARRETT,1,1,70,70,70,WND
MD,Garrett,14,11,149.2,147.2,145.2,SUN
MD,Harford,18,32,1087.2,963.1,1132,SUN
MD,Howard,25,23,41.1,41.1,40.6,SUN
MD,Kent,6,5,11.5,11.5,11.5,SUN
MD,Montgomery,16,31,500.4,459.1,498.1,SUN
MD,Prince Georges,35,51,3121.9,2763.4,2922.1,SUN
MD,Prince Geroges,1,1,3,3,3,SUN
MD,Queen Annes,8,7,102.8,102.8,102.4,SUN
MD,Somerset,6,13,98.7,96.3,94.5,DFO
MD,Talbot,3,18,71.4,68.4,69.6,DFO
MD,Washington,14,14,62.2,53.7,56.2,SUN
MD,Wicomico,8,22,24,24,24,SUN
MD,Worcester,3,6,15.2,15.2,15.2,SUN
ME,Androscoggin,29,42,191.9,181.2,190.3,SUN
ME,Aroostook,26,26,289.2,285.4,284.1,SUN
ME,Cumberland,22,44,1619.7,1537.27,1620,SUN
ME,Franklin,13,28,495,460.8,495,SUN
ME,Hancock,12,13,377.6,369.2,373.9,SUN
ME,Kennebec,27,35,112,111,110.8,SUN
ME,Knox,5,4,14,14,14,SUN
ME,Lincoln,3,3,12.5,12.5,12.5,SUN
ME,Oxford,20,24,585,546.8,581.6,SUN
ME,Penobscot,34,86,1016.8,928.8,981.3,SUN
ME,Piscataquis,3,3,210.5,210.5,210.3,SUN
ME,Sagadahoc,5,7,24.1,23.5,23.1,SUN
ME,Somerset,35,66,429.2,447.6,446.3,SUN
ME,WALDO,1,2,3.2,2.9,2.9,DFO
ME,Waldo,8,7,143.3,141.8,141.8,SUN
ME,Washington,7,17,188.1,176.2,175.4,SUN
ME,York,19,27,128.8,136.8,136.8,SUN
MI,Alcona,2,3,28,19.1,21,WAT
MI,Alger,1,1,6.2,5.8,5.8,BIT
MI,Allegan,5,10,230.3,204,231.3,NG
MI,Alpena,5,14,54.4,54.4,54.4,WAT
MI,BAY,1,2,3.2,3,3,LFG
MI,Baraga,3,6,80.6,75,75,NG
MI,Bay,5,6,1430.3,1227,1267.3,NG
MI,Berrien,7,33,2311.6,2198.2,2296.8,WAT
MI,Branch,8,6,36.2,36.2,36.2,SUN
MI,Calhoun,14,17,498.6,493.2,495.7,SUN
MI,Cass,2,3,1174.4,1081.5,1097.1,NG
MI,Charlevoix,1,3,3.3,2.8,2.8,DFO
MI,Cheboygan,3,6,24.6,21.8,27.6,WAT
MI,Chippewa,5,86,89.4,71.4,64.7,DFO
MI,Clare,2,1,1.6,1.6,1.6,LFG
MI,Clinton,3,5,23.2,23.2,23.2,SUN
MI,Crawford,1,1,38.6,38.6,38.6,WDS
MI,Delta,6,8,248.1,220.1,225.3,WND
MI,Dickinson,6,13,89.9,92.8,92.8,WAT
MI,Eaton,4,6,287.2,246.8,278.9,SUN
MI,Emmet,1,0,0,0,0,
MI,Genesee,11,19,76.2,71.7,71.7,SUN
MI,Gladwin,1,1,20,20,20,SUN
MI,Gogebic,1,2,1.4,1,1.2,WAT
MI,Grand Traverse,1,1,1,1,1,SUN
MI,Gratiot,11,13,943.6,943.4,943.4,WND
MI,Hillsdale,4,4,163.6,163.6,163.6,SUN
MI,Houghton,1,0,0,0,0,
MI,Huron,19,41,1023.8,1019.3,1022,WND
MI,Ingham,6,15,276,251,278,SUN
MI,Ionia,3,5,8.1,4.5,5.1,DFO
MI,Iosco,4,10,28,21.3,22,WAT
MI,Iron,5,9,27.2,27.2,27.2,WAT
MI,Isabella,4,4,549.6,549,549.7,WND
MI,Jackson,3,11,674,559.4,603.8,SUN
MI,KENT,1,3,4.8,4.5,4.5,LFG
MI,Kalamazoo,6,9,96.2,89.1,95.9,NG
MI,Kalkaska,1,1,60.5,48.3,57.09,NG
MI,Kent,8,10,67.5,61.4,64.1,NG
MI,Lapeer,2,2,48,48,48,SUN
MI,Leelanau,2,2,2.8,2.8,2.8,SUN
MI,Lenawee,5,6,44.4,44.4,44.4,SUN
MI,Livingston,1,5,13.5,14,14,DFO
MI,Macomb,3,23,135.4,122.6,151.6,LFG
MI,Manistee,3,6,109.6,85.5,86.1,WAT
MI,Marquette,9,18,223.5,213.3,213.1,WAT
MI,Mason,4,9,2217.7,2408.6,2439,WND
MI,Mecosta,1,4,6.8,2.4,2.8,WAT
MI,Menominee,4,15,25.1,24.3,24.3,WAT
MI,Midland,1,16,1853.8,1864.6,2044.6,NG
MI,Missaukee,5,5,86,83,83,SUN
MI,Monroe,4,15,4594.1,4292,4356,DFO
MI,Montcalm,6,10,961.7,826.5,957.5,NG
MI,Muskegon,4,5,23.2,23.2,23.2,NG
MI,Newaygo,3,9,46.2,42.7,43.3,WAT
MI,Oakland,4,16,151.8,124.2,155.2,DFO
MI,Oceana,2,3,5.1,5.1,5.1,DFO
MI,Ontonagon,1,2,12,11.8,11.8,WAT
MI,Osceola,2,4,53.1,51.8,63.2,NG
MI,Oscoda,2,3,15,11.4,11.6,SUN
MI,Otsego,4,9,694.1,597.8,681.3,NG
MI,Ottawa,12,35,2725.3,2348.3,2459.6,NG
MI,Presque Isle,1,0,0,0,0,
MI,Saginaw,5,4,9.2,8.2,8.2,SUN
MI,Sanilac,4,8,128.4,127.1,128.3,WND
MI,Schoolcraft,1,2,4.8,4.8,4.8,DFO
MI,Shiawassee,7,11,287,286.6,286.6,SUN
MI,St Clair,11,28,4393,4007.8,4214.8,NG
MI,St Joseph,5,14,26,24,24.8,WAT
MI,Tuscola,7,19,655.9,655.5,655.5,WND
MI,Van Buren,2,7,1987.8,2354.8,2606.4,NG
MI,Washtenaw,10,23,175.5,152.8,183.2,NG
MI,Wayne,18,41,1340.9,1275.1,1493.3,NG
MI,Wexford,2,3,61,42.2,42.8,WDS
MN,Anoka,3,3,16.7,16.7,16.7,SUN
MN,Becker,1,1,12.5,9.6,9.6,DFO
MN,Beltrami,2,2,51.3,43.57,51.3,NG
MN,Benton,17,31,29.3,28.9,28.9,SUN
MN,Blue Earth,22,39,825.5,730,795.6,SUN
MN,Brown,3,16,98.9,90.8,92.8,DFO
MN,Carlton,6,26,182.3,167.9,169.3,WAT
MN,Carver,19,29,150.6,145.7,153.2,SUN
MN,Cass,3,6,18.6,18.7,18.7,WAT
MN,Chippewa,17,23,64.9,63.8,63.6,SUN
MN,Chisago,43,63,190.3,188.4,188.4,SUN
MN,Clay,12,17,77.6,74.3,74.3,SUN
MN,Cook,2,3,6.7,6.1,6.1,DFO
MN,Cottonwood,8,15,306.7,298.3,298.9,WND
MN,Crow Wing,2,6,8.7,8.7,8.7,SUN
MN,Dakota,36,78,1059.2,944.2,1058.1,SUN
MN,Dodge,20,27,76.5,75.9,75.7,SUN
MN,Douglas,5,7,17.2,16.2,16.2,SUN
MN,Faribault,6,16,60.4,60.2,60.2,WND
MN,Fillmore,7,13,65.4,65.5,65.5,SUN
MN,Freeborn,6,6,425.3,407.3,407.3,WND
MN,Goodhue,31,35,1605.8,1423.89,1521.89,SUN
MN,Grant,1,1,21,20,20,WND
MN,Hennepin,11,39,695.9,536.6,595.6,SUN
MN,Houston,2,2,2,2,2,SUN
MN,Isanti,6,7,215.2,194.6,219.4,SUN
MN,Itasca,4,10,955.7,963.9,963.9,SUB
MN,Jackson,9,10,358.6,354.8,354.8,WND
MN,Kanabec,2,4,15.4,14.7,14.7,NG
MN,Kandiyohi,14,19,30,29.8,29.4,SUN
MN,Koochiching,2,8,66.5,54.2,54.2,BLQ
MN,Lake,2,4,135.6,109.1,109.1,SUB
MN,Le Sueur,14,21,47.9,47.1,47.1,SUN
MN,Lincoln,26,25,1051.9,1040,1040,WND
MN,Lyon,15,17,121.2,116.8,121.8,SUN
MN,Martin,9,24,844.8,801.5,857.2,WND
MN,McLeod,21,40,188.5,167.29,169.59,SUN
MN,Meeker,7,15,65.9,65.9,65.9,SUN
MN,Mille Lacs,1,5,12.3,12.8,12.8,DFO
MN,Morrison,3,10,33.5,32.1,32.1,WAT
MN,Mower,8,11,1141.7,1087.7,1142,WND
MN,Murray,17,12,358,349.5,349.3,SUN
MN,Nicollet,9,13,16.5,16.5,16.5,SUN
MN,Nobles,11,23,510.6,509.6,509.6,WND
MN,Norman,1,2,4,3.8,3.8,DFO
MN,Olmsted,18,42,231,211.7,211.4,SUN
MN,Otter Tail,4,4,53.4,53.2,53.2,WAT
MN,Pennington,1,6,6.5,5.8,5.8,DFO
MN,Pine,2,2,28,24.4,31.5,SUN
MN,Pipestone,29,39,383.7,381.6,381.6,WND
MN,Polk,2,4,14,14,14,SUB
MN,Pope,20,23,29,28.5,28.5,SUN
MN,Ramsey,5,9,701,582.9,624.9,NG
MN,Red Lake,1,2,5.6,5.6,5.6,SUN
MN,Redwood,12,19,29.9,29.3,29.1,SUN
MN,Renville,29,28,35.4,35.3,35.3,SUN
MN,Rice,31,37,401,327.2,355.3,SUN
MN,Rock,8,7,328.5,328.5,328.5,WND
MN,Scott,10,19,639.4,530.9,621.9,SUN
MN,Sherburne,34,33,2181.3,2021.51,2042.11,SUN
MN,Sibley,5,5,7.3,7.3,7.3,SUN
MN,St Louis,7,11,268.9,235.4,240.9,NG
MN,Stearns,42,67,190.7,189.5,189.5,SUN
MN,Steele,11,18,123.8,121.1,121.1,SUN
MN,Stevens,3,3,4.4,2,2.6,WND
MN,Swift,1,5,9,9,9,DFO
MN,Wabasha,10,11,13.5,13.19,13.19,SUN
MN,Waseca,21,28,37.8,37.29,37.59,SUN
MN,Washington,18,31,924.2,803.7,818.7,SUN
MN,Watonwan,2,11,23.8,22.6,23.3,DFO
MN,Wilkin,1,0,0,0,0,
MN,Winona,14,18,32,30.09,29.99,SUN
MN,Wright,25,40,806.4,733,770.4,SUN
MN,Yellow Medicine,5,6,13,13,13,SUN
MO,Adair,2,0,0,0,0,
MO,Atchison,5,5,800.4,776.9,790.3,WND
MO,Audrain,6,12,1118.4,903.3,1048,SUN
MO,Barton,1,1,149.4,145.5,145.5,WND
MO,Bates,2,7,13.7,12.1,12.1,DFO
MO,Benton,1,6,161.4,186,186,WAT
MO,Bollinger,1,0,0,0,0,
MO,Boone,5,27,320.6,283.9,310.5,DFO
MO,Buchanan,2,8,280,250.79,256.69,NG
MO,Butler,1,5,34.1,32.69,32.69,NG
MO,Caldwell,1,0,0,0,0,
MO,Callaway,3,4,1269,1215.3,1266.9,NUC
MO,Camden,1,2,3,3,3,WAT
MO,Cape Girardeau,3,11,27.5,26.5,27.4,SUN
MO,Carroll,1,6,20.6,19.5,19.5,NG
MO,Cass,3,7,1095.1,1043.5,1132.3,NG
MO,Cedar,2,2,54.5,54.5,54.5,SUN
MO,Chariton,1,4,6.4,5.2,6,DFO
MO,Christian,1,1,7.9,7.9,7.9,SUN
MO,Clark,1,8,7.4,7.1,7.4,DFO
MO,Clay,1,0,0,0,0,
MO,Clinton,1,0,0,0,0,
MO,Cole,3,5,132.1,111.7,140.7,DFO
MO,Dade,1,0,0,0,0,
MO,Daviess,2,4,7.2,7,7,DFO
MO,DeKalb,2,2,368.9,363.8,363.8,WND
MO,Dunklin,4,14,553.9,476.9,499.9,DFO
MO,Franklin,1,4,2389.4,2372,2464,SUB
MO,Gentry,2,5,61,61,61,WND
MO,Greene,7,10,926.4,825.9,825.9,NG
MO,Grundy,4,13,30.3,29.5,29.5,DFO
MO,Henry,2,0,0,0,0,
MO,Howard,1,4,10.9,9.2,9.2,DFO
MO,Howell,2,3,55.4,50,57,NG
MO,Jackson,14,31,2018.5,1736.8,1665.2,NG
MO,Jasper,5,18,1113.6,923.9,1024.9,NG
MO,Jefferson,1,0,0,0,0,
MO,Johnson,1,3,321.3,261,294,NG
MO,Laclede,1,1,2.5,2.5,2.5,SUN
MO,Lafayette,2,7,54.1,49.7,53.1,DFO
MO,Lawrence,1,1,149.4,145.6,145.6,WND
MO,Lincoln,1,0,0,0,0,
MO,Linn,1,4,8,8,8,DFO
MO,Livingston,2,8,92.5,92.5,96.5,DFO
MO,Macon,6,5,17.4,17.8,18.8,DFO
MO,Madison,1,2,27.6,24,27.6,NG
MO,Maries,1,0,0,0,0,
MO,Miller,1,8,208,234,234,WAT
MO,Montgomery,1,1,5.7,5.7,5.7,SUN
MO,New Madrid,1,2,1300,1200,1222,SUB
MO,Nodaway,5,6,844.5,699.9,756.9,WND
MO,Phelps,1,1,2.8,2.8,2.8,SUN
MO,Pike,1,4,240,172,216,NG
MO,Platte,2,2,1753.9,1602.2,1602.2,SUB
MO,Pulaski,1,1,2.8,2.8,2.8,SUN
MO,Putnam,2,11,61.9,48,52,DFO
MO,Ralls,2,2,58,58,58,WAT
MO,Randolph,2,4,1242.3,1184,1222,DFO
MO,Reynolds,1,2,408,440,440,WAT
MO,Saline,2,7,33.6,32.1,35.1,NG
MO,Schuyler,1,1,400,375.5,385.4,WND
MO,Scotland,1,10,8.8,8.8,8.8,DFO
MO,Scott,3,1,261,240,240,SUB
MO,Shelby,3,8,14.8,14.8,14.8,DFO
MO,St Charles,2,3,1103.9,978.5,998.5,SUN
MO,St Francois,5,9,18.5,12.9,14.5,DFO
MO,St Louis,4,6,34.2,33.4,34.8,NG
MO,St Louis City,4,12,45.9,45.87,45.87,SUN
MO,Stoddard,1,1,121.2,94,122,NG
MO,Taney,2,8,216,232.5,232.5,WAT
MO,Vernon,1,1,21.6,16,20.1,DFO
MO,Warren,1,1,139,139,139,SUN
MO,Wright,1,2,4,3.8,3.8,LFG
MS,,1,0,0,0,0,
MS,Adams,1,0,0,0,0,
MS,Attala,1,3,551.3,459.3,515.5,NG
MS,Benton,1,6,1003.5,918,999,NG
MS,Bolivar,1,0,0,0,0,
MS,Carroll,1,1,100,100,100,SUN
MS,Chickasaw,2,2,4.7,4.7,4.7,LFG
MS,Choctaw,3,8,2263.2,1931,2089,NG
MS,Claiborne,1,1,1440,1390.3,1404.7,NUC
MS,Clarke,1,1,78.5,78.5,78.5,SUN
MS,Clay,1,0,0,0,0,
MS,Coahoma,4,9,546.1,542,544.8,NG
MS,Covington,1,0,0,0,0,
MS,DeSoto,3,1,100,100,100,SUN
MS,Desoto,1,6,903.9,780,891,NG
MS,Forrest,2,1,50,50,50,SUN
MS,George,1,2,28.4,22.6,22.6,NG
MS,Grenada,1,0,0,0,0,
MS,Hancock,1,1,78.5,78.5,78.5,SUN
MS,Harrison,2,4,922.6,757.5,765.7,SUN
MS,Henderson,1,0,0,0,0,
MS,Hinds,4,5,604.6,476.9,552.4,NG
MS,Jackson,2,13,2399.5,2289.6,2340.6,NG
MS,Jasper,2,0,0,0,0,
MS,Jefferson Davis,1,3,250.5,225,250.5,NG
MS,Jones,1,7,510.5,477,510.5,NG
MS,Kemper,2,7,1212,997.2,1104.4,NG
MS,Lamar,3,4,662,634.5,685.7,SUN
MS,Lauderdale,4,8,108.4,98.5,107.5,SUN
MS,Lawrence,1,2,81.5,81.5,81.5,BLQ
MS,Leake,1,2,3,3,3,MWH
MS,Lowndes,4,12,1129.6,1093.6,1204.6,NG
MS,Madison,1,1,100,100,100,SUN
MS,Marshall,4,1,4.8,4.8,4.8,SUN
MS,Monroe,1,0,0,0,0,
MS,Oktibbeha,1,2,26,26,26,NG
MS,Panola,6,9,904.1,871.1,896.6,SUN
MS,Perry,1,2,50.4,52.2,53.4,BLQ
MS,Rankin,1,1,1.2,1.2,1.2,SUN
MS,Scott,1,1,175,175,175,SUN
MS,Smith,2,4,148.2,135.2,149.2,NG
MS,Sunflower,3,2,199,199,199,SUN
MS,Tallahatchie,1,0,0,0,0,
MS,Walthall,1,2,1.6,1.4,1.6,WH
MS,Warren,4,11,58.5,46.2,46.4,NG
MS,Washington,3,1,781.4,706.5,729.8,NG
MS,Yazoo,2,4,59.1,53.3,57.3,NG
MT,Beaverhead,2,1,80,80,80,SUN
MT,Big Horn,3,6,396.9,397.5,397.5,SUB
MT,Broadwater,1,1,9.7,9.7,9.7,WAT
MT,Carbon,4,2,241.8,241.8,239.8,WND
MT,Cascade,8,20,330.9,345.1,345.1,WAT
MT,Custer,2,2,231.2,231.5,235.4,WND
MT,Dawson,1,2,83.7,74.9,84.1,NG
MT,Deer Lodge,2,3,203.1,132.3,144.3,NG
MT,Fallon,1,1,30,30,30,WND
MT,Flathead,4,10,438.1,438.8,438.8,WAT
MT,Gallatin,1,1,2,2,2,SUN
MT,Golden Valley,1,1,3,3,3,SUN
MT,Granite,1,1,2,2,2,WAT
MT,Judith Basin,2,2,120,120,120,WND
MT,Lake,1,3,227.8,227.8,227.8,WAT
MT,Lewis and Clark,4,10,77.3,79.9,79.9,WAT
MT,Liberty,1,1,7.5,7.5,7.5,WAT
MT,Lincoln,1,5,525,525,525,WAT
MT,Madison,1,4,16.4,16.4,16.4,WAT
MT,McCone,2,5,179.7,218,218,WAT
MT,Meagher,1,4,17.7,17.7,17.7,WND
MT,Missoula,1,0,0,0,0,
MT,Richland,1,2,18.6,18.2,18.2,NG
MT,Roosevelt,3,9,168.2,125,155,WH
MT,Rosebud,5,6,2261.8,2086.3,2088.8,WND
MT,Sanders,2,12,585.9,674.2,716.5,WAT
MT,Silver Bow,1,9,54.9,54,54,NG
MT,Stillwater,4,4,93.7,93.7,93.7,WAT
MT,Sweet Grass,2,1,25,25,25,WND
MT,Teton,3,4,48,48,35,WND
MT,Toole,3,3,399,390.2,390.2,WND
MT,Wheatland,6,4,164.7,164.7,164.7,WND
MT,Yellowstone,8,23,359.9,302.2,305.2,SUN
NC,,2,0,0,0,0,
NC,Alamance,11,10,32.7,32.7,32.7,SUN
NC,Alexander,3,3,11,11,11,SUN
NC,Anson,10,24,570.6,547.4,591,SUN
NC,Beaufort,11,11,196.5,196.5,196.5,SUN
NC,Bertie,6,6,45,44.7,44.7,SUN
NC,Bladen,18,35,372,372,372,SUN
NC,Brunswick,5,8,2070.6,1929.8,1995.3,SUN
NC,Buncombe,9,13,1032.8,835.3,951.3,SUN
NC,Burke,9,11,48.5,51.7,51.6,DFO
NC,Cabarrus,7,8,126.7,124.3,124.8,SUN
NC,Caldwell,4,6,39.8,47.4,47.2,SUN
NC,Camden,4,4,35,35,35,SUN
NC,Carteret,1,0,0,0,0,
NC,Caswell,4,4,17.9,17.9,17.9,SUN
NC,Catawba,18,20,2328.1,2269.5,2280,SUN
NC,Chatham,13,12,42.1,42,42,SUN
NC,Cherokee,4,5,168.3,176.4,144,SUN
NC,Chowan,6,7,211.4,211.4,211.4,SUN
NC,Clay,2,4,15,15.7,14.9,WAT
NC,Cleveland,30,37,2953.6,2752.8,2817,SUN
NC,Columbus,20,20,165.9,166.3,162.5,SUN
NC,Craven,12,29,137,124.9,128.9,SUN
NC,Cumberland,16,26,448.2,369.8,409.8,SUN
NC,Currituck,5,5,262.4,262.4,262.4,SUN
NC,Dare,2,5,15,15,15,DFO
NC,Davidson,12,14,53.8,57.3,54,DFO
NC,Davie,9,6,40.4,40.4,40.4,SUN
NC,Duplin,37,47,194.9,193.8,193.6,SUN
NC,Durham,5,6,18.7,18.6,18.6,SUN
NC,Edgecombe,9,10,284,284.1,284.1,SUN
NC,Forsyth,5,8,22,19.4,19.8,SUN
NC,Franklin,12,14,135.6,135.5,135.5,SUN
NC,Gaston,18,27,146.4,153.8,153.8,SUN
NC,Gates,3,3,15,15,15,SUN
NC,Graham,2,7,185,183,183,WAT
NC,Granville,9,9,42.7,42.6,42.6,SUN
NC,Greene,6,10,27,27,27,SUN
NC,Guilford,14,17,41.9,40.9,40.9,SUN
NC,Halifax,20,27,710.3,724,754.3,SUN
NC,Harnett,14,13,56.7,56.6,56.6,SUN
NC,Haywood,2,4,109.5,113.5,113.5,SUN
NC,Henderson,4,5,12,12.9,12.9,SUN
NC,Hertford,16,20,203.5,221.9,221.9,SUN
NC,Hoke,5,5,34.8,34.7,34.7,SUN
NC,Hyde,2,4,8.5,8.5,8.5,DFO
NC,Iredell,8,9,42.9,43.9,43.9,SUN
NC,Jackson,5,5,50.8,49.6,49.6,WAT
NC,Johnston,32,30,107.1,105.9,105.9,SUN
NC,Jones,12,10,120.5,120.6,120.4,SUN
NC,Lee,9,9,38.8,40.1,40.1,SUN
NC,Lenoir,15,18,165.2,165.2,165.2,SUN
NC,Lincoln,6,25,2653.6,1863.6,2246.6,WAT
NC,Macon,3,4,45.6,47.4,47.4,WAT
NC,Madison,3,10,12.5,11.5,11.5,WAT
NC,Martin,17,17,216,216.8,216.8,SUN
NC,Mecklenburg,8,9,2457.4,2332,2402.6,DFO
NC,Montgomery,13,23,261.2,258.1,258.1,SUN
NC,Moore,11,20,49.2,49.2,49.2,SUN
NC,NOT IN FILE,1,0,0,0,0,
NC,Nash,33,31,299.4,298.8,298.6,SUN
NC,New Hanover,4,7,853.6,700.6,818.6,SUN
NC,Northampton,17,17,362.8,362.8,362.8,SUN
NC,Onslow,11,9,45.6,45.5,45.5,SUN
NC,Orange,6,7,50,50.3,50.7,SUN
NC,Pamlico,2,2,10,10,10,SUN
NC,Pasquotank,3,3,43.1,42.9,42.9,SUN
NC,Pender,9,9,137.3,137.3,137.3,SUN
NC,Perquimans,9,9,259.2,258.8,258.8,SUN
NC,Person,10,12,3343.9,3165.5,3197.5,SUN
NC,Pitt,11,19,47.8,45.5,46,SUN
NC,Polk,1,2,5.4,5.4,5.4,WAT
NC,ROCKINGHAM,1,3,1.2,1.2,1.2,WAT
NC,Randolph,19,21,70.7,70.6,70.6,SUN
NC,Richmond,14,31,2682.2,2315,2707.6,SUN
NC,Robeson,50,50,418.7,377.3,416.3,SUN
NC,Rockingham,11,17,1717.3,1528.9,1654.9,SUN
NC,Rowan,15,22,1943.4,1695.6,1888.4,SUN
NC,Rutherford,13,13,126.8,126.3,126.3,SUN
NC,Sampson,14,15,50.3,50.2,50.2,SUN
NC,Scotland,19,16,148.7,148.7,148.7,SUN
NC,Stanly,10,15,282,290.8,291.3,SUN
NC,Stokes,6,6,2555.1,2283.9,2283.9,SUN
NC,Surry,8,8,91.8,91.7,91.7,SUN
NC,Swain,1,3,254.7,304.2,304.2,WAT
NC,Union,7,8,106.7,100.6,106.6,SUN
NC,Vance,13,13,107.8,107.6,106.6,SUN
NC,WILSON,1,2,2.8,2.6,2.6,DFO
NC,Wake,17,21,1007.9,1018.9,1065.3,SUN
NC,Warren,11,11,154.4,154.3,138.8,SUN
NC,Washington,3,3,149.6,159,159,SUN
NC,Wayne,37,41,2180.9,1843.1,2162.1,SUN
NC,Wilkes,1,0,0,0,0,
NC,Wilson,13,13,128.4,122,111.7,SUN
NC,Yadkin,9,7,81.4,81.4,81.4,SUN
ND,Adams,1,2,155.5,155.5,155.5,WND
ND,Barnes,3,3,258.9,258.9,258.9,WND
ND,Bowman,2,1,19.5,19.5,19.5,WND
ND,Burke,1,1,199.4,199.4,199.4,WND
ND,Burleigh,3,4,201.4,201.4,201.4,WND
ND,Cass,2,1,2,2,1.3,DFO
ND,Cavalier,3,3,199.5,199.5,199.5,WND
ND,Dickey,2,2,330,330,330,WND
ND,Emmons,1,1,200,200,200,WND
ND,Grand Forks,1,0,0,0,0,
ND,LaMoure,1,1,61.5,61.5,61.5,WND
ND,McHenry,2,2,111.9,111.9,111.9,WND
ND,McIntosh,2,1,150,150,150,WND
ND,McKenzie,1,6,363,240,270,NG
ND,McLean,2,4,1215.6,1148.2,1148.2,RC
ND,Mercer,6,10,2643.4,2496.4,2503.3,LIG
ND,Morton,10,14,996,993.7,1037.1,WND
ND,Oliver,4,5,1031.4,981.4,989.4,WND
ND,Pembina,2,1,6,6,6,SUB
ND,Pierce,1,1,149,149,149,WND
ND,Ransom,1,2,9.8,9.8,9.8,AB
ND,Richland,2,1,1.5,1.5,1.5,DFO
ND,Rolette,1,1,150,147.9,147.9,WND
ND,Stark,2,2,300,300,300,WND
ND,Steele,2,2,169.5,169.5,169.5,WND
ND,Stutsman,3,4,354.4,327.71,340.67,WND
ND,Traill,2,3,17.3,17.3,17.3,SUB
ND,Walsh,1,4,4,4,4,DFO
ND,Ward,2,2,120,120,120,WND
ND,Williams,5,17,741.9,681.6,690.6,WND
NE,Adams,5,7,388.5,355,355,NG
NE,Antelope,5,5,818.2,812.3,812.3,WND
NE,Boone,2,2,120.4,120.4,120.4,WND
NE,Boyd,1,0,0,0,0,
NE,Brown,1,1,59.4,59.4,59.4,WND
NE,Buffalo,2,2,7.3,6.8,6.8,WAT
NE,Burt,3,5,3.9,2.5,2.5,SUN
NE,Butler,1,7,10.6,8.7,8.7,DFO
NE,Cass,2,3,346,324.8,247.8,MWH
NE,Cedar,2,6,135.8,104.9,105.2,WAT
NE,Cherry,1,1,1.9,1.9,1.9,WND
NE,Cheyenne,1,3,5.1,4.1,4.2,NG
NE,Cuming,3,7,10.7,10.7,10.7,WND
NE,Custer,5,13,165.6,165.1,165.1,NG
NE,Dakota,2,2,3.8,3.8,3.8,MWH
NE,Dawson,3,3,6.5,6.6,4.6,SUN
NE,Deuel,1,1,1.1,1,1,DFO
NE,Dixon,3,8,323.8,322.9,322.9,NG
NE,Dodge,3,10,177.7,164.2,166.2,SUN
NE,Douglas,5,18,784.1,696.45,528.45,LFG
NE,Fillmore,1,3,6.9,6.9,6.9,WND
NE,Franklin,3,7,10.5,10.5,10.5,DFO
NE,Frontier,1,3,3.4,3,3,NG
NE,Furnas,3,10,9.4,8.7,9.2,DFO
NE,Gage,1,3,247.1,219.5,219.5,NG
NE,Garfield,1,4,3.9,3.9,3.9,DFO
NE,Gosper,3,4,152.9,141.8,141.8,WAT
NE,Greeley,1,5,2.1,2.1,2.1,DFO
NE,Hall,3,5,262.5,191.5,214.7,NG
NE,Holt,2,3,401.5,401.5,401.5,WND
NE,Howard,1,1,1,1,1,SUN
NE,Jefferson,1,1,74.8,74.8,74.8,WND
NE,Johnson,1,5,7,6.6,6.6,DFO
NE,Keith,1,1,50,41,41,WAT
NE,Keya Paha,1,2,3,3,3,WND
NE,Kimball,2,1,30,30,30,WND
NE,Knox,2,2,121,121,121,WND
NE,Lancaster,9,19,807.7,731.7,744.7,NG
NE,Lincoln,3,6,1410.4,1410,1410,WAT
NE,Madison,4,6,16.4,14.1,14.1,DFO
NE,Nemaha,2,7,819.7,786,787.2,DFO
NE,Otoe,4,14,1433.2,1375.5,1375.5,NG
NE,Platte,5,11,139.1,121.7,120.7,WAT
NE,Polk,2,2,3.5,3.5,3.5,WND
NE,Red Willow,1,1,56.7,40.9,40.9,DFO
NE,Richardson,2,10,91.3,89.2,89.2,NG
NE,Saline,4,7,309.6,309.1,309.2,NG
NE,Sarpy,3,9,339.9,317.4,371.4,NG
NE,Saunders,2,7,95.2,94.6,94.6,SUN
NE,Scotts Bluff,2,2,11.5,10,10,SUN
NE,Seward,2,2,2.7,2.7,2.7,SUN
NE,Thayer,3,4,59.4,44.7,44.7,DFO
NE,Thurston,1,4,4.9,4.5,4.5,DFO
NE,Valley,1,5,12,10.8,10.8,DFO
NE,Washington,3,1,5,5,5,SUN
NE,Wayne,4,11,709.8,708.2,708.2,WND
NE,Webster,4,8,347.4,346.9,346.9,DFO
NE,York,1,3,3.1,3.1,3.1,DFO
NH,Belknap,2,5,3.6,3.5,3.5,WAT
NH,Carroll,2,2,43.6,37.5,42.4,WDS
NH,Coos,10,36,301.2,281.2,289.3,WAT
NH,GRAFTON,1,1,17.5,15,15,WDS
NH,Grafton,10,25,457.3,449.4,454.6,WAT
NH,Hillsborough,9,17,62.6,63.7,64.2,WAT
NH,Merrimack,12,20,550.4,520.5,530.9,WAT
NH,Rockingham,6,13,3227.7,3038,3171.4,NG
NH,Strafford,5,14,21.2,20.2,21.5,WAT
NH,Sullivan,4,4,45.2,41.3,41.5,WND
NJ,,2,0,0,0,0,
NJ,Atlantic,20,23,56.2,55.48,55.08,SUN
NJ,Bergen,7,23,1428.6,1282.6,1281.8,SUN
NJ,Burlington,39,42,425.9,351.1,351.5,SUN
NJ,Camden,20,32,267.6,237,230.6,SUN
NJ,Cape May,4,3,3.6,3.5,3.5,SUN
NJ,Cumberland,22,29,540.1,438.7,475.9,SUN
NJ,Essex,23,29,865.2,822,863.7,SUN
NJ,Gloucester,19,27,1147.3,1106.6,1157.6,SUN
NJ,Hudson,24,45,1282.6,1087.1,1117.8,SUN
NJ,Hunterdon,16,21,605.5,548.6,588.4,SUN
NJ,Mercer,26,35,121.1,114.3,119.1,SUN
NJ,Middlesex,63,99,3040.9,2734.86,2916.3,SUN
NJ,Monmouth,26,27,134.8,134.8,134.8,SUN
NJ,Morris,15,15,47.6,47.5,46,SUN
NJ,Ocean,22,44,820.2,788.4,823.3,SUN
NJ,Passaic,6,21,36.4,33,33.4,WAT
NJ,Salem,5,6,3692.5,3514.8,3514.8,NUC
NJ,Somerset,24,24,62.7,61.74,61.34,SUN
NJ,Sussex,9,10,74,74,74,SUN
NJ,Union,20,41,2848.4,2663.4,2750,SUN
NJ,WARREN,1,2,12.3,9.5,11.9,NG
NJ,Warren,14,17,533.7,496.79,496.79,SUN
NM,Bernalillo,18,23,982.2,962.7,968.7,SUN
NM,Catron,1,1,100,100,100,WND
NM,Chaves,7,7,189.3,188.1,187.4,SUN
NM,Cibola,5,4,64,64,64,SUN
NM,Colfax,4,5,43.8,43.7,43.6,SUN
NM,Curry,6,6,566.6,566.6,566.6,WND
NM,Dona Ana,13,17,748.5,616.4,659.2,SUN
NM,Eddy,4,2,30.1,30.1,30.1,SUN
NM,Grant,3,13,85.4,80.4,85.5,NG
NM,Guadalupe,2,2,235,235,235,WND
NM,Hidalgo,3,11,293.2,249.2,281.6,NG
NM,Lea,16,24,1736.3,1551.7,1593.6,SUN
NM,Lincoln,5,4,730,730,730,WND
NM,Los Alamos,1,1,1,1,1,SUN
NM,Luna,8,9,794.4,700.6,752.6,SUN
NM,McKinley,5,4,658,658,658,SUN
NM,Otero,4,5,188,187.9,187.9,SUN
NM,Quay,8,8,409.4,398.8,399.2,WND
NM,Rio Arriba,7,9,147.6,148.8,148.8,SUN
NM,Roosevelt,4,4,942,510,599,WND
NM,San Juan,11,8,2033.2,1928,1937,NG
NM,San Miguel,5,4,26.5,26.5,22.9,SUN
NM,Sandoval,10,11,264.2,264.2,259,SUN
NM,Santa Fe,1,1,9.5,9.3,9.3,SUN
NM,Sierra,3,5,30.8,30.8,30.8,SUN
NM,Taos,7,7,35.8,35.8,35.8,SUN
NM,Torrance,7,7,1081.2,1081.2,1081.2,WND
NM,Union,1,0,0,0,0,
NM,Valencia,13,12,506.3,488.6,490.1,SUN
NV,CHURCHILL,1,2,23.6,20.2,28.6,GEO
NV,Carson City,1,3,6,6,6,DFO
NV,Churchill,11,24,354.8,282.9,321.3,GEO
NV,Clark,75,159,13711,12672.2,12814.8,SUN
NV,Elko,1,2,32,21.4,32,GEO
NV,Esmeralda,1,0,0,0,0,
NV,Eureka,1,3,442,418.4,419.2,SUN
NV,Humboldt,6,7,756.9,687,690.9,MWH
NV,Lander,6,11,232,164.8,232,GEO
NV,Lincoln,1,0,0,0,0,
NV,Lyon,4,9,282.3,269.2,277.9,GEO
NV,Mineral,3,3,90,76.6,90,GEO
NV,Nye,6,3,242,227,227,SUN
NV,Pershing,2,7,45.4,37.5,45.4,GEO
NV,Storey,4,30,1168.2,1087.3,1135.7,NG
NV,Washoe,20,31,668,604.7,651.3,GEO
NV,White Pine,4,1,150,150,150,WND
NY,Albany,30,52,1501.7,1328.29,1521.89,SUN
NY,Allegany,17,15,117.8,110.8,110.8,SUN
NY,Bronx,14,71,292.7,260.2,261.6,DFO
NY,Broome,13,10,163.5,163.5,163.5,SUN
NY,Cattaraugus,12,13,135.1,123.2,132.3,SUN
NY,Cayuga,16,14,51.1,51,51,SUN
NY,Chautauqua,26,24,458.5,449.2,454.2,SUN
NY,Chemung,7,6,13.3,13.3,13.3,SUN
NY,Chenango,6,5,23.3,23.3,23.3,SUN
NY,Clinton,27,42,871,825.61,856.7,SUN
NY,Columbia,12,10,42.8,40.8,42.8,SUN
NY,Cortland,8,7,50,50,50,SUN
NY,Delaware,1,1,2.3,2.3,2.3,SUN
NY,Dutchess,21,37,1375.4,1077,1198.5,SUN
NY,Erie,31,34,192,175.2,185.6,SUN
NY,Essex,9,10,77.8,76,73.8,SUN
NY,Franklin,13,15,220.7,218.4,219.1,WAT
NY,Fulton,22,24,68,66.5,65.7,SUN
NY,Genesee,24,26,122.1,103.7,114.4,SUN
NY,Greene,13,15,1265.1,1032.5,1246.4,SUN
NY,Herkimer,18,20,138.1,134.6,134.3,WAT
NY,Jefferson,37,67,245.5,234.5,243.4,WAT
NY,Kings,27,108,1519.1,1339.3,1647.3,DFO
NY,Lewis,27,58,780.8,748.2,758.8,WAT
NY,Livingston,12,9,214,214,214,SUN
NY,Madison,15,12,109.1,109.1,106.9,SUN
NY,Monroe,41,58,328.7,326.8,324.7,SUN
NY,Montgomery,18,14,166.4,166.4,166.4,SUN
NY,Nassau,17,46,1465.8,1303.87,1419.21,NG
NY,New York,16,83,897.1,802.3,894.4,DFO
NY,Niagara,24,59,3081.8,3057.1,3079.6,SUN
NY,Oneida,38,39,203.3,197.2,202.3,SUN
NY,Onondaga,34,35,377.7,322.1,349.8,SUN
NY,Ontario,20,27,52.5,52.6,50.4,SUN
NY,Orange,51,70,2727.2,2542.89,2639.81,SUN
NY,Orleans,11,9,22,21.8,21.5,SUN
NY,Oswego,32,64,5959.1,5545,5798.46,SUN
NY,Otsego,3,8,9,9,8.9,DFO
NY,Putnam,1,3,2.1,2.1,2.1,NG
NY,Queens,20,44,5573.6,5184.07,5445.6,NG
NY,Rensselaer,22,35,944.5,854.7,965.3,SUN
NY,Richmond,19,23,993.7,992.3,993.6,NG
NY,Rockland,9,22,1324,1226.4,1239.5,NG
NY,SUFFOLK,1,1,54,56.7,51.2,KER
NY,Saratoga,36,63,565.9,546.3,557.09,SUN
NY,Schenectady,16,18,76,76,76,SUN
NY,Schoharie,3,6,1052,1221.8,1221.4,SUN
NY,Schuyler,7,5,18.6,18.5,18.6,SUN
NY,Seneca,8,28,35.2,35.2,35.2,SUN
NY,St Lawrence,60,104,1350.3,1251.8,1267.6,WAT
NY,St. Lawrence,9,9,38.4,38.4,38.4,SUN
NY,Steuben,22,12,451.8,451.8,451.8,WND
NY,Suffolk,61,97,4322.1,4178.9,4497.3,SUN
NY,Sullivan,25,28,113.8,114.3,114.9,SUN
NY,Tioga,16,14,75.8,75.8,75.8,SUN
NY,Tompkins,15,24,105.5,98.4,101.7,SUN
NY,ULSTER,1,1,3.2,3.2,3.2,WAT
NY,Ulster,22,26,73.6,72.6,70.8,SUN
NY,Warren,5,9,50.6,44.1,48.6,WAT
NY,Washington,15,15,51.6,39.4,42.6,SUN
NY,Wayne,12,14,636.6,604.1,604.4,SUN
NY,Westchester,26,82,146.7,135.51,138.21,DFO
NY,Wyoming,15,13,530.1,520,530.4,SUN
NY,Yates,6,6,135.6,128.1,129.9,SUN
OH,Allen,1,0,0,0,0,
OH,Ashtabula,2,12,30.1,27.4,32.6,NG
OH,Auglaize,5,6,49.5,46.9,46.9,SUN
OH,Brown,2,4,204.8,204.5,204.5,LFG
OH,Butler,8,25,2084.3,1727.2,2031.1,NG
OH,Carroll,2,3,832.3,714.6,760.4,NG
OH,Champaign,2,1,144,144,144,SUN
OH,Clark,1,1,1.5,1.5,1.1,SUN
OH,Clermont,2,3,84,84,84,SUN
OH,Clinton,2,1,10,5,5,MWH
OH,Columbiana,1,4,1210.4,1210.4,1210.4,NG
OH,Crawford,3,5,54.9,43.4,54.9,DFO
OH,Cuyahoga,12,19,171,168.2,164.8,DFO
OH,Darke,5,11,247.7,207.7,247.7,SUN
OH,Defiance,3,12,453.6,373.5,436.5,WAT
OH,Delaware,1,2,5.2,5.2,5.2,WAT
OH,Erie,2,2,2.4,2.4,2.4,LFG
OH,Fairfield,1,0,0,0,0,
OH,Franklin,8,6,9.1,7.9,7.9,DFO
OH,Fulton,3,3,114.2,114.2,114.2,SUN
OH,Gallia,2,7,3686.5,3684.8,3712.7,BIT
OH,Greene,2,1,1.8,1.8,1.8,SUN
OH,Guernsey,1,3,2055,1782,1875,NG
OH,Hamilton,6,16,1243.7,1139.65,1162.5,DFO
OH,Hancock,8,14,20.2,20.2,20.2,WND
OH,Hardin,5,5,369,368.7,368.7,SUN
OH,Harrison,1,0,0,0,0,
OH,Henry,7,9,69.2,57.3,68.8,SUN
OH,Highland,4,4,550,550,550,SUN
OH,Huron,3,2,5.9,5.7,5.7,DFO
OH,Jackson,1,0,0,0,0,
OH,Jefferson,2,3,1880.4,1790,1810,BIT
OH,Lake,2,6,1367.1,1288.8,1316.8,BIT
OH,Lawrence,1,6,1429.8,1365,1426,NG
OH,Licking,1,1,1.9,1.9,1.9,SUN
OH,Logan,2,2,253.2,253.2,253.2,WND
OH,Lorain,5,18,577.1,521.9,554.6,NG
OH,Lucas,9,19,1286.2,1036.9,1152.8,SUN
OH,Madison,5,4,957.2,957.2,957.2,SUN
OH,Mahoning,3,5,4,4,4,LFG
OH,Marion,4,6,14.1,14.1,14.1,NG
OH,Medina,6,13,35.9,35.9,35.9,DFO
OH,Meigs,2,2,47.4,20,26,WAT
OH,Mercer,1,1,4,4,4,SUN
OH,Miami,3,4,50.7,50.9,50.9,SUN
OH,Monroe,2,7,529.7,492.8,492.8,DFO
OH,Montgomery,5,25,853.3,772.6,944.6,NG
OH,Morgan,2,0,0,0,0,
OH,Muskingum,2,3,678.3,540,625,NG
OH,Ottawa,3,4,931.2,900,914,NUC
OH,Paulding,8,13,493.6,488.6,488.6,WND
OH,Perry,1,7,5.6,5.6,5.6,LFG
OH,Pickaway,3,6,564,480,540,NG
OH,Portage,1,2,13.2,11.8,13.3,NG
OH,Putnam,4,3,54.9,54.9,54.9,SUN
OH,Richland,7,9,13.8,13.8,13.8,DFO
OH,Ross,5,6,416.7,356.4,359.6,SUN
OH,Sandusky,5,9,759.5,705.1,703,NG
OH,Scioto,2,4,137.2,104.2,104.2,WAT
OH,Seneca,1,1,3.5,3.5,3.5,NG
OH,Shelby,3,7,16.9,16.9,16.9,DFO
OH,Stark,2,1,1.9,1.9,1.9,SUN
OH,Summit,4,13,20,20,20,OBG
OH,Trumbull,8,12,1016,909.7,994.8,SUN
OH,Tuscarawas,2,10,60.4,51.7,51.7,BIT
OH,Union,3,1,325,325,325,SUN
OH,Van Wert,5,5,903.2,747.5,846.5,WND
OH,Vinton,1,5,977.5,925,1045,NG
OH,Washington,7,7,1636.5,1527,1646,NG
OH,Wayne,4,10,94.7,88.7,88.7,SUN
OH,Williams,7,20,85.6,75.5,89.1,DFO
OH,Wood,10,15,920.8,817.7,911.61,NG
OH,Wyandot,3,3,12.8,12.8,12.8,SUN
OK,Beaver,4,4,797.7,797.7,797.7,WND
OK,Bryan,2,2,10,10,10,SUN
OK,Caddo,12,23,2113.1,2021.8,2039.8,WND
OK,Canadian,4,13,895.7,831.7,831.7,WND
OK,Cherokee,1,4,44.8,49.3,49.3,WAT
OK,Choctaw,2,1,446,440,440,SUB
OK,Cleveland,2,6,20.6,20.6,20.6,SUN
OK,Coal,3,25,62.5,56.48,51.1,NG
OK,Comanche,4,6,519.7,462.7,471.7,WND
OK,Custer,2,3,1146,1146,1146,WND
OK,Dewey,6,5,854.1,854.1,854.1,WND
OK,Ellis,2,2,475,475,475,WND
OK,Garfield,8,7,1154.3,1154.3,1154.3,WND
OK,Grady,7,6,421.1,421.1,421.1,WND
OK,Grant,2,2,299,297,297,WND
OK,Greer,1,4,6.7,5.4,5.4,NG
OK,Harper,4,5,237.4,237.4,237.4,WND
OK,Haskell,1,3,90,95,95,WAT
OK,Hughes,2,3,7.5,6.73,6.07,NG
OK,Johnston,1,1,303.5,303.5,303.5,WND
OK,Kay,11,10,1358.4,1323.5,1323.5,WND
OK,Kingfisher,3,7,606.4,606,606,WND
OK,Kiowa,3,2,268.8,268.8,268.8,SUN
OK,Le Flore,1,2,350,321,321,SUB
OK,Logan,2,5,547.5,495,557,WND
OK,Love,1,1,3,3,3,SUN
OK,Major,1,1,288,288,288,WND
OK,Mayes,12,26,2781.6,2330,2416,WAT
OK,McClain,1,3,551.3,486.7,486.7,NG
OK,McCurtain,2,3,168,172.8,172.8,WAT
OK,Murray,6,5,512,513.3,513.3,WND
OK,Muskogee,3,9,1905,1652.5,1656.4,NG
OK,Noble,3,3,1435.8,1335.8,1335.8,SUB
OK,Okfuskee,1,3,110,110,136,NG
OK,Oklahoma,4,16,2431,1871.76,1871.76,NG
OK,Osage,3,7,162.6,160,160,WND
OK,Payne,5,14,81,77,77,NG
OK,Pittsburg,2,8,1375,1217.49,1404.04,NG
OK,Pontotoc,2,1,5,5,5,SUN
OK,Pushmataha,1,1,100,100,100,WND
OK,Roger Mills,3,4,453.1,453.1,453.1,WND
OK,Rogers,1,6,1477.5,1342,1389,NG
OK,Seminole,1,3,1701,1521.5,1521.5,NG
OK,Sequoyah,2,6,149,147.6,147.6,WAT
OK,Stephens,1,1,249.9,249.9,249.9,WND
OK,Texas,4,2,201,201,201,WND
OK,Tulsa,5,17,2460.6,2278.7,2314.9,NG
OK,Wagoner,1,6,1214,1086.4,1128.2,NG
OK,Washita,2,2,375.7,375.7,375.7,WND
OK,Woods,2,4,202.9,202.9,202.9,WND
OK,Woodward,8,9,1007,1024,1024,WND
OR,Baker,9,12,260.8,281.64,288.45,WND
OR,Benton,3,8,13.3,12.5,13.3,LFG
OR,Clackamas,37,54,270.7,291,294.7,SUN
OR,Clatsop,1,1,30,24,26,BLQ
OR,Columbia,3,22,1319.3,1109.4,1171.8,NG
OR,Crook,4,3,166.3,173.6,173.6,SUN
OR,Deschutes,8,10,51.2,49.4,47.2,SUN
OR,Douglas,14,21,267.8,273.2,273.1,WAT
OR,Gilliam,12,24,1883.7,1873.8,1873.8,WND
OR,Grant,1,1,7.5,7.5,7.5,WDS
OR,Harney,4,4,39.9,39.9,39.9,SUN
OR,Hood River,4,5,7.7,4.6,7.1,WAT
OR,Jackson,14,20,188.3,188.8,188.8,WAT
OR,Jefferson,9,14,532.1,510.7,512.4,WAT
OR,Josephine,2,0,0,0,0,
OR,Klamath,23,23,758.7,723,804.5,SUN
OR,Lake,14,11,125.3,123.4,123.9,SUN
OR,Lane,12,26,313.7,304.2,305.7,WAT
OR,Lincoln,1,1,18.8,13.4,13.4,BLQ
OR,Linn,7,11,243.3,221.6,225.2,WAT
OR,MARION,1,1,13.1,11.5,11.5,MSW
OR,Malheur,14,17,110,94.7,105.5,SUN
OR,Marion,29,29,174.8,177.7,177.7,SUN
OR,Morrow,22,27,1627.7,1495.2,1610.1,WND
OR,Multnomah,6,23,1387.1,1379.3,1379.3,WAT
OR,Polk,8,6,14.7,14.7,13.4,SUN
OR,Sherman,12,28,3426.5,3324,3324,WND
OR,Tillamook,1,1,1,1,1,OBG
OR,Umatilla,16,33,2713.8,2466.1,2517.1,WND
OR,Union,1,1,100.7,100.7,100.7,WND
OR,Wallowa,2,4,412.2,438.1,443.64,WAT
OR,Wasco,7,25,1826.2,1827.7,1827,WAT
OR,Washington,6,6,98.8,98.8,98.8,MWH
OR,Yamhill,14,19,36.5,36.5,36.5,SUN
PA,Adams,7,11,1087.9,997.1,1122.7,DFO
PA,Allegheny,13,24,1124.2,1037.3,1102.6,NG
PA,Armstrong,7,19,2627,2434,2601,WAT
PA,Beaver,9,16,2218.5,2125.6,2223.9,SUN
PA,Berks,10,17,1326,1091.7,1152.5,SUN
PA,Blair,5,5,252.1,250.3,250.3,WND
PA,Bradford,8,22,962.4,854.9,939.9,NG
PA,Bucks,10,28,2027.1,1789.7,2010,DFO
PA,Cambria,10,10,1720.1,1579.2,1598.1,WND
PA,Carbon,5,5,119.5,105.4,105.4,SUN
PA,Centre,5,6,22.5,18.2,23.6,NG
PA,Chester,8,9,63.1,46.1,62,SUN
PA,Clarion,1,3,30,33.2,33.2,WAT
PA,Clearfield,7,9,672,642,635.7,SUN
PA,Clinton,1,0,0,0,0,
PA,Columbia,3,0,0,0,0,
PA,Crawford,2,0,0,0,0,
PA,Cumberland,7,13,72.7,58.6,67,SUN
PA,Dauphin,5,5,1018.5,832.5,858.7,NG
PA,Delaware,5,18,2470.9,2395.4,2473.4,NG
PA,Elk,1,1,54,49,49,BLQ
PA,Erie,3,3,8.7,8.7,8.7,DFO
PA,FAYETTE,1,2,87.6,96.8,98,NG
PA,Fayette,7,10,844.5,798,836.3,SUN
PA,Forest,1,0,0,0,0,
PA,Franklin,13,67,378.1,389.6,390.6,SUN
PA,Fulton,1,1,70,70,70,SUN
PA,Greene,2,1,664.7,621.6,623.7,NG
PA,Huntingdon,2,6,24.5,11.2,24.5,WAT
PA,Indiana,4,11,2572.4,2256.2,2256.2,DFO
PA,Juniata,1,1,20,20,20,SUN
PA,LUZERNE,1,1,44,44.8,50.5,NG
PA,Lackawanna,3,9,1596.8,1439.1,1551.6,NG
PA,Lancaster,15,53,1814.6,1797,1810.2,LFG
PA,Lawrence,3,8,1388.1,1269.3,1332.7,NG
PA,Lebanon,3,6,783.8,766.2,766.2,SUN
PA,Lehigh,3,2,5,5,5,SUN
PA,Luzerne,9,14,4000.2,3855.6,3924.6,NG
PA,Lycoming,7,7,945.4,870.2,981.2,LFG
PA,McKean,1,0,0,0,0,
PA,Mercer,2,1,4.4,4.3,4.2,DFO
PA,Monroe,2,2,22.7,23.1,25.9,SUN
PA,Montgomery,12,26,2473.3,2412.3,2553.2,SUN
PA,Montour,2,2,1757.9,1504,1504,BIT
PA,Northampton,10,25,3852,3742.7,3756.7,NG
PA,Northumberland,5,2,67.3,63,60,SUN
PA,Philadelphia,12,36,557,448.2,550.8,NG
PA,Potter,2,1,90,90,90,WND
PA,Schuylkill,11,26,363.4,335.8,335.5,WC
PA,Snyder,4,9,1270.1,1147.75,1160.96,SUN
PA,Somerset,16,16,446.3,444.7,442.5,WND
PA,Susquehanna,1,5,22,21,21,NG
PA,Tioga,3,3,125.6,122.5,120.6,WND
PA,Union,3,5,12.7,12.1,13.5,NG
PA,Venango,3,6,389.2,350,352.7,NG
PA,Warren,2,4,491,525.4,513.5,WAT
PA,Washington,2,6,4.8,4.8,4.8,LFG
PA,Wayne,2,3,104.5,108.5,108.5,WAT
PA,Westmoreland,4,7,1166.1,968.1,1057.1,SUN
PA,Wyoming,3,9,283,266.7,286.4,NG
PA,York,14,25,6218.2,5601.2,5779.3,SUN
RI,Bristol,4,4,15.7,15.7,15.5,SUN
RI,Kent,17,23,142.9,142.8,142.8,SUN
RI,Newport,9,11,329.3,312.2,331,SUN
RI,Providence,54,78,1841.9,1676.4,1824.7,SUN
RI,Washington,25,32,176,174.6,171.8,SUN
SC,Abbeville,1,1,2.9,2.5,2.5,DFO
SC,Aiken,3,11,854.6,733.9,768.9,WDS
SC,Allendale,6,5,121.1,118.1,118.1,SUN
SC,Anderson,13,28,2133.2,1865.4,2079.2,SUN
SC,Bamberg,1,1,6,6,6,SUN
SC,Barnwell,7,5,41,41,41,SUN
SC,Beaufort,6,13,229.4,195.5,211.5,SUN
SC,Berkeley,8,18,3417,3217,3227,WAT
SC,Calhoun,6,9,906.9,811.4,905.6,SUN
SC,Charleston,2,3,177.3,126,141,NG
SC,Cherokee,7,25,1929.9,1544.09,1754.11,WAT
SC,Chester,3,12,99.3,105,105,WAT
SC,Chesterfield,3,2,77,77,77,SUN
SC,Clarendon,4,4,8,8,8,SUN
SC,Colleton,3,1,2.5,2.5,2,SUN
SC,Darlington,23,18,1162.4,1066.8,1134.7,SUN
SC,Dillon,4,2,15,15,15,SUN
SC,Dorchester,1,1,22.5,19.5,19.5,WDS
SC,Fairfield,5,15,1631.8,1568.2,1590.3,WAT
SC,Florence,10,12,128.8,123.8,123.8,SUN
SC,GREENVILLE,1,4,4.1,4.1,4.1,DFO
SC,Georgetown,7,8,1372.7,1221.4,1242.4,LFG
SC,Greenville,6,9,8.8,8.8,8.8,WAT
SC,Greenwood,6,4,7.5,7.5,7.5,SUN
SC,Hampton,4,4,48.8,48.8,48.8,SUN
SC,Horry,7,11,174.3,134.9,146.9,SUN
SC,Jasper,5,7,1157.6,984.4,1050.4,SUN
SC,Kershaw,2,6,109.5,91.5,92,NG
SC,Lancaster,2,4,48,48,48,WAT
SC,Laurens,2,2,6.2,6,6,WAT
SC,Lee,10,12,35.2,34.6,34.6,SUN
SC,Lexington,12,16,708.2,655.8,655.2,SUN
SC,Marion,6,3,10.9,10.9,10.9,SUN
SC,Marlboro,3,3,63.1,45.1,48.9,SUN
SC,McCormick,1,7,361.9,336,336,WAT
SC,NOT IN FILE,3,0,0,0,0,
SC,Newberry,1,1,3.3,3.5,3.5,SUN
SC,Oconee,4,13,4359.6,4245.5,4309.5,DFO
SC,Orangeburg,14,13,716.2,709.8,712,SUN
SC,Pickens,5,8,950.5,949.2,952.7,NG
SC,Richland,6,18,1031.7,922.7,932.7,DFO
SC,Saluda,4,3,85.1,85.1,85.1,SUN
SC,Spartanburg,18,22,61,60,60,SUN
SC,Sumter,1,0,0,0,0,
SC,Union,6,18,51.4,50,50.2,DFO
SC,Williamsburg,3,2,20,20,20,SUN
SC,York,4,8,2476,2375.2,2443.6,DFO
SD,Aurora,1,1,20,20,20,WND
SD,Beadle,3,6,69,55.2,55.2,NG
SD,Bon Homme,1,1,80,80,80,WND
SD,Brookings,5,5,681.8,652.8,657.8,WND
SD,Brown,2,4,327.4,242.5,276,NG
SD,Brule,2,1,20,20,20,WND
SD,Buffalo,1,8,538.3,520,520,WAT
SD,Butte,1,1,105,103.5,103.5,WND
SD,Campbell,1,1,94.3,94.3,94.3,WND
SD,Charles Mix,1,8,320,360,360,WAT
SD,Clark,3,3,222.2,222.1,222.2,WND
SD,Clay,1,2,135,95,120,DFO
SD,Codington,3,3,468.2,437.3,447.3,WND
SD,Davison,1,1,3.9,3.9,3.9,NG
SD,Day,2,1,99,99,99,WND
SD,Deuel,3,3,803,696.69,742.79,WND
SD,Fall River,1,1,80,80,80,SUN
SD,Faulk,1,1,2.7,2.5,2.5,DFO
SD,Grant,5,8,914.8,932.28,946.29,WND
SD,Hand,2,3,225.8,225.8,225.8,WND
SD,Hughes,2,8,787.1,715,715,WAT
SD,Hyde,5,3,490.7,490.7,490.7,WND
SD,Jerauld,2,4,213,223,223,WND
SD,Kingsbury,1,1,24.1,18.85,24.35,DFO
SD,Lawrence,1,2,4,4,3,WAT
SD,Lincoln,1,1,3.6,3.6,3.6,NG
SD,Minnehaha,2,3,405.7,343,401,NG
SD,Pennington,3,11,278,240,276,DFO
SD,Spink,1,0,0,0,0,
SD,Stanley,1,3,6,6,6,DFO
SD,Turner,1,1,5.4,5.4,5.4,WDS
SD,Yankton,2,5,233.4,233.5,233.5,WND
TN,Anderson,5,10,138,133.9,116.5,WND
TN,Bedford,1,1,35,35,35,SUN
TN,Benton,2,3,4.8,4.8,4.8,LFG
TN,Blount,5,6,206.4,207,207,WAT
TN,Carroll,1,0,0,0,0,
TN,Carter,2,6,68.2,78.1,76.7,WAT
TN,Clay,1,3,54,62.1,62.1,WAT
TN,Cumberland,1,0,0,0,0,
TN,Davidson,4,6,52.8,52.95,55.47,NG
TN,DeKalb,1,3,140,154,154,WAT
TN,Dickson,1,3,36,41.4,41.4,WAT
TN,Fayette,4,3,33.3,33.3,33.3,SUN
TN,Franklin,2,2,45.7,40.2,36.7,WAT
TN,Gibson,3,0,0,0,0,
TN,Greene,3,2,9.6,9.6,9.6,SUN
TN,Hamilton,5,14,4324.3,4045.1,4076.4,SUN
TN,Hancock,1,11,22,19.8,19.8,DFO
TN,Hardeman,3,2,18.3,18.3,18.3,SUN
TN,Hardin,2,8,312.5,316.8,292.1,WDS
TN,Hawkins,1,4,996.9,878,940,NG
TN,Haywood,6,21,2092.4,1870.2,2259.8,NG
TN,Henderson,1,0,0,0,0,
TN,Henry,2,1,6.8,6.8,6.8,SUN
TN,Hickman,1,0,0,0,0,
TN,Humphreys,1,20,1426,1044.8,1372,NG
TN,Jefferson,2,5,137,143.6,137.6,WAT
TN,Knox,1,1,5,4.5,4.7,NG
TN,Lake,1,0,0,0,0,
TN,Lauderdale,1,0,0,0,0,
TN,Lincoln,1,1,150,150,150,SUN
TN,Loudon,3,8,286.7,299.4,302.5,WAT
TN,Madison,4,3,87,87,87,SUN
TN,Marion,1,4,103.9,105.6,108,WAT
TN,McMinn,1,0,0,0,0,
TN,McNairy,5,4,55.6,55.6,55.6,SUN
TN,Monroe,1,0,0,0,0,
TN,Montgomery,3,4,9.8,9.6,9.6,SUN
TN,Moore,1,0,0,0,0,
TN,Obion,1,1,100,108,100,SUN
TN,Overton,1,0,0,0,0,
TN,Polk,4,10,164.4,158.4,158.4,WAT
TN,Rhea,3,7,2714.4,2441.4,2527.3,WAT
TN,Roane,1,9,1700,1147,1175,SUB
TN,Rutherford,3,1,5,5,5,NG
TN,Sequatchie,2,1,1.3,1.3,1.3,SUN
TN,Sevier,1,4,150.8,177.9,111.2,WAT
TN,Shelby,7,26,1847.3,1534.9,1744.9,SUN
TN,Smith,1,3,99.9,106,106,WAT
TN,Stewart,1,2,2600,2470,2522,BIT
TN,Sullivan,5,26,448.1,439.3,415.8,WAT
TN,Sumner,2,16,2022.1,1671.3,1833.3,NG
TN,Warren,2,14,57.7,57,57.2,WAT
TN,Washington,4,5,20.2,20.2,20.2,SUN
TN,Wayne,1,0,0,0,0,
TN,Weakley,1,3,567.8,360,360,NG
TX,Anderson,1,0,0,0,0,
TX,Andrews,9,51,1297.7,1293.2,1297.7,DFO
TX,Angelina,5,2,19.8,19.8,19.8,MWH
TX,Archer,3,2,228.6,228.6,228.6,WND
TX,Armstrong,1,1,265.5,265.5,265.5,WND
TX,Atascosa,4,1,410,391,391,LIG
TX,Austin,5,2,11.2,11.2,11.2,SUN
TX,Bailey,2,1,148.4,148.4,148.4,WND
TX,Bandera,1,0,0,0,0,
TX,Bastrop,5,9,1850.7,1692,1770,NG
TX,Baylor,3,4,380.8,380.8,380.8,WND
TX,Bee,6,4,808.5,808.5,808.5,WND
TX,Bell,20,45,2254.1,2188.8,2188.8,NG
TX,Bexar,33,55,4458.2,4061.5,4092.5,SUN
TX,Borden,9,9,1478.6,1478.6,1478.6,WND
TX,Bosque,10,11,1029.7,985.9,1023.9,SUN
TX,Brazoria,49,71,4454.5,3701.1,4038.9,NG
TX,Brazos,4,30,279.9,278.2,281.9,NG
TX,Brewster,2,2,123.2,113,113,MWH
TX,Briscoe,2,2,350,350,350,WND
TX,Brooks,2,2,19.9,19.4,17.2,SUN
TX,Brown,2,1,320,320,320,SUN
TX,Burnet,4,5,108.6,107.4,107.4,WAT
TX,Caldwell,1,0,0,0,0,
TX,Calhoun,8,30,1785,1607.6,1762,NG
TX,Callahan,4,4,675.9,675.9,675.9,WND
TX,Cameron,22,83,1411.4,1372.6,1391.6,WND
TX,Carson,11,9,1211.5,1211.5,1211.5,WND
TX,Cass,1,2,65,65,65,BLQ
TX,Castro,4,1,276,276,276,WND
TX,Chambers,9,19,3035.3,2881.5,2878,NG
TX,Cherokee,1,7,713.4,679,679,DFO
TX,Childress,3,1,240,240,240,SUN
TX,Clay,2,1,204,204,204,WND
TX,Cochran,2,1,150,150,150,WND
TX,Coke,4,5,526.8,526.8,526.8,WND
TX,Coleman,1,0,0,0,0,
TX,Collin,13,22,574,539.5,543.1,NG
TX,Colorado,1,6,51,49.8,50.4,NG
TX,Comal,3,5,217.1,209.2,209.2,WAT
TX,Comanche,2,1,200.1,200.1,200.1,WND
TX,Concho,5,4,1000,1000,1000,WND
TX,Cooke,6,5,477.6,477,477,WND
TX,Crane,4,3,503,503,503,MWH
TX,Crockett,4,3,1024.5,1024.5,1024.5,WND
TX,Crosby,6,4,367.3,367,367,WND
TX,Culberson,4,4,481.9,474.7,474.7,SUN
TX,Dallas,23,40,1807.6,1750.6,1749.4,NG
TX,Dawson,4,4,463.5,461.5,461.5,SUN
TX,Deaf Smith,6,3,709.8,709.8,709.8,WND
TX,Delta,2,0,0,0,0,
TX,Denton,13,27,1110.1,1104.8,1104.8,SUN
TX,Dickens,4,2,350,350,350,MWH
TX,Dimmit,3,2,209.9,209.9,209.9,MWH
TX,Donley,1,1,174,174,174,WND
TX,Eastland,6,4,582.4,559.5,559.5,MWH
TX,Ector,19,70,2495.3,2262.8,2504.1,NG
TX,El Paso,13,26,1764.7,1381.6,1443.2,NG
TX,Ellis,9,10,2366.7,2194.2,2317.6,SUN
TX,Erath,4,3,163.2,163.2,163.2,WND
TX,Falls,5,4,490.6,491.8,491.8,SUN
TX,Fannin,5,3,216.6,216.1,216.1,SUN
TX,Fayette,3,7,1932,1791,1820,SUB
TX,Fisher,4,3,508.9,508.9,508.9,WND
TX,Floyd,5,5,761.4,758.6,758.6,WND
TX,Foard,2,1,352.8,350.3,350.3,WND
TX,Fort Bend,27,111,6610.6,5954.6,6062,NG
TX,Franklin,4,1,250,250,250,SUN
TX,Freestone,7,6,1036,1032,1095.2,NG
TX,Frio,5,26,534,531.6,531.6,SUN
TX,Gaines,1,0,0,0,0,
TX,Galveston,23,56,2632.3,2074,2219,NG
TX,Glasscock,9,6,743,752.2,752.2,WND
TX,Goliad,6,1,622.4,655,655,SUB
TX,Gonzales,2,2,4.8,4.8,4.8,WAT
TX,Gray,2,0,0,0,0,
TX,Grayson,8,12,929,806.5,885.5,SUN
TX,Gregg,1,1,351,342,348,NG
TX,Grimes,4,6,1091.3,1011.6,1077.6,MWH
TX,Guadalupe,9,19,2280.8,2014.12,2163.12,WAT
TX,Hale,4,23,1444.8,1073.1,1080.4,NG
TX,Hamilton,1,1,100,100,100,SUN
TX,Hansford,5,4,1240.8,1240.8,1240.8,WND
TX,Hardeman,5,1,200.2,200.2,200.2,WND
TX,Hardin,3,2,173,141.6,176.5,NG
TX,Harris,87,314,10098.3,8484.6,9273.6,NG
TX,Harrison,5,7,1042.7,936.6,1020.2,NG
TX,Haskell,15,7,1381.2,1381.2,1381.2,WND
TX,Hays,1,4,989,916,1036,NG
TX,Henderson,7,4,253.2,248.9,248.9,MWH
TX,Hidalgo,29,76,2880,2687.9,2792.9,NG
TX,Hill,16,5,651.8,639.3,639.3,SUN
TX,Hood,3,11,2646.3,2393.4,2563,NG
TX,Hopkins,7,2,322.2,322.2,322.2,SUN
TX,Houston,2,0,0,0,0,
TX,Howard,10,9,717.5,710.9,710.9,WND
TX,Hudspeth,1,0,0,0,0,
TX,Hunt,8,10,372.2,366.6,366.6,SUN
TX,Hutchinson,6,6,313.9,275.16,302.7,WND
TX,Irion,1,1,302.4,302.4,302.4,WND
TX,Jack,4,3,380,380,380,WND
TX,Jackson,7,2,221,221,221,MWH
TX,Jasper,3,7,117.7,119.5,120.5,WAT
TX,Jefferson,10,36,1355.1,1203.4,1354,NG
TX,Jim Hogg,2,1,78,78,78,WND
TX,Jim Wells,2,3,1.2,1.2,1.2,NG
TX,Johnson,1,2,282.6,267,278,NG
TX,Jones,7,4,201.2,201.2,201.2,SUN
TX,Karnes,1,1,10,10,10,SUN
TX,Kaufman,4,10,2096.1,1966,2162,NG
TX,Kenedy,7,5,1075.4,1075.4,1075.4,WND
TX,Kent,4,3,482,482,482,SUN
TX,Kimble,2,1,9.9,9.9,9.9,MWH
TX,Kinney,6,4,339.8,339.8,339.8,WND
TX,Kleberg,1,0,0,0,0,
TX,Knox,4,4,954.4,954.4,954.4,WND
TX,La Salle,2,1,9.9,9.9,9.9,MWH
TX,LaSalle,2,0,0,0,0,
TX,Lamar,14,14,2547.7,2412.5,2568.5,SUN
TX,Lamb,2,3,1326.2,1257,1257,NG
TX,Lee,2,0,0,0,0,
TX,Leon,4,0,0,0,0,
TX,Liberty,2,1,109.9,100,100,SUN
TX,Limestone,9,6,2855.1,2665.3,2665.3,WND
TX,Llano,2,6,629.5,570.9,610.9,WAT
TX,Lubbock,6,8,873.5,834.1,866.1,SUN
TX,Lynn,4,3,699.6,699.6,699.6,WND
TX,Madison,3,0,0,0,0,
TX,Marion,1,3,882,883,901,NG
TX,Martin,1,1,120,120,120,WND
TX,Mason,1,1,100,100,100,MWH
TX,Matagorda,10,8,2880.9,2752.3,2832.3,MWH
TX,Maverick,5,8,30.6,27,27,WAT
TX,McCulloch,3,2,340,340,340,WND
TX,McLennan,12,19,1278.6,1203.2,1203.2,SUN
TX,Medina,1,0,0,0,0,
TX,Menard,1,1,7.5,7.5,7.5,SUN
TX,Midland,1,1,140,140,140,WND
TX,Milam,14,3,700,700,700,SUN
TX,Mills,5,4,849.2,849.2,849.2,WND
TX,Mitchell,6,8,686.4,545.5,633.5,WND
TX,Montgomery,8,19,1551,1508.2,1512,NG
TX,Moore,7,6,98.3,98.3,98.3,WND
TX,Morris,2,0,0,0,0,
TX,Motley,1,0,0,0,0,
TX,Nacogdoches,2,1,114,100,100,WDS
TX,Navarro,15,8,985.4,983.4,983.4,SUN
TX,Newton,2,10,1514.6,1218.8,1300.1,NG
TX,Nolan,20,17,2761.9,2770.9,2770.9,WND
TX,Nueces,18,34,3085.1,2717.7,2796.8,NG
TX,Ochiltree,1,1,249.9,249.9,249.9,WND
TX,Oldham,5,5,755.2,755.2,755.2,WND
TX,Orange,5,9,2454.7,2028.7,2092.4,NG
TX,Palo Pinto,2,6,613.5,596.9,624.9,MWH
TX,Parker,2,2,3.2,3.2,3.2,LFG
TX,Parmer,1,1,230.4,230.4,230.4,WND
TX,Pecos,32,26,3225.9,3231.8,3231.8,SUN
TX,Polk,2,4,176.7,174.3,174.3,WAT
TX,Potter,3,6,1554.7,1475,1475,SUB
TX,Presidio,1,1,10,10,10,SUN
TX,Randall,2,3,166.5,166.5,166.5,WND
TX,Reagan,2,1,300,300,300,WND
TX,Real,1,1,1.5,1.5,1.5,SUN
TX,Red River,3,1,300,300,300,SUN
TX,Reeves,13,12,582.7,582.2,582.2,MWH
TX,Refugio,1,1,220,220,220,WND
TX,Roberts,2,1,288.6,288.6,288.6,WND
TX,Robertson,6,5,2194.6,2065,2067,LIG
TX,Runnels,1,0,0,0,0,
TX,Rusk,3,7,3319.2,3236,3376,SUB
TX,San Jacinto,2,2,170,146,170,NG
TX,San Patricio,10,12,2187.1,2026.3,2119.3,WND
TX,San Saba,1,0,0,0,0,
TX,Schleicher,1,1,199.5,199.5,199.5,WND
TX,Scurry,12,16,2250.9,2184.8,2190.8,WND
TX,Shackelford,3,3,565.6,562.3,562.3,WND
TX,Sherman,2,2,20,20,20,WND
TX,Somervell,2,2,2430,2400,2460,NUC
TX,Starr,12,11,1136.7,1134.1,1134.1,WND
TX,Stephens,1,0,0,0,0,
TX,Sterling,7,10,1473.9,1489.9,1489.9,WND
TX,Stonewall,2,0,0,0,0,
TX,Swisher,4,1,500,500,500,SUN
TX,Tarrant,29,68,1471.3,1398.5,1400.7,NG
TX,Taylor,6,8,971.3,971.3,971.3,WND
TX,Throckmorton,2,3,679.2,679.2,679.2,MWH
TX,Titus,2,2,1116,1000,1000,SUB
TX,Tom Green,9,3,522.8,509.8,509.8,SUN
TX,Travis,21,44,1619.1,1506.9,1570.3,NG
TX,Tyler,2,1,49.9,46.5,46.5,WDS
TX,Upshur,1,1,3,3,3,SUN
TX,Upton,7,12,1840.6,1815,1815,WND
TX,Uvalde,8,2,303.5,303.5,303.5,SUN
TX,Val Verde,8,7,226.4,218.4,218.4,WAT
TX,Van Zandt,2,1,59,59,59,SUN
TX,Victoria,12,28,987.7,821.4,864.4,NG
TX,Walker,1,0,0,0,0,
TX,Ward,5,9,577.7,450.7,517.7,MWH
TX,Washington,1,0,0,0,0,
TX,Webb,17,21,1769.3,1683.4,1697.8,WND
TX,Wharton,17,16,3076.3,2909.7,2992.3,SUN
TX,Wichita,4,10,86.1,82.2,81.2,NG
TX,Wilbarger,9,6,1045.2,1045.2,1045.2,WND
TX,Willacy,7,5,1143.6,1143.6,1143.6,WND
TX,Williamson,7,12,214.1,214,214,MWH
TX,Wilson,9,7,7,7,7,SUN
TX,Winkler,1,1,250,250,250,SUN
TX,Wise,6,23,2237.1,2111.4,2197.4,NG
TX,Wood,1,0,0,0,0,
TX,Yoakum,4,7,1016.5,942.5,971.7,NG
TX,Young,4,5,1342.6,1336.9,1336.9,WND
TX,Zapata,6,5,440.7,440.7,440.7,WND
TX,Zavala,2,0,0,0,0,
UT,Beaver,22,23,751.4,744.8,746.9,SUN
UT,Box Elder,5,8,194.9,194.6,193.8,SUN
UT,Cache,5,8,28.9,25.5,23.6,NG
UT,Carbon,3,2,138.1,131,131,SUN
UT,Daggett,1,3,151.8,151.8,151.8,WAT
UT,Davis,3,7,34,28,35.7,NG
UT,Duchesne,1,2,1.2,1.2,1.2,WAT
UT,Emery,8,7,2627.7,2412,2412,SUN
UT,Garfield,1,3,4.2,4.2,4.2,WAT
UT,Iron,22,19,857.4,855.4,854.5,SUN
UT,Juab,2,4,646.9,604,635,SUN
UT,Kane,1,0,0,0,0,
UT,Millard,8,5,1760,1920,1920,SUN
UT,Morgan,1,2,4,4,4,WAT
UT,Rich,1,1,57.6,57.6,57.6,SUN
UT,Salt Lake,17,35,796.4,667.38,698.74,NG
UT,San Juan,2,2,134.1,134.1,134.1,WND
UT,Sanpete,5,8,8.4,7.6,4.3,WAT
UT,Sevier,1,1,80,80,80,SUN
UT,Summit,2,4,6.3,6.3,6.2,WAT
UT,Tooele,4,9,208.7,192.3,198.3,SUN
UT,Uintah,1,2,512,470.5,469,BIT
UT,Utah,11,29,1474.2,1389.1,1435.1,NG
UT,Wasatch,5,16,38,37.9,37.9,WAT
UT,Washington,9,25,154,144.5,149.1,NG
UT,Weber,6,8,16.2,13.4,13.4,WAT
VA,,1,0,0,0,0,
VA,Accomack,8,21,528.2,445.61,464.41,DFO
VA,Albemarle,1,1,13.3,12.5,12.5,SUN
VA,Alexandria City,1,2,29,29,29,MSW
VA,Alleghany,2,8,243.7,204.5,222.9,BIT
VA,Amelia,4,52,28.4,28.4,28.4,SUN
VA,Amherst,3,6,12.4,6.9,6.9,SUN
VA,Appomattox,2,1,15.7,15.7,15.7,SUN
VA,Augusta,4,2,7.9,7.9,7.9,SUN
VA,Bath,2,7,2867,3020.1,3020.1,WAT
VA,Bedford,5,15,22.2,21.7,21.7,WAT
VA,Botetourt,1,0,0,0,0,
VA,Bristol City,1,0,0,0,0,
VA,Brunswick,5,39,1482.7,1386.5,1522,NG
VA,Buchanan,1,2,88,84,92,NG
VA,Buckingham,7,5,598.8,661.7,682.2,SUN
VA,Campbell,6,8,178.6,158.5,161.2,SUN
VA,Caroline,1,5,892.5,814,931.5,NG
VA,Carroll,4,7,30,40.6,33.5,WAT
VA,Charles City,3,49,189.4,189.4,189.4,LFG
VA,Charlotte,4,1,13.8,13.8,13.8,SUN
VA,Chesapeake,1,3,51.1,38.9,54.5,DFO
VA,Chesapeake City,6,9,643.8,566,616,SUN
VA,Chesterfield,7,56,498.9,435.3,517.8,NG
VA,Clarke,1,1,10,10,10,SUN
VA,Culpeper,2,4,6.9,6.9,6.9,DFO
VA,Danville City,3,1,10.5,10.5,10.5,MWH
VA,Dickenson,1,0,0,0,0,
VA,Dinwiddie,3,1,5,5,5,SUN
VA,Essex,1,1,20,20,20,SUN
VA,Fairfax,3,6,127.2,101.2,101.2,MSW
VA,Fauquier,3,8,1322.2,1105,1323.2,NG
VA,Fluvanna,4,6,1021.4,947.3,989.7,SUN
VA,Frederick,7,6,223.4,223.4,223.4,SUN
VA,Giles,2,4,27.2,27.2,27.2,NG
VA,Gloucester,3,3,94.8,94.7,94.7,SUN
VA,Goochland,2,1,5,5,5,SUN
VA,Grayson,1,4,5.4,5,4.9,WAT
VA,Greensville,7,10,2095.4,1910.1,2003.1,SUN
VA,Halifax,13,15,1426.3,1450.9,1455.7,SUN
VA,Hampton City,1,6,4.8,4.8,4.8,LFG
VA,Hanover,2,10,1338,1214,1341,NG
VA,Harrisonburg City,1,0,0,0,0,
VA,Henrico,5,21,398.4,370,398,LFG
VA,Henry,9,9,107.4,108.8,108.8,SUN
VA,Highland,1,10,6,6,6,DFO
VA,Hopewell City,2,2,118.7,91.7,94.4,BLQ
VA,Isle of Wight,9,5,315.1,315.1,315.1,SUN
VA,James City,2,2,39.9,39.9,39.9,SUN
VA,King George,1,4,13.2,11.3,12.9,LFG
VA,King William,3,7,131,131,131,SUN
VA,King and Queen,1,36,10.8,10.8,10.8,LFG
VA,Lancaster,3,2,6.5,6.5,6.5,SUN
VA,Loudoun,2,3,812,766,770,NG
VA,Louisa,9,16,2944.8,2715.3,2922.5,SUN
VA,Lynchburg City,1,3,1.8,0.6,0.6,WAT
VA,Manassas City,1,0,0,0,0,
VA,Mecklenburg,5,12,486.7,486.5,477.1,SUN
VA,Middlesex,2,9,21.4,21.4,21.4,SUN
VA,Montgomery,2,4,24.3,19.3,23.1,NG
VA,New Kent,2,1,20,20,20,SUN
VA,Norfolk City,1,1,0.9,0.94,0.94,SUN
VA,Northampton,2,7,32,32.6,32.6,DFO
VA,Orange,1,1,62.5,62.5,62.5,SUN
VA,Page,2,6,3,2.4,3.1,WAT
VA,Patrick,1,4,11.8,11.1,11.1,WAT
VA,Pittsylvania,16,20,839.2,887,886.1,SUN
VA,Portsmouth City,1,0,0,0,0,
VA,Powhatan,5,4,82,82,82,SUN
VA,Prince Edward,3,2,7,7,7,SUN
VA,Prince George,4,6,568.7,548,568.7,SUN
VA,Prince William,10,38,785.8,715.7,832.2,DFO
VA,Pulaski,5,23,81.2,65.2,119.2,WAT
VA,Richmond,5,6,214.8,178.9,196,SUN
VA,Richmond City,2,2,114.8,55,55,NG
VA,Roanoke,1,2,3.6,1.8,2.6,WAT
VA,Rockbridge,2,2,7.5,7.4,6.2,SUN
VA,Rockingham,10,17,91.4,77.7,84.7,SUN
VA,Russell,1,2,475,460,470,NG
VA,Salem City,3,3,5.1,5.3,5.3,DFO
VA,Shenandoah,2,2,18.9,18.3,17.8,SUN
VA,Southampton,5,8,181.5,165,167.7,DFO
VA,Spotsylvania,4,4,500,500,500,SUN
VA,Stafford,3,3,3.5,3.3,3.3,LFG
VA,Suffolk,1,1,3.8,3.8,3.8,SUN
VA,Suffolk City,4,3,50,50,50,SUN
VA,Surry,5,10,2343,2284.3,2401.7,SUN
VA,Sussex,2,2,138,138,138,SUN
VA,Virginia Beach,1,1,12,12,12,WND
VA,Virginia Beach City,2,1,17.6,17.6,17.6,SUN
VA,Warren,2,5,1474.7,1372.5,1491.9,SUN
VA,Washington,1,5,285,250,285,NG
VA,Westmoreland,4,4,55.9,55.9,55.9,SUN
VA,Wise,3,2,671,613,629,SUN
VA,Wythe,2,1,20,20,20,SUN
VA,York,1,0,0,0,0,
VT,Addison,15,24,46.2,43.8,45.5,WAT
VT,Bennington,7,5,44.2,43.9,43.8,SUN
VT,Caledonia,9,14,83,81,81.6,WAT
VT,Chittenden,24,37,195.6,171.1,181.7,SUN
VT,Essex,3,6,8,7.5,7.5,WAT
VT,Franklin,8,19,101.7,89.4,98,WAT
VT,Grand Isle,1,1,1,1,1,SUN
VT,Lamoille,6,9,10.5,9.3,10,WAT
VT,Orange,5,8,14.6,14,14.4,SUN
VT,Orleans,7,13,82.5,81.9,81.6,SUN
VT,Rutland,14,22,48.1,42.5,47.2,SUN
VT,Washington,8,11,66.5,57.9,68.6,WAT
VT,Windham,7,31,121.5,132.9,130.5,WAT
VT,Windsor,10,16,88.9,87.3,93.7,WAT
WA,Adams,4,3,169.3,169.3,163.2,SUN
WA,Benton,6,7,1322.1,1271.2,1291.3,WAT
WA,Chelan,6,42,2843.4,2694.2,2694.2,WAT
WA,Clallam,3,1,12.6,12,12,WDS
WA,Clark,1,1,248,230,262,NG
WA,Columbia,4,11,1467.4,1467.4,1467.4,WND
WA,Cowlitz,6,16,768.4,754.6,821.2,WAT
WA,Douglas,1,27,2456.2,2456.2,2456.2,WAT
WA,Franklin,2,2,4.5,4.5,0,WAT
WA,Garfield,2,1,342.7,342.7,342.7,WND
WA,Grant,9,58,9113.8,9383.8,9265,WAT
WA,Grays Harbor,5,8,766.7,650.9,723.8,WND
WA,Jefferson,3,3,9.5,7.9,9,BLQ
WA,King,12,43,167.3,162.2,161.4,WAT
WA,Kitsap,1,0,0,0,0,
WA,Kittitas,7,9,483.1,483,482.9,WND
WA,Klickitat,14,12,1707.8,1656.9,1697.8,WND
WA,Lewis,8,13,1882.7,1750,1759.3,WAT
WA,Lincoln,2,8,113.2,132.7,132.7,WAT
WA,Mason,3,14,129.2,148.4,133,WAT
WA,Pend Oreille,3,10,1249.7,1234.9,1234.9,WAT
WA,Pierce,10,19,640.1,527.8,566,WAT
WA,Skagit,4,10,647.7,527,613.1,NG
WA,Skamania,1,3,240,263.7,263.7,WAT
WA,Snohomish,9,10,127.3,111.9,119.9,MWH
WA,Spokane,7,19,192.4,159.6,190.6,WAT
WA,Stevens,3,8,61.1,59.4,61.3,WAT
WA,Thurston,4,5,149,149.2,149.2,WAT
WA,Walla Walla,4,14,1592.1,1501.7,1501.4,WAT
WA,Whatcom,12,29,1718.9,1637.2,1716.1,WAT
WA,Whitman,6,11,920.3,912,912,DFO
WA,Yakima,10,10,114.1,113,112.8,WAT
WI,Adams,2,6,23.3,21.1,22.1,SUN
WI,Ashland,2,4,48.2,41.4,41.4,WDS
WI,Barron,5,12,30.6,30.1,30.1,SUN
WI,Brown,7,7,352.3,308.2,361.9,NG
WI,Buffalo,3,2,390,392.8,395.5,SUB
WI,Burnett,4,11,8.6,8.5,8.5,WAT
WI,Chippewa,12,32,465,360.5,434.6,WAT
WI,Clark,1,1,2,2,2,SUN
WI,Columbia,6,9,1300.5,1318.4,1351.3,SUB
WI,Dane,23,49,1141,982.49,1025.46,NG
WI,Dodge,5,9,337.3,337.3,337.3,SUN
WI,Door,1,7,5,5,5,DFO
WI,Douglas,3,12,15,9.2,9.2,DFO
WI,Dunn,5,8,15.4,9.8,9.8,SUN
WI,Eau Claire,2,5,12.3,7.3,7.3,WAT
WI,Florence,3,7,18.1,18.1,18.1,WAT
WI,Fond Du Lac,8,10,606.5,552.65,632.85,SUN
WI,Fond du Lac,1,0,0,0,0,
WI,Grant,8,10,353,353,353,SUN
WI,Green Lake,1,3,2.4,2.4,2.4,LFG
WI,Iowa,3,3,330,330,330,SUN
WI,Iron,1,2,1.6,1,1.1,WAT
WI,Jackson,3,3,7,7,7,SUN
WI,Jefferson,8,18,754.8,717.9,761.7,SUN
WI,Juneau,9,16,44.9,44.2,44.6,SUN
WI,Kenosha,5,17,400.2,378.4,418.6,SUN
WI,Kewaunee,2,1,11,11,11,WND
WI,La Crosse,2,5,189.1,136.1,176.1,MSW
WI,Lafayette,2,3,100.3,100.1,100.1,WAT
WI,Langlade,1,1,6,6,6,SUN
WI,Lincoln,5,15,45,41,42.1,WAT
WI,Manitowoc,7,15,1707.7,1579.5,1603.2,SUN
WI,Marathon,7,23,1166.9,1096.9,1107.5,WAT
WI,Marinette,9,30,303.1,256.6,329.7,WAT
WI,Milwaukee,10,25,2370.3,2200,2177.9,SUN
WI,Monroe,3,5,10.5,10.3,10.3,DFO
WI,Oconto,3,7,4.1,3.7,3.7,WAT
WI,Oneida,3,9,30.5,21.5,26.7,WAT
WI,Outagamie,13,30,837.6,773.15,851.24,WAT
WI,Ozaukee,2,7,1237.1,1244,1359.7,SUN
WI,Pierce,1,1,2,2,2,SUN
WI,Polk,5,21,43.1,34.9,32,SUN
WI,Portage,5,21,24.7,28,28,WAT
WI,Price,5,7,6.6,6.6,6.6,WAT
WI,Racine,5,9,213.6,213.6,213.6,SUN
WI,Richland,4,5,56.4,53.8,40.8,SUN
WI,Rock,14,16,1575.6,1400.2,1524.8,SUN
WI,Rusk,6,16,38.7,33.4,32.9,WAT
WI,Sauk,1,8,33.4,29,29,WAT
WI,Sawyer,4,8,10.4,10.2,10.2,WAT
WI,Shawano,1,1,7.5,7.5,7.5,SUN
WI,Sheboygan,5,6,913.7,856.3,924,SUN
WI,St Croix,3,4,4.6,3.6,3.9,WAT
WI,Taylor,1,1,2,2,2,SUN
WI,Trempealeau,2,11,21.9,21.9,21.9,DFO
WI,Vernon,5,4,5.1,5.1,5.1,SUN
WI,Vilas,1,0,0,0,0,
WI,Walworth,2,2,13.5,13.5,13.5,SUN
WI,Washburn,3,3,3.2,2.8,2.8,SUN
WI,Washington,5,11,352.7,270.5,390.9,SUN
WI,Waukesha,2,2,4.5,4.5,4.5,SUN
WI,Waushara,1,1,99,99,99,SUN
WI,Winnebago,2,4,372.5,299.1,367.5,NG
WI,Wood,9,44,331.6,314,321.7,WAT
WV,Barbour,1,2,113.6,113.6,113.6,WND
WV,Berkeley,3,2,1,1,1,WAT
WV,Cabell,1,0,0,0,0,
WV,Fayette,2,12,108.2,103,100.2,WAT
WV,Grant,4,7,2047.9,1991.5,2018.8,WND
WV,Greenbrier,3,3,188.2,188.2,188.2,WND
WV,Hampshire,2,1,20,20,20,SUN
WV,Hancock,1,0,0,0,0,
WV,Harrison,2,3,2052,1954,1984,RC
WV,Jefferson,3,7,100.7,84.3,84.9,WAT
WV,Kanawha,3,6,28.8,28.8,28.8,WAT
WV,Marion,3,2,101.2,85.5,85.5,WC
WV,Marshall,2,5,1748.1,1675.5,1675.5,NG
WV,Mason,2,1,1300,1299,1299,BIT
WV,Mineral,2,2,168.7,167.9,167.9,WND
WV,Monongalia,6,5,2047.3,1876.9,1876.9,BIT
WV,Nicholas,1,2,80,80,50,WAT
WV,Pleasants,4,6,1794.8,1660.3,1682.3,NG
WV,Preston,1,0,0,0,0,
WV,Putnam,2,6,2957.1,2918.7,2923.3,BIT
WV,Raleigh,1,2,3.2,3.2,3.2,LFG
WV,Taylor,1,0,0,0,0,
WV,Tucker,2,1,66,66,66,WND
WV,Wayne,2,12,872.4,750,858,NG
WV,Wetzel,1,2,37.4,19,19,WAT
WV,Wood,1,2,42,42,42,WAT
WY,Albany,4,3,487.1,457.6,457.3,WND
WY,Campbell,10,14,1361.8,1175,1211,SUB
WY,Carbon,19,16,1257.2,1211.6,1211.6,WND
WY,Converse,11,13,2010.1,1892.8,1902.8,WND
WY,Fremont,4,13,31.4,31.2,32.5,NG
WY,Goshen,2,0,0,0,0,
WY,Laramie,8,12,745.6,736.6,736.6,WND
WY,Lincoln,6,13,864.4,720.7,724.9,WAT
WY,Natrona,4,6,249.5,249.5,249.5,WAT
WY,Park,6,9,35.4,34.7,33.7,WAT
WY,Platte,3,7,1907.4,1744.4,1742.6,WAT
WY,Sheridan,1,2,15,10,12,NG
WY,Sweetwater,5,14,2500.5,2293.5,2293.5,BIT
WY,Teton,2,3,4.7,4.7,4.7,DFO
WY,Uinta,4,3,285,283.2,283.2,WND
WY,Weston,1,0,0,0,0,
